subset,split,smiles,label,class_name,curated_index
classifier,test,C#CC(=O)c1ccc(C(F)(F)F)cc1,0,achiral,16786
classifier,test,C#CC(C)(C)C#CC(C)(C)OC,0,achiral,13020
classifier,test,C#C[C@@H](CC)OC(=O)Nc1cccc2ccccc12,1,central,5337
classifier,test,C#Cc1ccc(C)cc1C#C[Si](C(C)C)(C(C)C)C(C)C,0,achiral,15634
classifier,test,C#Cc1ccccc1C#CC(=C)C,0,achiral,16446
classifier,test,C/C([S-])=C(\C(=S)c1ccccc1)C1=[N+](Cc2ccccc2)CCCN1C(C)C,2,axial,1136
classifier,test,C/N=C(\OC)c1c(C(C)C)cc(C(C)C)cc1C(C)C,0,achiral,8775
classifier,test,C1=C\c2ccccc2-c2ccccc2CC/1,2,axial,1073
classifier,test,C1CCN2C[C@@H]3C[C@@H](CN4CCCC[C@@H]34)[C@@H]2C1,2,axial,6263
classifier,test,C=C(C)Cc1cc(Cl)ccc1OC#N,0,achiral,9022
classifier,test,C=C(CC(=O)O)C(C)C,0,achiral,12630
classifier,test,C=C(CC)c1ccc(C(C)=O)cc1,0,achiral,8795
classifier,test,C=C(CNC(=O)OC(C)(C)C)C(=O)O,0,achiral,7147
classifier,test,C=C(OP(=O)([O-])[O-])[13C](=O)[O-],0,achiral,-1
classifier,test,C=C=CC(=C)C=C=C,0,achiral,11157
classifier,test,C=CC(=O)CCC#Cc1ccccc1C=O,0,achiral,11255
classifier,test,C=CC(C)(C)C(Br)(Br)C(=O)O,0,achiral,12063
classifier,test,C=CCOc1ccccc1OC[C@H](CN(C(=O)NC(C)(C)C)C(C)C)OC(=O)NC(C)(C)C,1,central,3018
classifier,test,C=CC[C@H](O)c1cc2ccccc2c2ccccc12,1,central,4553
classifier,test,C=COCCCCC(F)(F)C(F)(F)Br,0,achiral,9086
classifier,test,C=C[C@@H](C)OC(=O)Nc1ccccc1,1,central,4952
classifier,test,C=C[C@H](C)SC(=O)SC,1,central,2396
classifier,test,CC#CC(=O)OCC#CC#Cc1ccc(OC)cc1,0,achiral,11216
classifier,test,CC#CCOC(C)(C)C#CC#CC(C)(C)OCC#CC,0,achiral,13820
classifier,test,CC#CC[14CH2]O,0,achiral,13294
classifier,test,CC(=C=CCCO)C(C)(C)C,2,axial,1013
classifier,test,CC(=O)C(=[N+]=[N-])C(=O)N(C)c1ccc(C#N)c(C(F)(F)F)c1,0,achiral,13688
classifier,test,CC(=O)CC=C=C(c1ccccc1)C(C)(C)C,2,axial,1014
classifier,test,CC(=O)CCC(=O)c1ccc2ccccc2c1,0,achiral,14065
classifier,test,CC(=O)NC(C)(C)C#Cc1ccccc1,0,achiral,10027
classifier,test,CC(=O)N[C@@H](C(=O)OC(C)(C)C)C(C)C,1,central,1612
classifier,test,CC(=O)N[C@@H](C)C(=O)O,1,central,1495
classifier,test,CC(=O)N[C@H](C#N)c1ccccc1,1,central,5017
classifier,test,CC(=O)N[C@H](C)C1CCCCC1,1,central,1960
classifier,test,CC(=O)Nc1ccc(Br)c(C)c1,0,achiral,14622
classifier,test,CC(=O)Nc1ccc(CCCO)cc1,0,achiral,14739
classifier,test,CC(=O)Nc1ccc(OC[C@H](O)CNC(C)C)cc1,1,central,1194
classifier,test,CC(=O)OC[C@@H](CO)Cc1cccc2ccccc12,1,central,2576
classifier,test,CC(=O)OC[C@H](COC(=O)c1ccccc1)C(C)C,1,central,2579
classifier,test,CC(=O)O[C@H](CNC(C)C)COc1cccc2ccccc12,1,central,2684
classifier,test,CC(=O)Oc1cc[c]([Zn][Cl])cc1,0,achiral,8601
classifier,test,CC(=O)c1cc([N+](=O)[O-])ccc1O,0,achiral,10841
classifier,test,CC(=O)c1ccc(O)cc1F,0,achiral,16572
classifier,test,CC(C)(C)C(=O)N1CCOCCOc2ccc3ccccc3c2-c2c(ccc3ccccc23)OCCOCC1,2,axial,1090
classifier,test,CC(C)(C)CC(C)(C)C#N,0,achiral,15533
classifier,test,CC(C)(C)NN=Cc1ccccc1,0,achiral,13340
classifier,test,CC(C)(C)OC(=O)C#CC(=O)OC(C)(C)C,0,achiral,11394
classifier,test,CC(C)(C)OC(=O)Nc1ccc2cc(B(O)O)ccc2c1,0,achiral,8320
classifier,test,CC(C)(C)[Si](C)(C)OCCOCCCl,0,achiral,9216
classifier,test,CC(C)(C)c1cc(C=O)c(O)c([N+](=O)[O-])c1,0,achiral,14935
classifier,test,CC(C)(C)c1cc(P(c2cc(C(C)(C)C)cc(C(C)(C)C)c2)c2cccc3c2[C@@]2(CCc4cccc(C5=NCCO5)c42)CC3)cc(C(C)(C)C)c1,2,axial,6876
classifier,test,CC(C)(C)c1ccc(-c2cc3c(c4c2OP(=O)(O)Oc2c(-c5ccc(C(C)(C)C)cc5)cc5c(c2-4)CCCC5)CCCC3)cc1,2,axial,5914
classifier,test,CC(C)(C)c1ccc(C#N)c(O)c1,0,achiral,13434
classifier,test,CC(C)(CCC=O)N=[N+]=[N-],0,achiral,9390
classifier,test,CC(C)(CO)[C@@H](O)/C=C/c1ccccc1,1,central,2060
classifier,test,CC(C)(O)C#Cc1cc(Br)c(C#CC(C)(C)O)cc1Br,0,achiral,16717
classifier,test,CC(C)(O)[C@H]1CC=C(CCO)[C@H](O)C1,1,central,226
classifier,test,CC(C)C(=O)C#CCCl,0,achiral,16206
classifier,test,CC(C)C(=S)N(C)C,0,achiral,16393
classifier,test,CC(C)CC=N[Si](C)(C)C,0,achiral,15900
classifier,test,CC(C)C[C@@H](N)C(=O)NC(Cc1ccccc1)C(=O)O,1,central,122
classifier,test,CC(C)C[C@@H](NC(=O)OC(C)(C)C)C(=O)O,1,central,1715
classifier,test,CC(C)C[C@@H](NC(=O)[C@@H](N)Cc1ccc(O)cc1)C(=O)O,1,central,439
classifier,test,CC(C)C[C@H](C)OC(=O)Nc1cc([N+](=O)[O-])cc([N+](=O)[O-])c1,1,central,1635
classifier,test,CC(C)C[C@H](N)C(=O)N[C@H](Cc1ccc(O)cc1)C(=O)O,1,central,440
classifier,test,CC(C)C[C@H](NC(=O)Oc1ccccc1)C(=O)O,1,central,4017
classifier,test,CC(C)N(C(C)C)P1Oc2cccc3c2C2(CC3)CCc3cccc(c32)O1,2,axial,5833
classifier,test,CC(C)N(C(C)C)S(F)(F)F,0,achiral,15205
classifier,test,CC(C)OC(=O)[C@@H](C)O,1,central,3320
classifier,test,CC(C)OC(=O)[C@@H](CCCCN)NC(=O)c1cc([N+](=O)[O-])cc([N+](=O)[O-])c1,1,central,3482
classifier,test,CC(C)OC(=O)[C@H](C)NC(=O)c1ccc(Cl)cc1,1,central,2424
classifier,test,CC(C)S(=O)(=O)c1cccc(N)c1,0,achiral,14682
classifier,test,CC(C)[C@H](N)C(=O)O,1,central,1482
classifier,test,CC(C)[C@H](O)CC(=O)NC(C)(C)C,1,central,3959
classifier,test,CC(C)[C@H](O)CN(C)C(=O)Nc1cccc2ccccc12,1,central,2199
classifier,test,CC(C)[C@H](O)c1ccccc1,1,central,4702
classifier,test,CC(C)[S@](=O)c1ccc([N+](=O)[O-])cc1[N+](=O)[O-],1,central,4652
classifier,test,CC(C)[Si](C#Cc1ccc(C(=O)Cl)cc1)(C(C)C)C(C)C,0,achiral,9926
classifier,test,CC(C)c1ccccc1C#CBr,0,achiral,14441
classifier,test,CC(c1ccccc1)N(C(C)c1ccccc1)P1Oc2cccc3c2C2(CC3)CCc3cccc(c32)O1,2,axial,-1
classifier,test,CC/C=C\C/C=C\C/C=C\C/C=C\C/C=C\CC(=O)O[C@H](COC(=O)CCCCCCCCCCCCCCCCC)COC(=O)Nc1cc([N+](=O)[O-])cc([N+](=O)[O-])c1,1,central,3246
classifier,test,CC/C=C\C/C=C\C/C=C\CCCCCCCC(=O)OC[C@H](COC(=O)Nc1cc([N+](=O)[O-])cc([N+](=O)[O-])c1)OC(=O)CCCCCCC/C=C\C/C=C\CCCCC,1,central,3187
classifier,test,CC/C=C\C/C=C\C/C=C\CCCCCCCC(=O)OC[C@H](COC(=O)Nc1cc([N+](=O)[O-])cc([N+](=O)[O-])c1)OC(=O)CCCCCCCCCCCCCCCCC,1,central,3186
classifier,test,CC/C=C\C/C=C\C/C=C\CCCCCCCC(=O)O[C@H](COC(=O)CCCCCCCCCCCCCCC)COC(=O)Nc1cc([N+](=O)[O-])cc([N+](=O)[O-])c1,1,central,3192
classifier,test,CC1(C)O[C@H]2[C@H](O1)C(c1ccccc1)(c1ccccc1)OP(N1CCCCC1)OC2(c1ccccc1)c1ccccc1,2,axial,5846
classifier,test,CC1(C)O[C@H]2[C@H](O1)C(c1ccccc1)(c1ccccc1)OP(N1c3ccccc3C=Cc3ccccc31)OC2(c1ccccc1)c1ccccc1,2,axial,5848
classifier,test,CC1=C(Br)CCCC1,0,achiral,14900
classifier,test,CCC(=O)c1ccc(S(N)(=O)=O)cc1,0,achiral,7249
classifier,test,CCC(CC)Cc1ccc(O)c(O)c1,0,achiral,11564
classifier,test,CCC1=C(CC)/C2=C/c3c(CC)c(CC)c4[n]3[Zn][n]3/c(c(CC)c(CC)/c3=C(\c3c(O)ccc5ccccc35)C3=N/C(=C\4c4c(O)ccc5ccccc45)C(CC)=C3CC)=C\C1=N2,2,axial,1050
classifier,test,CCCC(=O)N[C@H](C)c1cccc2cc(C)c(C)cc12,1,central,3857
classifier,test,CCCC(=O)N[C@H](C)c1cccc2ccccc12,1,central,1410
classifier,test,CCCC(=O)O[C@H](CCl)COS(=O)(=O)c1ccc(C)cc1,1,central,2650
classifier,test,CCCC(C)(C)OCC#Cc1ccccc1,0,achiral,9523
classifier,test,CCCC(I)CCC,0,achiral,12395
classifier,test,CCCC/N=C/c1c(O)ccc2ccccc12,0,achiral,16843
classifier,test,CCCC/N=C/c1ccc(C)cc1,0,achiral,8553
classifier,test,CCCCC#CC(=O)CC,0,achiral,16013
classifier,test,CCCCC(C)=C=CCC(=O)OCC,2,axial,1020
classifier,test,CCCCC/C=C\C/C=C\C/C=C\C=C\[C@@H](O)CCCC(=O)OC,1,central,1582
classifier,test,CCCCC/C=C\C/C=C\C/C=C\C=C\[C@H](O)CCCC(=O)O,1,central,1575
classifier,test,CCCCC/C=C\C/C=C\CCCCCCCC(=O)O[C@H](COC(=O)CCCCCCCCCCCCCCC)COC(=O)Nc1cc([N+](=O)[O-])cc([N+](=O)[O-])c1,1,central,2473
classifier,test,CCCCC/C=C\C/C=C\C[C@H](O)/C=C/C=C\CCCC(=O)OC,1,central,1557
classifier,test,CCCCCC#Cc1ccc(C(F)(F)F)cc1,0,achiral,11729
classifier,test,CCCCCCC#Cc1cc(OC)c(OC)cc1C#CI,0,achiral,7746
classifier,test,CCCCCCC1=C(C)c2cc3[nH]c4cc5nc(cc6[nH]c(cc1n2)c(C)c6CCC(=O)NCc1cccc(c1)CNC(=O)CCc3c4C)C(C)=C5CCCCCC,2,axial,1000
classifier,test,CCCCCCCC/C=C\CCCCCCCC(=O)O[C@H](COC(=O)CCCCCCCCCCCCCCCCC)COC(=O)Nc1cc([N+](=O)[O-])cc([N+](=O)[O-])c1,1,central,3195
classifier,test,CCCCCCCCCCCCCCCCCC(=O)OC[C@H](COC(=O)Nc1cc([N+](=O)[O-])cc([N+](=O)[O-])c1)OC(=O)CCCCCCCCCCCCCCCCC,1,central,4029
classifier,test,CCCCCCCCCCCCCCCCCCNC(=O)[C@@H](CC(C)C)NC(=O)c1cc([N+](=O)[O-])cc([N+](=O)[O-])c1,1,central,2402
classifier,test,CCCCCCCCCCCCCCCCOC[C@@H](O)COCc1ccccc1,1,central,1928
classifier,test,CCCCCCCCCCCCCCCC[C@H](OC(=O)Nc1cc([N+](=O)[O-])cc([N+](=O)[O-])c1)C(=O)OC,1,central,4715
classifier,test,CCCCCCCCCCCCCCC[C@@H](NC(=O)c1cc([N+](=O)[O-])cc([N+](=O)[O-])c1)C(=O)OCC,1,central,3762
classifier,test,CCCCCCCCCCCCCC[C@](O)(CO)C(=O)OC,1,central,4911
classifier,test,CCCCCCCCCCCCOS(=O)(=O)O,0,achiral,15736
classifier,test,CCCCCCCCCCNC(=O)[C@H](C)c1cccc2ccccc12,1,central,4503
classifier,test,CCCCCCCCCC[C@@H](OC(=O)Nc1cc([N+](=O)[O-])cc([N+](=O)[O-])c1)C(=O)OC,1,central,3741
classifier,test,CCCCCCCCOC(=O)C[C@@H](CCCCCC)NC(=O)c1cc([N+](=O)[O-])cc([N+](=O)[O-])c1,1,central,3823
classifier,test,CCCCCCCCOC(=O)[C@@H](CCCCC)CNC(=O)c1cc([N+](=O)[O-])cc([N+](=O)[O-])c1,1,central,3570
classifier,test,CCCCCCCC[C@](C)(N)C(=O)O,1,central,2192
classifier,test,CCCCCCCNCl,0,achiral,9376
classifier,test,CCCCCCN(CCCCCC)C(=O)[C@@H](C)c1ccc2cc(OC)ccc2c1,1,central,1504
classifier,test,CCCCCCNC(=O)[C@H](C)c1cccc2ccccc12,1,central,4501
classifier,test,CCCCC[C@@](C)(N)C(=O)O,1,central,2195
classifier,test,CCCCC[C@H](/C=C/C=C\C/C=C\C/C=C\CCCC(=O)OC)OC(=O)c1cccc2ccccc12,1,central,3980
classifier,test,CCCCC[C@H](C)NC(=O)c1ccc(Cl)cc1,1,central,4521
classifier,test,CCCCC[C@H](O)/C=C/C=C\CCCCCCCC(=O)OC,1,central,1581
classifier,test,CCCCCc1cc(C)c(C(=O)O)cc1S(C)(=O)=O,0,achiral,8371
classifier,test,CCCCNC(=O)N[C@@H](c1cccc2ccccc12)C(C)C,1,central,3863
classifier,test,CCCCNC(=O)c1cc(Cl)cc(Cl)c1-c1c(C(=O)NCCCC)ccc2ccccc12,2,axial,1026
classifier,test,CCCCNC(=O)c1cc(Cl)cc(Cl)c1-c1c(C(=O)NCCCC)cccc1[N+](=O)[O-],2,axial,1025
classifier,test,CCCCNC(=O)c1cccc([N+](=O)[O-])c1-c1c(C(=O)NCCCC)ccc2ccccc12,2,axial,1115
classifier,test,CCCCN[SiH](C)c1ccccc1,0,achiral,16814
classifier,test,CCCCNc1cc(OC)c(O)cc1[N+](=O)[O-],0,achiral,12680
classifier,test,CCCCOC(=O)CC(CC(=O)OCCCC)NC(=O)c1cc([N+](=O)[O-])cc([N+](=O)[O-])c1,1,central,3759
classifier,test,CCCCOC(=O)[C@@H](C)NC(=O)c1cc([N+](=O)[O-])cc([N+](=O)[O-])c1,1,central,2401
classifier,test,CCCCOC(=O)[C@@H](C)Oc1cccc(Cl)c1,1,central,2114
classifier,test,CCCC[C@@H](C)NC(=O)c1ccc2ccccc2c1,1,central,4308
classifier,test,CCCC[C@@H](NC(=O)c1cc([N+](=O)[O-])cc([N+](=O)[O-])c1)C(=O)OCCC,1,central,2433
classifier,test,CCCC[C@@H](NC(=O)c1ccccc1)C(=O)O,1,central,2465
classifier,test,CCCC[C@@H](Nc1ccc2ccccc2c1)C(=O)OCC,1,central,3639
classifier,test,CCCC[C@H](CC)NC(=O)c1ccc2ccccc2c1,1,central,4543
classifier,test,CCCC[C@H](NC(=O)OCc1ccccc1)C(=O)O,1,central,1499
classifier,test,CCCC[N+]1(CCCC)Cc2c(-c3cc(-c4ccccc4)cc(-c4ccccc4)c3)cc3ccccc3c2-c2c(c(-c3cc(-c4ccccc4)cc(-c4ccccc4)c3)cc3ccccc23)C1.[Br-],2,axial,-1
classifier,test,CCCN(CCC)C(=O)[C@@H](CCC(=O)O)NC(=O)c1ccccc1,1,central,2752
classifier,test,CCCOP(=O)(OCCC)Oc1ccc([S@@](C)=O)cc1,1,central,1778
classifier,test,CCCS[S@@](C)=O,1,central,1337
classifier,test,CCCSc1cc(NN)ccc1C,0,achiral,14589
classifier,test,CCC[C@@H](C)COC(=O)Nc1ccccc1,1,central,4948
classifier,test,CCC[C@H](C)NC(=O)C(F)(F)F,1,central,5005
classifier,test,CCN(CC)P1Oc2cccc3c2C2(CC3)CCc3cccc(c32)O1,2,axial,5832
classifier,test,CCNC(=S)N(C[C@@H](O)COc1cccc2ccccc12)C(C)C,1,central,-1
classifier,test,CCNC[C@@H](O)COc1ccc(CCOC)cc1,1,central,5052
classifier,test,CCNS(=O)(=O)c1cccc([N+](=O)[O-])c1,0,achiral,8107
classifier,test,CCOC(=O)C#Cc1ccc2ccccc2c1,0,achiral,8465
classifier,test,CCOC(=O)C(C(=O)OCC)N(C)c1ccc(C#N)cc1,0,achiral,14235
classifier,test,CCOC(=O)C(C=C(F)F)=C(N(C)C)N(C)C,0,achiral,13220
classifier,test,CCOC(=O)C/C=C/C=C=C(C)C(C)(C)C,2,axial,1012
classifier,test,CCOC(=O)CC(C)=C=C(C)c1ccccc1,2,axial,1016
classifier,test,CCOC(=O)CC=C=C(C)C(C)(C)C,2,axial,1021
classifier,test,CCOC(=O)CC=C=C(C)C1(OC)CCCCC1,2,axial,1017
classifier,test,CCOC(=O)CC=C=C(C)C1=CCCCC1,2,axial,1018
classifier,test,CCOC(=O)CC=C=C(C)[Si](C)(C)C,2,axial,1019
classifier,test,CCOC(=O)CC=C=C(C)c1ccccc1,2,axial,1023
classifier,test,CCOC(=O)CC=C=C(c1ccccc1)C(C)(C)C,2,axial,1022
classifier,test,CCOC(=O)CNCCSC,0,achiral,13048
classifier,test,CCOC(=O)Nc1ccc(F)cc1F,0,achiral,8936
classifier,test,CCOC(=O)[C@@H](C)Nc1ccc2ccccc2c1,1,central,3642
classifier,test,CCOC(=O)[C@@H](NC(C)=O)C(C)C,1,central,1614
classifier,test,CCOC(=O)[C@](Br)(Sc1ccccc1)[N+](=O)[O-],1,central,5061
classifier,test,CCOC(=O)[C@](F)(SCC)[N+](=O)[O-],1,central,5059
classifier,test,CCOC(=O)c1cccc([Se]C)c1,0,achiral,9225
classifier,test,CCOP(=O)(OCC)[C@H](CC)NC(C)=O,1,central,2237
classifier,test,CCO[P@@](=O)(OC)c1ccccc1,1,central,4367
classifier,test,CCS(=O)(=O)CCBr,0,achiral,14858
classifier,test,CCSC(=O)CC=C=C(C)c1ccccc1,2,axial,1015
classifier,test,CCSC(=O)[C@H](C)[C@@H](OC(C)=O)c1ccccc1,1,central,189
classifier,test,CCSC(=O)[C@H](C)[C@H](CC(C)C)OC(C)=O,1,central,188
classifier,test,CC[C@@H](Br)C(=O)N(C)C1CCCCC1,1,central,2004
classifier,test,CC[C@@H](C)[C@@H](NC(=O)c1ccc([N+](=O)[O-])cc1)C(=O)OC(C)C,1,central,504
classifier,test,CC[C@@H](Oc1ccc(C)cc1)C(=O)OC,1,central,1816
classifier,test,CC[C@H](C)C(=O)Nc1ccccc1,1,central,3041
classifier,test,CC[C@H](CO)NC(=O)c1cc([N+](=O)[O-])cc([N+](=O)[O-])c1,1,central,2712
classifier,test,CC[C@H](O)[C@H](O)CCOC(=O)c1ccccc1,1,central,46
classifier,test,CC[C@](N)(C(=O)O)C(F)(F)F,1,central,1706
classifier,test,CCc1cccc(C(C)C)c1N=C=O,0,achiral,12636
classifier,test,CCc1ccccc1-n1c(C)csc1=O,2,axial,1036
classifier,test,CCc1csc(=O)n1-c1ccccc1C,2,axial,1039
classifier,test,CN(C)C(=NC(C)(C)C)N(C)C,0,achiral,11563
classifier,test,CN(C)C(=O)c1c(I)cc(I)c(N)c1I,2,axial,1153
classifier,test,CN(C)CCCSc1ccccc1Cl,0,achiral,12439
classifier,test,CN(C)P1OC(c2ccccc2)(c2ccccc2)[C@@H]2OC(C)(C)O[C@H]2C(c2ccccc2)(c2ccccc2)O1,2,axial,5839
classifier,test,CN(C)P1Oc2cccc3c2C2(CC3)CCc3cccc(c32)O1,2,axial,5831
classifier,test,CN(C)[C@@H]1CCCC[C@H]1N,1,central,6183
classifier,test,CN(C)[C@H]1CCCC[C@@H]1N(C)C,1,central,6208
classifier,test,CN(CCCCCN(C)P1(=O)N(C)c2ccc3ccccc3c2-c2c(ccc3ccccc23)N1C)P1(=O)N(C)c2ccc3ccccc3c2-c2c(ccc3ccccc23)N1C,2,axial,6142
classifier,test,CN=C=N[Si](C)(C)C,0,achiral,16549
classifier,test,CNC(=O)c1cc(Cl)c(C(=O)O)c(Cl)c1,0,achiral,11511
classifier,test,CN[C@H](CCC(=O)O)C(=O)O,1,central,2186
classifier,test,CNc1cccc2ccc(O)cc12,0,achiral,11041
classifier,test,CNc1ccccc1C(=O)C(=O)O,0,achiral,15178
classifier,test,COC(=O)C[C@@H](Cc1ccc(OC)c(OC)c1)C(=O)OC,1,central,3466
classifier,test,COC(=O)NCC[Si](C)(C)C,0,achiral,16787
classifier,test,COC(=O)[C@@H](C)NC(=O)[C@H](CC(C)C)NC(=O)c1cc([N+](=O)[O-])cc([N+](=O)[O-])c1,1,central,581
classifier,test,COC(=O)[C@@H](C)Oc1cccc(Cl)c1,1,central,2121
classifier,test,COC(=O)[C@@H](CC(C)C)NC(=O)Nc1ccccc1,1,central,3937
classifier,test,COC(=O)[C@@H](COC(C)=O)OC(=O)c1cc([N+](=O)[O-])cc([N+](=O)[O-])c1,1,central,4630
classifier,test,COC(=O)[C@@H](NC(=O)[C@@H](CC(C)C)NC(=O)c1cc([N+](=O)[O-])cc([N+](=O)[O-])c1)C(C)C,1,central,580
classifier,test,COC(=O)[C@@H](NC(=O)[C@H](NC(=O)c1cc([N+](=O)[O-])cc([N+](=O)[O-])c1)C(C)C)C(C)C,1,central,572
classifier,test,COC(=O)[C@@H]([NH3+])c1ccc(Cl)cc1,1,central,-1
classifier,test,COC(=O)[C]1[CH][CH][CH][CH][C]1c1ccccc1C(=O)OC.[C-]#[O+].[C-]#[O+].[C-]#[O+].[Cr],2,axial,-1
classifier,test,COC(=O)[C]1[CH][CH][CH][C]1C.[CH]1[CH][CH][CH][CH]1.[Fe],4,planar,-1
classifier,test,COC(=O)[C]1[CH][CH][C](C)[CH]1.[CH]1[CH][CH][CH][CH]1.[Fe],4,planar,-1
classifier,test,COC(=O)c1cc(C)c(F)cc1Br,0,achiral,10090
classifier,test,COC(=O)c1cccc(C)c1-c1c(C)cccc1C(=O)OC,2,axial,998
classifier,test,COC(=O)c1cccc(O[C@H](C)C(=O)OC)c1,1,central,2452
classifier,test,COC(CO)(CF)OC,0,achiral,8535
classifier,test,COCC(=O)N(c1c(C)ccc(Cl)c1C)[C@H]1CCOC1=O,2,axial,1155
classifier,test,COCCOCOCl,0,achiral,16683
classifier,test,COP1(=O)Oc2ccc3ccccc3c2-c2c(ccc3ccccc23)O1,2,axial,1088
classifier,test,CO[C@H](C)[C]1[CH][CH][CH][CH]1.[CH]1[CH][CH][CH][CH]1.[Fe],1,central,-1
classifier,test,CO[P@](=O)(OC=C(Cl)Cl)Oc1ccccc1,1,central,4183
classifier,test,COc1c(C(C)(C)C)cc(-c2cc3c(c4c2OP(=O)(O)Oc2c(-c5cc(C(C)(C)C)c(OC)c(C(C)(C)C)c5)cc5c(c2-4)CCCC5)CCCC3)cc1C(C)(C)C,2,axial,5919
classifier,test,COc1c(F)c(F)c(C)c(F)c1F,0,achiral,16972
classifier,test,COc1cc(O)c(-c2c(CO)ccc3ccccc23)c(OC)c1,2,axial,990
classifier,test,COc1cc(OC)c(-c2c(OC)cc(OC)cc2P(C2CCCCC2)C2CCCCC2)c(P(C2CCCCC2)C2CCCCC2)c1,2,axial,5797
classifier,test,COc1ccc(-c2cc3c(c4c2OP(=O)(NS(=O)(=O)C(F)(F)F)Oc2c(-c5ccc(OC)cc5)cc5c(c2-4)CCCC5)CCCC3)cc1,2,axial,6105
classifier,test,COc1ccc(-c2cc3c(c4c2OP(=O)(O)Oc2c(-c5ccc(OC)cc5)cc5c(c2-4)CCCC5)CCCC3)cc1,2,axial,5913
classifier,test,COc1ccc(C#C[Si](C)(C)C)c([N+](=O)[O-])c1,0,achiral,9335
classifier,test,COc1ccc(C2=C(c3ccccc3)CCCc3cccc(C)c32)cc1,3,helical,5515
classifier,test,COc1ccc(N(c2cc(C(F)(F)F)cc(C(F)(F)F)c2)c2cc(C(F)(F)F)cc(C(F)(F)F)c2)cc1,0,achiral,8626
classifier,test,COc1ccc(OC[C@@H](O)CCl)cc1,1,central,1181
classifier,test,COc1ccc(S(=O)(=O)Cl)cc1F,0,achiral,8026
classifier,test,COc1ccc([As](Br)Br)cc1,0,achiral,10869
classifier,test,COc1cccc(P(C(C)C)C(C)C)c1-c1c(OC)cccc1P(C(C)C)C(C)C,2,axial,6972
classifier,test,COc1cccc(P(C2CCCCC2)C2CCCCC2)c1-c1c(OC)cccc1P(C1CCCCC1)C1CCCCC1,2,axial,5789
classifier,test,COc1cccc([S@](C)=O)c1,1,central,5429
classifier,test,COc1ccccc1C#C[Si](C(C)C)(C(C)C)C(C)C,0,achiral,7229
classifier,test,COc1ccccc1OC[C@H](O)COC(N)=O,1,central,1209
classifier,test,CS(=O)(=O)N[C@@H]1CCCC[C@H]1NS(C)(=O)=O,1,central,6203
classifier,test,CS(=O)(=O)Nc1cccc(I)c1,0,achiral,11446
classifier,test,CS(=O)(=O)c1cc(Br)cc(C(F)(F)F)c1,0,achiral,8061
classifier,test,CSc1ccc(O)c(C#N)c1,0,achiral,15313
classifier,test,C[13C](=O)[13C](=O)O,0,achiral,12308
classifier,test,C[C@@H](Br)C(=O)N(C)c1ccccc1,1,central,2019
classifier,test,C[C@@H](Br)C(=O)NC1CCCCC1,1,central,2015
classifier,test,C[C@@H](CO)NC(=O)c1ccc2ccccc2c1,1,central,4548
classifier,test,C[C@@H](Cl)C(=O)N(C)c1ccccc1,1,central,2028
classifier,test,C[C@@H](N)[C@@H](O)c1ccc(O)cc1,1,central,127
classifier,test,C[C@@H](NC(=O)c1cc([N+](=O)[O-])cc([N+](=O)[O-])c1)C(C)(C)C,1,central,1572
classifier,test,C[C@@H](O)C(=O)O,1,central,1483
classifier,test,C[C@@H](Oc1ccc(F)cc1)C(=O)O,1,central,1847
classifier,test,C[C@@H](Oc1ccccc1)C(=O)O,1,central,2779
classifier,test,C[C@@H]1Oc2cccnc2-c2ncccc2O[C@H]1C,2,axial,6158
classifier,test,C[C@@](C#N)(C(=O)O)c1ccccc1,1,central,3723
classifier,test,C[C@@](N)(CC(=O)O)C(=O)O,1,central,2148
classifier,test,C[C@@](N)(CO)C(=O)O,1,central,2150
classifier,test,C[C@H](Br)C(=O)NCc1ccccc1,1,central,2018
classifier,test,C[C@H](Br)C(=O)Nc1cccc2ccccc12,1,central,2021
classifier,test,C[C@H](NC(=O)c1ccccc1)C(=O)O,1,central,1723
classifier,test,C[C@H](NC(=O)c1ccccc1)C(C)(C)C,1,central,4896
classifier,test,C[C@H](SCCO)[C]1[CH][CH][CH][CH]1.[CH]1[CH][CH][CH][CH]1.[Fe],1,central,-1
classifier,test,C[C@H](c1ccccc1)N([C@H](C)c1ccccc1)p1oc2c(-c3ccccc3)cc3c(c2c2c4c(cc(-c5ccccc5)c2o1)CCCC4)CCCC3,2,axial,5830
classifier,test,C[C@H]1Oc2cccnc2-c2ncccc2O[C@@H]1C,2,axial,6159
classifier,test,C[C]([Lu])([CH2][Lu])C(=O)OC(c1ccccc1)(c1ccccc1)c1ccccn1,3,helical,5520
classifier,test,C[C]1[CH][CH][CH][C]1C=O.[CH]1[CH][CH][CH][CH]1.[Fe],4,planar,-1
classifier,test,C[C]1[CH][CH][CH][C]1CO.[CH]1[CH][CH][CH][CH]1.[Fe],4,planar,-1
classifier,test,C[C]1[CH][CH][C](C=O)[CH]1.[CH]1[CH][CH][CH][CH]1.[Fe],4,planar,-1
classifier,test,C[C]1[CH][CH][C](CO)[CH]1.[CH]1[CH][CH][CH][CH]1.[Fe],4,planar,-1
classifier,test,C[Si](C)(C#CC(F)(F)F)c1ccccc1,0,achiral,15818
classifier,test,C[Si](C)(C)C(C#Cc1cccc2ccccc12)=NN,0,achiral,16803
classifier,test,C[Si](C)(C)CCC(F)(F)F,0,achiral,16413
classifier,test,C[Si](C)(C)[Se][Si](C)(C)C,0,achiral,12315
classifier,test,C[Si](C)(C)c1c(F)cc(Br)cc1F,0,achiral,13888
classifier,test,C[Si](C)(C)c1cc(C(=O)O)ccc1F,0,achiral,11388
classifier,test,Cc1cc(C(C)(C)C)c(O)c(-c2c(C)c(C)cc(C(C)(C)C)c2O)c1C,2,axial,6305
classifier,test,Cc1cc(C)c(-c2c(CO)ccc3ccccc23)c(O)c1,2,axial,989
classifier,test,Cc1cc(C)c(-c2cc3c(c4c2OP(=O)(O)Oc2c(-c5c(C)cc(C)cc5C)cc5c(c2-4)CCCC5)CCCC3)c(C)c1,2,axial,5916
classifier,test,Cc1cc(C)c(C(=S)N(C)C)c(C)c1C,2,axial,1152
classifier,test,Cc1cc(C)c(P(C)(=O)O)c(C)c1,0,achiral,14061
classifier,test,Cc1cc(C)cc(-c2cc3c(c4c2OP(=O)(NS(=O)(=O)C(F)(F)F)Oc2c(-c5cc(C)cc(C)c5)cc5c(c2-4)CCCC5)CCCC3)c1,2,axial,6100
classifier,test,Cc1cc(C)cc(-c2cc3c(c4c2OP(=O)(O)Oc2c(-c5cc(C)cc(C)c5)cc5c(c2-4)CCCC5)CCCC3)c1,2,axial,5915
classifier,test,Cc1cc(C)cc(C2(c3cc(C)cc(C)c3)OP(N(C)C)OC(c3cc(C)cc(C)c3)(c3cc(C)cc(C)c3)[C@@H]3OC(C)(C)O[C@H]32)c1,2,axial,5841
classifier,test,Cc1cc2ccccc2c2c1OP(=O)(NS(=O)(=O)C(F)(F)F)Oc1c(C)cc3ccccc3c1-2,2,axial,6110
classifier,test,Cc1cc2cccccc-2c1-c1c(C)cc2cccccc1-2,2,axial,1084
classifier,test,Cc1ccc(C)c2c1C#Cc1c(C)ccc(C)c1CC2,4,planar,5625
classifier,test,Cc1ccc(C)c2c1ccc1c(CC(=O)O)ccc(C)c12,3,helical,5530
classifier,test,Cc1ccc(OCCBr)cc1,0,achiral,15289
classifier,test,Cc1ccc([C@@H](O)C(F)(F)F)cc1,1,central,4699
classifier,test,Cc1ccc2c(C(=O)C(C)(C)C)c(C)ccc2c1C(=O)C(C)(C)C,2,axial,986
classifier,test,Cc1ccc2ccccc2c1C(=O)C(C)(C)C,2,axial,987
classifier,test,Cc1cccc(-n2c(C)c(C)sc2=O)c1C,2,axial,1044
classifier,test,Cc1cccc(-n2c(C)csc2=O)c1C,2,axial,1045
classifier,test,Cc1cccc(C(OC(=O)[C](C)([Lu])[CH2][Lu])(c2ccccc2)c2ccccc2)n1,3,helical,5521
classifier,test,Cc1cccc(CBr)c1-c1c(C)cccc1CBr,2,axial,1130
classifier,test,Cc1cccc(I)c1,0,achiral,8955
classifier,test,Cc1cccc(O)c1-c1c(C)cccc1O,2,axial,1024
classifier,test,Cc1cccc(OC[C@@H](O)CCl)c1,1,central,1185
classifier,test,Cc1cccc2c1C(c1ccc(OCCN(C)C)cc1)=C(c1ccccc1)CCC2,3,helical,5514
classifier,test,Cc1ccccc1-n1c(C(C)(C)C)csc1=O,2,axial,1034
classifier,test,Cc1ccccc1-n1c(C(C)C)csc1=O,2,axial,1040
classifier,test,Cc1ccccc1-n1c(C)c(C)sc1=O,2,axial,1047
classifier,test,Cc1ccccc1-n1c(C)csc1=O,2,axial,1035
classifier,test,Cc1ccccc1[C@@](O)(c1ccccc1)c1ccccn1,1,central,4387
classifier,test,Cc1csc(=O)n1-c1ccccc1C(C)(C)C,2,axial,1038
classifier,test,Cc1csc(=O)n1-c1ccccc1C(C)C,2,axial,1037
classifier,test,ClCC#Cc1ccc(Br)cc1,0,achiral,11894
classifier,test,Clc1c(Cl)c(Cl)c(N(c2c(Cl)c(Cl)c(Cl)c(Cl)c2Cl)c2c(Cl)c(Cl)c(Cl)c(Cl)c2Cl)c(Cl)c1Cl,3,helical,5519
classifier,test,Clc1cc(Cl)c(-c2c(Cl)cc(Cl)c(Cl)c2Cl)c(Cl)c1Cl,2,axial,1083
classifier,test,Clc1ccc(-c2c(Cl)cc(Cl)c(Cl)c2Cl)c(Cl)c1,2,axial,1143
classifier,test,Clc1ccc(Cl)c(-c2c(Cl)cc(Cl)c(Cl)c2Cl)c1,2,axial,1142
classifier,test,Clc1cccc(-c2c(Cl)cc(Cl)c(Cl)c2Cl)c1Cl,2,axial,1141
classifier,test,Clc1ccccc1-c1c(Cl)cc(Cl)c(Cl)c1Cl,2,axial,1144
classifier,test,FC(F)(F)c1cc(NC(=S)Nc2ccc3ccccc3c2-c2c(NC(=S)Nc3cc(C(F)(F)F)cc(C(F)(F)F)c3)ccc3ccccc23)cc(C(F)(F)F)c1,2,axial,-1
classifier,test,FC(F)=C(I)c1cccc(Cl)c1,0,achiral,12722
classifier,test,Fc1c(F)c(F)c(N(Cl)Cl)c(F)c1F,0,achiral,12073
classifier,test,Fc1cccc([CH2][Zn][Br])c1,0,achiral,15272
classifier,test,I[I-]c1cccc(I)c1,0,achiral,-1
classifier,test,N#CC(C#N)Cc1ccc(Br)cc1F,0,achiral,16080
classifier,test,N#CCC(=O)Nc1ccc(Cl)cc1,0,achiral,16399
classifier,test,N#CCCNCCCCCNCCC#N,0,achiral,13130
classifier,test,N#CCOCC#CCO,0,achiral,7942
classifier,test,N#Cc1cc(C(Cl)(Cl)Cl)cc(C(Cl)(Cl)Cl)c1,0,achiral,8657
classifier,test,N#Cc1cc(Cl)c(N)c(Cl)c1,0,achiral,7033
classifier,test,NC(=O)N/N=C/[C]1[CH][CH][CH][C]1CO.[CH]1[CH][CH][CH][CH]1.[Fe],4,planar,-1
classifier,test,NC(=O)NC(=O)NCCCCCCO,0,achiral,15090
classifier,test,NC(=O)c1cc(F)ccc1C#CCCCO,0,achiral,8755
classifier,test,NCC(=O)NCCCl,0,achiral,15164
classifier,test,NCC(=O)N[C@H](CC(N)=O)C(=O)O,1,central,2138
classifier,test,NCC(=O)c1ccc(Cl)c(Cl)c1,0,achiral,8086
classifier,test,NCC(F)(F)C(F)(F)Br,0,achiral,9938
classifier,test,NC[C@H](O)c1cccc(O)c1,1,central,2267
classifier,test,NCc1c(F)cccc1I,0,achiral,16947
classifier,test,NCc1cc(Cl)c(N)c(I)c1,0,achiral,15651
classifier,test,NNc1cc(Cl)ccc1[N+](=O)[O-],0,achiral,7173
classifier,test,N[C@@H]1CCCC[C@H]1N,1,central,6202
classifier,test,N[C@@H]1CCCC[C@H]1O,1,central,6190
classifier,test,N[C@H](Cc1cc(O)c(O)cc1F)C(=O)O,1,central,2275
classifier,test,N[C@H](Cc1ccc(O)c(O)c1)C(=O)O,1,central,2147
classifier,test,N[C@](CC(=O)O)(C(=O)O)C(F)(F)F,1,central,1700
classifier,test,Nc1c(C(=O)[O-])cccc1[N+](=O)[O-],0,achiral,-1
classifier,test,Nc1c(F)cc(C(F)(F)F)cc1F,0,achiral,14159
classifier,test,Nc1c(O)cccc1F,0,achiral,16157
classifier,test,Nc1cc(CC(=O)O)cc(C(=O)O)c1,0,achiral,15573
classifier,test,Nc1cc(F)c(F)c(C(=O)O)c1,0,achiral,12607
classifier,test,Nc1cccc(CS(N)(=O)=O)c1,0,achiral,7386
classifier,test,O=C(Cl)c1ccc(I)cc1O,0,achiral,14426
classifier,test,O=C(Cl)c1cccc(F)c1,0,achiral,10519
classifier,test,O=C(O)[C@@H]1C[C@@H]2CCCC[C@@H]2N1,2,axial,-1
classifier,test,O=C(O)[C@H](O)CO,1,central,1488
classifier,test,O=C(O)[C@H](O)[C@@H](O)C(=O)O,1,central,2242
classifier,test,O=C(O)c1cc(Br)c(I)cc1C(=O)O,0,achiral,10518
classifier,test,O=C[C]1[CH][CH][CH][C]1CO.[CH]1[CH][CH][CH][CH]1.[Fe],4,planar,-1
classifier,test,O=P1(NS(=O)(=O)C(F)(F)F)Oc2c(-c3cc(C(F)(F)F)cc(C(F)(F)F)c3)cc3c(c2-c2c4c(cc(-c5cc(C(F)(F)F)cc(C(F)(F)F)c5)c2O1)CCCC4)CCCC3,2,axial,6116
classifier,test,O=P1(NS(=O)(=O)C(F)(F)F)Oc2c(-c3ccc(-c4ccccc4)cc3)cc3c(c2-c2c4c(cc(-c5ccc(-c6ccccc6)cc5)c2O1)CCCC4)CCCC3,2,axial,6104
classifier,test,O=P1(NS(=O)(=O)C(F)(F)F)Oc2c(-c3ccc(C(F)(F)F)cc3)cc3c(c2-c2c4c(cc(-c5ccc(C(F)(F)F)cc5)c2O1)CCCC4)CCCC3,2,axial,6098
classifier,test,O=P1(NS(=O)(=O)C(F)(F)F)Oc2c(-c3ccccc3)cc3c(c2-c2c4c(cc(-c5ccccc5)c2O1)CCCC4)CCCC3,2,axial,6117
classifier,test,O=P1(O)Oc2c(-c3cc(C(F)(F)F)cc(C(F)(F)F)c3)cc3c(c2-c2c4c(cc(-c5cc(C(F)(F)F)cc(C(F)(F)F)c5)c2O1)CCCC4)CCCC3,2,axial,-1
classifier,test,O=P1(O)Oc2c(-c3ccc(-c4ccccc4)cc3)cc3c(c2-c2c4c(cc(-c5ccc(-c6ccccc6)cc5)c2O1)CCCC4)CCCC3,2,axial,5922
classifier,test,O=P1(O)Oc2c(-c3ccc(C(F)(F)F)cc3)cc3c(c2-c2c4c(cc(-c5ccc(C(F)(F)F)cc5)c2O1)CCCC4)CCCC3,2,axial,5917
classifier,test,O=P1(O)Oc2c(-c3ccccc3)cc3c(c2-c2c4c(cc(-c5ccccc5)c2O1)CCCC4)CCCC3,2,axial,5911
classifier,test,O=P1(O)Oc2c(Br)cc3ccccc3c2-c2c(c(Br)cc3ccccc23)O1,2,axial,5882
classifier,test,O=P1(O)Oc2c(I)cc3ccccc3c2-c2c(c(I)cc3ccccc23)O1,2,axial,5926
classifier,test,O=P1(O)Oc2ccc3ccccc3c2-c2c(ccc3ccccc23)O1,2,axial,1033
classifier,test,O=S(=O)(O)c1cc(O)c(O)c(S(=O)(=O)O)c1,0,achiral,13720
classifier,test,O=S(=O)([O-])CC1CCCCC1,0,achiral,-1
classifier,test,O=[N+]([O-])CC(=C(Cl)Cl)c1ccccc1,0,achiral,11125
classifier,test,O=[N+]([O-])c1ccc(-c2cc3c(c4c2OP(=O)(NS(=O)(=O)C(F)(F)F)Oc2c(-c5ccc([N+](=O)[O-])cc5)cc5c(c2-4)CCCC5)CCCC3)cc1,2,axial,6096
classifier,test,O=[N+]([O-])c1ccc(-c2cc3c(c4c2OP(=O)(O)Oc2c(-c5ccc([N+](=O)[O-])cc5)cc5c(c2-4)CCCC5)CCCC3)cc1,2,axial,5912
classifier,test,O=[N+]([O-])c1cccc(CNCCO)c1Cl,0,achiral,10819
classifier,test,O=[N+]([O-])c1ccccc1C#CCl,0,achiral,16959
classifier,test,OCCC#CC#CCCO,0,achiral,15420
classifier,test,OCc1scc2c1-c1cccc(c1)CCc1cccc-2c1,4,planar,5613
classifier,test,OP1(=S)Oc2ccc3ccccc3c2-c2c(ccc3ccccc23)O1,2,axial,-1
classifier,test,O[C@@H](CCc1ccccc1)C(Cl)(Cl)Cl,1,central,1914
classifier,test,O[C@H](c1ccccc1)C(F)(F)F,1,central,2178
classifier,test,Oc1c(-c2cc3ccccc3c3ccccc23)cc2c(c1-c1c(O)c(-c3cc4ccccc4c4ccccc34)cc3c1CCCC3)CCCC2,2,axial,6296
classifier,test,Oc1c(-c2ccc3ccccc3c2)cc2c(c1-c1c(O)c(-c3ccc4ccccc4c3)cc3c1CCCC3)CCCC2,2,axial,6324
classifier,test,Oc1c(-c2cccc3ccccc23)cc2c(c1-c1c(O)c(-c3cccc4ccccc34)cc3c1CCCC3)CCCC2,2,axial,6325
classifier,test,Oc1c([Si](c2ccccc2)(c2ccccc2)c2ccccc2)cc2ccccc2c1-c1c(O)c([Si](c2ccccc2)(c2ccccc2)c2ccccc2)cc2ccccc12,2,axial,6336
classifier,test,Oc1cccc2c1-c1c(O)cccc1N=C(c1ccccc1)C(c1ccccc1)=N2,2,axial,-1
classifier,test,Oc1ccccc1C1=N[C@@H]2c3ccccc3C[C@@H]2O1,2,axial,6890
classifier,test,S=C=NCCc1ccccc1,0,achiral,8369
classifier,test,[18F]C([18F])([18F])SCCc1ccccc1,0,achiral,12129
classifier,test,[18F]c1ccc(CI)cc1,0,achiral,12931
classifier,test,[C-]#[N+]CCCCCCCC(=O)[O-],0,achiral,-1
classifier,test,[C-]#[N+]c1ccc([N+](=O)[O-])cc1C,0,achiral,15104
classifier,test,[Li][O]C=O,0,achiral,11407
classifier,test,[Li][c]1ccc(OC(F)(F)F)cc1,0,achiral,11254
classifier,test,[N-]=[N+]=CC(=O)C1=CCCCC1,0,achiral,8520
classifier,test,[N-]=[N+]=NS(=O)(=O)N(C=O)c1ccccc1,0,achiral,13588
classifier,test,[O]=[V](=[O])[OH],0,achiral,8362
classifier,test,[Se]=C([Se-])c1ccccc1,0,achiral,-1
classifier,test,c1cc2c(ccc3sc4ccc5sc6ccc7sc8ccc9sc%10ccc%11sc%12ccc%13sc%14ccc%15sccc%15c%14c%13c%12c%11c%10c9c8c7c6c5c4c32)s1,3,helical,5510
classifier,test,c1cc2c(ccc3sc4ccc5sc6ccc7sc8ccc9sc%10ccc%11sccc%11c%10c9c8c7c6c5c4c32)s1,3,helical,5512
classifier,test,c1cc2cc(c1)-c1cscc1-c1cccc(c1)CC2,4,planar,5629
classifier,test,c1cc2cc(c1)CSc1cc(cc3ccccc13)SC2,4,planar,5633
classifier,test,c1ccc(-c2cccc(C3=N[C@@H]4c5ccccc5C[C@@H]4O3)n2)nc1,2,axial,6539
classifier,test,c1ccc(P(c2ccccc2)c2cccc3c2-c2c(cccc2P(c2ccccc2)c2ccccc2)OCCCCCCO3)cc1,2,axial,5788
classifier,test,c1ccc([C@H]2CC[C@H](c3ccccc3)N2p2oc3ccc4ccccc4c3c3c(ccc4ccccc43)o2)cc1,2,axial,5816
classifier,test,c1ccc2c(c1)CC(C1=N[C@@H]3c4ccccc4C[C@@H]3O1)(C1=N[C@@H]3c4ccccc4C[C@@H]3O1)C2,2,axial,6772
classifier,test,c1ccc2c(c1)C[C@@H]1OC(c3ccc4ccccc4n3)=N[C@H]21,2,axial,6478
classifier,test,c1ccc2c(c1)C[C@H]1OC(c3ccc4cccnc4n3)=N[C@@H]21,2,axial,6526
classifier,test,c1ccc2c3c(ccc2c1)OCCOCCNCCOCCOc1ccc2ccccc2c1-3,2,axial,1089
classifier,train,BrCCCCCCC(CCCCCCBr)(C1=N[C@@H]2c3ccccc3C[C@@H]2O1)C1=N[C@@H]2c3ccccc3C[C@@H]2O1,2,axial,6864
classifier,train,Brc1cc(Br)c2c(ccc3cc(OCc4ccccc4)cc(OCc4ccccc4)c32)c1OCc1ccccc1,3,helical,5529
classifier,train,Brc1ccc(C2=N[C@@H]3c4ccccc4C[C@@H]3O2)nc1,2,axial,6415
classifier,train,Brc1ccc(C2=N[C@H]3c4ccccc4C[C@H]3O2)nc1,2,axial,6416
classifier,train,Brc1ccc(OCc2cccnc2)nc1,0,achiral,9817
classifier,train,Brc1ccc2ccccc2c1-c1c(Br)ccc2ccccc12,2,axial,1102
classifier,train,C#CCN1CC=C(c2ccccc2)CC1,0,achiral,16714
classifier,train,C#CCOCC#CC1(O)CC1,0,achiral,13741
classifier,train,C#Cc1ccc(N2C(N)=NC(N)=NC2(C)C)cc1,0,achiral,13838
classifier,train,C(=C([C]1[CH][CH][CH][CH]1)c1ccccc1)=C([C]1[CH][CH][CH][CH]1)c1ccccc1.[CH]1[CH][CH][CH][CH]1.[CH]1[CH][CH][CH][CH]1.[Fe].[Fe],2,axial,-1
classifier,train,C(=N\CCc1c[nH]c2ccccc12)/C1CCCCC1,0,achiral,16390
classifier,train,C/C(=N\C[C@H](O)c1ccccc1)c1ccc(O)cc1O,1,central,1661
classifier,train,C/C(=N\C[C@H](O)c1ccccc1)c1ccccc1O,1,central,1657
classifier,train,C/C([O-])=C(\C(=O)c1ccccc1)C1=[N+](Cc2ccccc2)CCCN1C(C)C,2,axial,1134
classifier,train,C/C([S-])=C(\C(=O)c1ccccc1)C1=[N+](Cc2ccccc2)CCCN1C(C)C,2,axial,1137
classifier,train,C1=C(c2cccs2)c2cc3c4c(cccc4c2CC1)CC3,0,achiral,11672
classifier,train,C1=CC=C2CC(=C1)C=CC=C2C1=CC=CC2=CC=CC=C1C2,4,planar,5583
classifier,train,C1=CC=[NH+][NH2+]C=C1,0,achiral,-1
classifier,train,C1=C\c2ccccc2-c2ccccc2\C=C/1,2,axial,1072
classifier,train,C1=Cc2cccc3c2-c2c(cccc2C1)C=CC3,2,axial,996
classifier,train,C1=Cc2ccccc2N(P2Oc3cccc4c3C3(CC4)CCc4cccc(c43)O2)c2ccccc21,2,axial,5835
classifier,train,C1=Cc2ccccc2N(p2oc3ccc4ccccc4c3c3c(ccc4ccccc43)o2)c2ccccc21,2,axial,5818
classifier,train,C1CCN2C[C@@H]3C[C@@H](CN4CCCC[C@@H]34)[C@H]2C1,2,axial,6290
classifier,train,C1CN[C@@H](c2nn[nH]n2)C1,1,central,-1
classifier,train,C1CO1,0,achiral,12099
classifier,train,C=C(CC(Cl)(Cl)Cl)c1cc(Cl)nc(OC)c1,0,achiral,13857
classifier,train,C=C(c1ccc(C)cc1)n1ccc2cc(F)ccc21,0,achiral,9932
classifier,train,C=C(c1ccc(NC(=O)OC(C)(C)C)cc1)c1cc(C)cc(C)c1,0,achiral,12972
classifier,train,C=C1CN(C2CCCCC2)Cc2ccccc21,0,achiral,14684
classifier,train,C=C1c2c(Cl)cccc2C(=O)N1c1ccc(C)cc1,0,achiral,9435
classifier,train,C=C=CCN1CCOCC1,0,achiral,9780
classifier,train,C=CCC1=C(C)[C@@H](O)CC1=O,1,central,2311
classifier,train,C=CCN1N=C(c2ccc3c(c2)N(S(C)(=O)=O)CCO3)CCC1=O,0,achiral,16560
classifier,train,C=CCOc1cc2c(cc1OC)Cc1cc(OCC=C)c(OC)cc1Cc1cc(OCC=C)c(OC)cc1C2,3,helical,5538
classifier,train,C=CCOc1ccc2ccc(O)c(-c3c(O)ccc4ccc(OCC=C)cc34)c2c1,2,axial,1109
classifier,train,C=CCOc1ccc2ccccc2c1-c1c(O)ccc2ccccc12,2,axial,1112
classifier,train,C=CCOc1cccc2c(=O)cc(N3CCOCC3)oc12,0,achiral,12876
classifier,train,C=CCOc1ccccc1OC[C@H](O)CN(C(=O)Nc1cccc2ccccc12)C(C)C,1,central,5196
classifier,train,C=CC[C@H](O)c1ccc2c(c1)OCCO2,1,central,4552
classifier,train,C=C[C@@H]1CN2CC[C@H]1C[C@H]2[C@@H](Nc1c(N[C@@H](c2ccnc3ccccc23)[C@@H]2C[C@@H]3CCN2C[C@H]3C=C)c(=O)c1=O)c1ccnc2ccccc12,1,central,6072
classifier,train,C=C[C@H]1CN2CC[C@H]1C[C@H]2[C@@H](NC(=S)Nc1cc(C(F)(F)F)cc(C(F)(F)F)c1)c1ccnc2ccc(OC)cc12,1,central,6089
classifier,train,C=C[C@H]1CN2CC[C@H]1C[C@H]2[C@H](O)c1ccnc2ccc(O)cc12,1,central,6017
classifier,train,C=Cc1ccc(CCCCc2ccc(C=C)cc2)cc1,0,achiral,10974
classifier,train,C=c1c2cccc3cccc(c32)n1CCCC,0,achiral,16901
classifier,train,CC(/C=C/C=C(C)/C=C/[C@]12O[C@@]1(C)CCCC2(C)C)=C\C=O,1,central,14
classifier,train,CC(=C/C(=O)O)/C=C/[C@@]1(O)[C@]2(C)CO[C@@]1(C)C[C@@H](O)C2,1,central,975
classifier,train,CC(=C1CC1)c1cccc(Br)c1,0,achiral,12168
classifier,train,CC(=O)/C(C1=[N+](Cc2ccccc2)CCCN1C(C)C)=C(\C)[S-],2,axial,1138
classifier,train,CC(=O)N1CCc2cc(C(=O)NO)ccc2C1,0,achiral,9713
classifier,train,CC(=O)OCCn1c(C)nc2c(Oc3ccccc3)nc(C)c(C)c21,0,achiral,13356
classifier,train,CC(=O)OC[C@@H](C(=O)Nc1cc([N+](=O)[O-])cc([N+](=O)[O-])c1)c1ccccc1,1,central,3401
classifier,train,CC(=O)OC[C]1[CH][CH][CH][CH][C]1CO.[C-]#[O+].[C-]#[O+].[C-]#[O+].[Cr],4,planar,-1
classifier,train,CC(=O)OCc1ccc(OC(C)=O)c(=O)o1,0,achiral,15343
classifier,train,CC(=O)O[C@@H](C)[C@@H]1CC(c2ccccc2)=NO1,1,central,590
classifier,train,CC(=O)O[C@@H]1c2c(ccc3ccccc23)C[C@]12Cc1ccc3ccccc3c1[C@@H]2OC(C)=O,1,central,933
classifier,train,CC(=O)O[C@@H]1c2ccccc2CCC1(C)C,1,central,3604
classifier,train,CC(=O)Oc1ccc(C(=O)NOCc2ccccc2)cc1,0,achiral,10431
classifier,train,CC(=O)c1c2c(cc3c1[C@@H]([C@@H]1c4c(cc5c(c4C(C)=O)OCO5)CCN1C)N(C)CC3)OCO2,1,central,816
classifier,train,CC(=O)c1cc(C)no1,0,achiral,7198
classifier,train,CC(=O)c1cc2cc(O)c(Cl)c(Cl)c2s1,0,achiral,10681
classifier,train,CC(=O)c1ccc(N2C(=O)N=NC2=O)cc1,0,achiral,14209
classifier,train,CC(=O)c1ccc2cccnc2c1[N+](=O)[O-],0,achiral,11590
classifier,train,CC(=O)c1cccc2nc(C)c(Cl)nc12,0,achiral,8683
classifier,train,CC(=O)c1ccccc1C#Cc1cccc(C)c1,0,achiral,16575
classifier,train,CC(C)(C)C(=O)Oc1ccc2ccccc2c1-c1c(O)ccc2ccccc12,2,axial,1105
classifier,train,CC(C)(C)N1CC(=O)Nc2ccc(C#Cc3ccccc3)cc2C1=O,0,achiral,8193
classifier,train,CC(C)(C)N1CCN(C(C)(C)C)c2nonc21,0,achiral,10176
classifier,train,CC(C)(C)NCC(O)COc1cccc2c1CC(O)C(O)C2,1,central,842
classifier,train,CC(C)(C)NC[C@@H](O)COc1cccc2c1C[C@@H](O)[C@@H](O)C2,1,central,941
classifier,train,CC(C)(C)OC(=O)NC1(C2CNC2)CC1,0,achiral,16759
classifier,train,CC(C)(C)OC(=O)NCc1cccc(CNCc2ccc(Oc3ccc(F)cc3)cc2)c1,0,achiral,14869
classifier,train,CC(C)(C)OC(=O)Nc1cc(CBr)ccn1,0,achiral,9587
classifier,train,CC(C)(C)[C@@H]1COC(C(Cc2ccccc2)(Cc2ccccc2)C2=N[C@H](C(C)(C)C)CO2)=N1,1,central,6724
classifier,train,CC(C)(C)[C@@H]1COC(c2ccc(F)cn2)=N1,1,central,6426
classifier,train,CC(C)(C)[C@@H]1N=C(c2ccccc2P(c2ccccc2)c2ccccc2)OC1(c1ccccc1)c1ccccc1,1,central,6576
classifier,train,CC(C)(C)[C@H](OC(=O)c1cc([N+](=O)[O-])cc([N+](=O)[O-])c1)c1ccccc1,1,central,3810
classifier,train,CC(C)(C)[C@H]1COC(c2ccc3ccccc3n2)=N1,1,central,6473
classifier,train,CC(C)(C)[P@@]1c2c(cccc2-c2ccccc2)O[C@H]1[C@@H]1Oc2cccc(-c3ccccc3)c2[P@]1C(C)(C)C,1,central,-1
classifier,train,CC(C)(C)[P@]1COc2cccc(-c3c(Oc4ccccc4)cccc3Oc3ccccc3)c21,1,central,-1
classifier,train,CC(C)(C)[P@]1c2ccccc2O[C@@H]1[C@@H]1Oc2ccccc2[P@]1C(C)(C)C,1,central,-1
classifier,train,CC(C)(C)[Si](C)(C)OCCc1cc2cc(CC(=O)[O-])ccc2[nH]1,0,achiral,-1
classifier,train,CC(C)(C)[Si](C)(C)O[C@H]1C=CC(=O)C1,1,central,5265
classifier,train,CC(C)(C)[Si](C)(C)Oc1ccc(Nc2ccccc2)cc1,0,achiral,8834
classifier,train,CC(C)(C)c1cc(-c2cc3ccccc3c3c2C[N+]2(Cc4ccc5ccccc5c4-c4c(ccc5ccccc45)C2)Cc2c(-c4cc(C(C)(C)C)cc(C(C)(C)C)c4)cc4ccccc4c2-3)cc(C(C)(C)C)c1.[Br-],2,axial,-1
classifier,train,CC(C)(C)c1cc(-c2cc3ccccc3c3c2OP(=O)(O)Oc2c(-c4cc(C(C)(C)C)cc(C(C)(C)C)c4)cc4ccccc4c2-3)cc(C(C)(C)C)c1,2,axial,5892
classifier,train,CC(C)(C)c1cc(C(C)(C)C)c(P=C=Cc2ccccc2)c(C(C)(C)C)c1,2,axial,1065
classifier,train,CC(C)(C)c1cc(P(c2cc(C(C)(C)C)cc(C(C)(C)C)c2)c2cccc3c2[C@@]2(CCc4cccc(C5=N[C@@H](Cc6ccccc6)CO5)c42)CC3)cc(C(C)(C)C)c1,2,axial,6875
classifier,train,CC(C)(C)c1cc2c(OCc3ccccn3)c(c1)Cc1cc(C(C)(C)C)cc(c1OCc1ccc3ccccc3n1)Cc1cc(C(C)(C)C)cc(c1OCc1ccc3ccccc3n1)Cc1cc(C(C)(C)C)cc(c1OCc1ccccn1)C2,3,helical,5506
classifier,train,CC(C)(C)c1ccc(-c2cc3ccccc3c3c2OP(=O)(NS(=O)(=O)C(F)(F)F)Oc2c(-c4ccc(C(C)(C)C)cc4)cc4ccccc4c2-3)cc1,2,axial,6102
classifier,train,CC(C)(C)c1ccc(-c2cc3ccccc3c3c2OP(=O)(O)Oc2c(-c4ccc(C(C)(C)C)cc4)cc4ccccc4c2-3)cc1,2,axial,5887
classifier,train,CC(C)(C)c1ccc(C(=O)O)nc1,0,achiral,9000
classifier,train,CC(C)(C)c1ccc(OC(=O)C#Cc2ccc(Br)cc2)cc1,0,achiral,9738
classifier,train,CC(C)(C)c1csc(=S)n1-c1cccc(Cl)c1,2,axial,1147
classifier,train,CC(C)(C1=N[C@@H]2c3ccccc3C[C@@H]2O1)C1=N[C@@H]2c3ccccc3C[C@@H]2O1,2,axial,6702
classifier,train,CC(C)(C1=N[C@H](Cc2ccccc2)CO1)C1=N[C@H](Cc2ccccc2)CO1,1,central,6700
classifier,train,CC(C)(C1=N[C@H]2c3ccccc3C[C@H]2O1)C1=N[C@H]2c3ccccc3C[C@H]2O1,2,axial,6703
classifier,train,CC(C)(CF)n1cc(C(=O)O)c(=O)c2cc(F)c(N3CCNCC3)nc21,0,achiral,9878
classifier,train,CC(C)(Cl)c1ccsn1,0,achiral,16671
classifier,train,CC(C)(Oc1ccc(NC(=O)Nc2ccc(Cl)c([N+](=O)[O-])c2)cc1)C(=O)O,0,achiral,13158
classifier,train,CC(C)(Sc1nc(CC(=O)O)cs1)C(=O)O,0,achiral,10249
classifier,train,CC(C)C[C@@H](COC(=O)c1cc([N+](=O)[O-])cc([N+](=O)[O-])c1)NC(=O)c1cc([N+](=O)[O-])cc([N+](=O)[O-])c1,1,central,1896
classifier,train,CC(C)C[C@@H](NC(=O)c1cc([N+](=O)[O-])cc([N+](=O)[O-])c1)C(=O)N[C@@H](C)C(=O)Nc1ccccc1,1,central,320
classifier,train,CC(C)C[C@@H](NC(=O)c1cc([N+](=O)[O-])cc([N+](=O)[O-])c1)C(=O)N[C@H](C)C(=O)Nc1ccc2ccccc2c1,1,central,315
classifier,train,CC(C)C[C@@H](NC(=O)c1cc([N+](=O)[O-])cc([N+](=O)[O-])c1)C(=O)N[C@H](CC(C)C)C(=O)Nc1ccccc1,1,central,319
classifier,train,CC(C)C[C@H](OC(=O)Nc1cccc2ccccc12)c1ccccc1,1,central,5324
classifier,train,CC(C)C[C@H]1COC(c2ccccc2P(c2ccccc2)c2ccccc2C2=N[C@@H](CC(C)C)CO2)=N1,1,central,6823
classifier,train,CC(C)C[C@H]1N=C(c2ccccc2)c2cc(Cl)ccc2NC1=O,1,central,3718
classifier,train,CC(C)N(C(C)C)p1oc2ccc3c(c2c2c4c(ccc2o1)CCCC4)CCCC3,2,axial,5824
classifier,train,CC(C)N(C(C)C)p1oc2ccc3ccccc3c2c2c(ccc3ccccc32)o1,2,axial,5800
classifier,train,CC(C)N(C(c1ccccc1)c1ccccc1)p1oc2ccc3ccccc3c2c2c(ccc3ccccc32)o1,2,axial,5821
classifier,train,CC(C)N(C[C@@H](COc1cccc2ccccc12)OC(=O)c1cc([N+](=O)[O-])cc([N+](=O)[O-])c1)C(=O)c1cc([N+](=O)[O-])cc([N+](=O)[O-])c1,1,central,1955
classifier,train,CC(C)N1CCC[N+](Cc2ccccc2)=C1C1=C([S-])CC(C)(C)CC1=O,2,axial,1135
classifier,train,CC(C)N1CCC[N+](Cc2ccccc2)=C1c1c(-c2ccccc2)nn(-c2ccccc2)c1[O-],2,axial,1133
classifier,train,CC(C)N1C[C@@H](c2ccc(NS(C)(=O)=O)cc2)OC1=O,1,central,1211
classifier,train,CC(C)N1C[C@H](COc2cccc3[nH]ccc23)OC1=O,1,central,1214
classifier,train,CC(C)N1C[C@H](COc2cccc3ccccc23)OC1=O,1,central,1215
classifier,train,CC(C)OC(=O)[C@H](NC(=O)c1ccc([N+](=O)[O-])cc1)[C@H](C)OC(=O)c1ccc([N+](=O)[O-])cc1,1,central,505
classifier,train,CC(C)Oc1ccc2ccccc2c1-c1c(O)ccc2ccccc12,2,axial,1107
classifier,train,CC(C)Oc1ccc2ccccc2c1-c1c(P(c2ccccc2)c2ccccc2)ccc2ccccc12,2,axial,6965
classifier,train,CC(C)[C@@H](OC(=O)Nc1cc([N+](=O)[O-])cc([N+](=O)[O-])c1)c1ccccc1,1,central,2534
classifier,train,CC(C)[C@@H]1COC(C2(C3=N[C@H](C(C)C)CO3)Cc3ccccc3C2)=N1,1,central,6765
classifier,train,CC(C)[C@@H]1COC([C@H]2CCCCN2P(c2ccccc2)c2ccccc2)=N1,1,central,6585
classifier,train,CC(C)[C@@H]1COC(c2cccc(-c3ccccc3)n2)=N1,1,central,6440
classifier,train,CC(C)[C@H]1CC[C@H](C(C)C)P1c1cc[cH-]c1.CC(C)[C@H]1CC[C@H](C(C)C)P1c1cc[cH-]c1.[Fe+2],4,planar,-1
classifier,train,CC(C)[C@H]1CC[C@H](C(C)C)P1c1ccccc1P1[C@@H](C(C)C)CC[C@@H]1C(C)C,1,central,5699
classifier,train,CC(C)[Si](C#Cc1c2nc3ccccc3nc2c(C#C[Si](C(C)C)(C(C)C)C(C)C)c2nc3nc4ccccc4nc3nc12)(C(C)C)C(C)C,0,achiral,12076
classifier,train,CC(C)c1cc(C(C)C)c(-c2cc3ccccc3c(-c3c(O)c(-c4c(C(C)C)cc(C(C)C)cc4C(C)C)cc4ccccc34)c2O)c(C(C)C)c1,2,axial,6331
classifier,train,CC(C)c1cc(C(C)C)c(-c2cc3ccccc3c3c2OP(=O)(NS(=O)(=O)C(F)(F)F)Oc2c(-c4c(C(C)C)cc(C(C)C)cc4C(C)C)cc4ccccc4c2-3)c(C(C)C)c1,2,axial,6118
classifier,train,CC(C)c1cc(C(C)C)c(-c2cc3ccccc3c3c2OP(=O)(O)Oc2c(-c4c(C(C)C)cc(C(C)C)cc4C(C)C)cc4ccccc4c2-3)c(C(C)C)c1,2,axial,5897
classifier,train,CC(C)c1cc(C(C)C)c(-c2ccc3c(c2O)C2(CC3)CCc3ccc(-c4c(C(C)C)cc(C(C)C)cc4C(C)C)c(O)c32)c(C(C)C)c1,2,axial,6310
classifier,train,CC(C)c1cc(C(C)C)c(S(=O)(=O)N[C@H](c2ccccc2)[C@H](N)c2ccccc2)c(C(C)C)c1,1,central,6239
classifier,train,CC(C)c1cc(C23CC4CC(CC(C4)C2)C3)cc(C(C)C)c1-c1cc2ccccc2c2c1OP(=O)(O)Oc1c(-c3c(C(C)C)cc(C45CC6CC(CC(C6)C4)C5)cc3C(C)C)cc3ccccc3c1-2,2,axial,5909
classifier,train,CC(C)c1ccc(C(C)(C)O)o1,0,achiral,8240
classifier,train,CC(C)n1cc(N)cc1C(=O)NCCCN(C)C,0,achiral,11712
classifier,train,CC(C1=N[C@@H]2c3ccccc3C[C@@H]2O1)C1=N[C@@H]2c3ccccc3C[C@@H]2O1,2,axial,6747
classifier,train,CC(C1=N[C@H]2c3ccccc3C[C@H]2O1)C1=N[C@H]2c3ccccc3C[C@H]2O1,2,axial,6746
classifier,train,CC(CC1=N[C@H]2c3ccccc3C[C@H]2O1)(C1=N[C@H]2c3ccccc3C[C@H]2O1)C1=N[C@H]2c3ccccc3C[C@H]2O1,2,axial,6866
classifier,train,CC(Cc1ccccc1)(C1=N[C@@H](c2ccccc2)[C@@H](c2ccccc2)O1)C1=N[C@@H](c2ccccc2)[C@@H](c2ccccc2)O1,1,central,6758
classifier,train,CC(Cc1ccccc1)(C1=N[C@@H]2c3ccccc3C[C@@H]2O1)C1=N[C@@H]2c3ccccc3C[C@@H]2O1,2,axial,6756
classifier,train,CC(Cc1ccccc1)(C1=N[C@H]2c3ccccc3C[C@H]2O1)C1=N[C@H]2c3ccccc3C[C@H]2O1,2,axial,6755
classifier,train,CC(O)CC(c1ccccc1)S(=O)c1c2ccccc2cc2ccccc12,1,central,931
classifier,train,CC/C=C\C/C=C\C/C=C\C/C=C\C/C=C\C/C=C\CCC(=O)OC[C@H](COC(=O)Nc1cc([N+](=O)[O-])cc([N+](=O)[O-])c1)OC(=O)Nc1cc([N+](=O)[O-])cc([N+](=O)[O-])c1,1,central,1900
classifier,train,CC1(C)C(Br)=Cc2ccccc21,0,achiral,7505
classifier,train,CC1(C)C(c2cccs2)=[N+]([O-])C(C)(C)N1[O],0,achiral,8673
classifier,train,CC1(C)CCc2sc(Br)cc2C1=O,0,achiral,9203
classifier,train,CC1(C)COC(c2cccnc2Cl)=N1,0,achiral,10190
classifier,train,CC1(C)N(O)N(O)C1(C)C,0,achiral,7287
classifier,train,CC1(C)OC(c2ccc(Cl)cc2)=C(Br)C1=O,0,achiral,15535
classifier,train,CC1(C)OC/C(=C/C(=O)O[Si](C)(C)C(C)(C)C)O1,0,achiral,9548
classifier,train,CC1(C)O[C@@H]2[C@@H](O1)C(c1ccccc1)(c1ccccc1)OP(N1CCCC1)OC2(c1ccccc1)c1ccccc1,2,axial,5843
classifier,train,CC1(C)O[C@@H]2[C@@H](O1)C(c1ccccc1)(c1ccccc1)OP(N1CCCCC1)OC2(c1ccccc1)c1ccccc1,2,axial,5845
classifier,train,CC1(C)O[C@@H]2[C@@H](O1)C(c1ccccc1)(c1ccccc1)OP(c1ccccc1)OC2(c1ccccc1)c1ccccc1,2,axial,5874
classifier,train,CC1(C)O[C@H]2[C@H](O1)C(c1ccccc1)(c1ccccc1)OP(N1CCCC1)OC2(c1ccccc1)c1ccccc1,2,axial,5844
classifier,train,CC1(C)O[C@H]2[C@H](O1)C(c1ccccc1)(c1ccccc1)OP(c1ccccc1)OC2(c1ccccc1)c1ccccc1,2,axial,5875
classifier,train,CC1(C)Oc2ccc(C#N)cc2[C@@H](N2CCCC2=O)[C@@H]1O,1,central,56
classifier,train,CC1(C)Oc2ccc(C#N)cc2[C@@H](Oc2ccc(=O)[nH]n2)[C@@H]1O,1,central,55
classifier,train,CC1(C)Oc2ccc(P(c3ccccc3)c3ccccc3)c(-c3c(P(c4ccccc4)c4ccccc4)ccc4c3OC(C)(C)O4)c2O1,2,axial,7013
classifier,train,CC1(C)[C@H](C=C(Cl)Cl)[C@H]1C(=O)O[C@@H](C#N)c1ccc(F)c(Oc2ccccc2)c1,1,central,881
classifier,train,CC1(C)c2cccc([C@@H](NS(=O)C(C)(C)C)c3ccccc3)c2Oc2c(P(c3ccccc3)c3ccccc3)cccc21,1,central,-1
classifier,train,CC1=C(C#N)C(C(C)C)C(C#N)=C(C)N1,0,achiral,12572
classifier,train,CC1=C(C/C=C(\C)CCC[C@@H](C)CCC[C@H](C)CCCC(C)C)C(=O)c2ccccc2C1=O,1,central,243
classifier,train,CC1=C(c2ccccc2)CN(C)C1=O,0,achiral,8489
classifier,train,CC=C(c1ccc(N(C)C)cc1)c1ccc(N(C)C)cc1,0,achiral,14704
classifier,train,CC=C1C(C2(C)CC2)=C(C)c2cc(Cl)cc(Cl)c21,0,achiral,10389
classifier,train,CCC(=O)O[C@@H]1N=C(c2ccccc2)c2cc(Cl)ccc2NC1=O,1,central,3700
classifier,train,CCC(=O)[Si](c1ccccc1)(c1ccccc1)C(C)(C)C,0,achiral,9732
classifier,train,CCC(=O)c1c[nH]c(C(=O)O)c1,0,achiral,16892
classifier,train,CCC(C)C1NC(=S)N(C)C1=O,1,central,51
classifier,train,CCC(CC)(C1=N[C@@H](Cc2ccccc2)CO1)C1=N[C@@H](Cc2ccccc2)CO1,1,central,6715
classifier,train,CCC(CC)(C1=N[C@@H]2c3ccccc3C[C@@H]2O1)C1=N[C@@H]2c3ccccc3C[C@@H]2O1,2,axial,6718
classifier,train,CCC1=C(C)/C2=C/c3c(CC)c(C)c4[n]3[Cu][n]3/c(c(C)c(CC)/c3=C/C3=NC(=C\4NC(=O)C(C)(C)C)/C(CC)=C3C)=C\C1=N2,4,planar,5581
classifier,train,CCC1=C(C)/C2=C/c3c(CC)c(C)c4[n]3[Zn][n]3/c(c(C)c(CC)/c3=C/C3=NC(=C\4NC(=O)C(C)(C)C)/C(CC)=C3C)=C\C1=N2,4,planar,5582
classifier,train,CCC1=C(CC)/C2=C(\c3c(OCc4ccccc4)ccc4ccccc34)c3c(CC)c(CC)c4[n]3[Ni][n]3/c(c(CC)c(CC)/c3=C(\c3c(OCc5ccccc5)ccc5ccccc35)C3=N/C(=C\4COCc4ccccc4)C(CC)=C3CC)=C\C1=N2,2,axial,1049
classifier,train,CCCCC(=O)O[C@@H]1N=C(c2ccccc2)c2cc(Cl)ccc2NC1=O,1,central,3696
classifier,train,CCCCC/C=C\C/C=C\CCCCCCCC(=O)OC[C@H](COC(=O)Nc1cc([N+](=O)[O-])cc([N+](=O)[O-])c1)OC(=O)Nc1cc([N+](=O)[O-])cc([N+](=O)[O-])c1,1,central,1904
classifier,train,CCCCCCC(=O)N[C@@H](CCC)c1ccc2c(c1)Cc1ccccc1-2,1,central,2324
classifier,train,CCCCCCC(=O)N[C@@H](CCCCCC)c1ccc2c(c1)Cc1ccccc1-2,1,central,2331
classifier,train,CCCCCCC(=O)N[C@H](c1ccc2c(c1)Cc1ccccc1-2)C(C)C,1,central,2375
classifier,train,CCCCCCC1=C(C)/C2=C/c3c4c(C)c5[n]3[Zn][n]3/c(c(C)c(/c3=C/C3=NC(=C\5)/C(CCCCCC)=C3C)CCC(=O)NCc3ccc(cc3)CNC(=O)CC4)=C\C1=N2,2,axial,1003
classifier,train,CCCCCCC1=C(C)c2cc3[nH]c4cc5nc(cc6[nH]c(cc1n2)c(C)c6CCC(=O)NCCCCCCCCCCCCNC(=O)CCc3c4C)C(C)=C5CCCCCC,2,axial,999
classifier,train,CCCCCCCC(=O)N[C@@H](CCC)c1ccc2c(c1)Cc1ccccc1-2,1,central,2323
classifier,train,CCCCCCCCCCCCC(=O)N[C@@H](CCC)c1ccc2c(c1)Cc1ccccc1-2,1,central,2321
classifier,train,CCCCCCCCCCCCCCCC(=O)OC[C]1[CH][CH][CH][CH][C]1C.[C-]#[O+].[C-]#[O+].[C-]#[O+].[Cr],4,planar,-1
classifier,train,CCCCCCCCCCCCCCC[C@H](OC(=O)Nc1cc([N+](=O)[O-])cc([N+](=O)[O-])c1)c1ccccc1,1,central,1385
classifier,train,CCCCCCCCCCCCOc1ccc2ccccc2c1-c1c(O)ccc2ccccc12,2,axial,1113
classifier,train,CCCCCCCCCCC[C@H](OC(=O)Nc1cccc2ccccc12)c1ccccc1,1,central,5329
classifier,train,CCCCCCCCCCC[C@]1(c2ccccc2)SCC[S@]1=O,1,central,778
classifier,train,CCCCCCCCCC[C@@H](NC(=O)c1cc([N+](=O)[O-])cc([N+](=O)[O-])c1)c1cccc2ccccc12,1,central,2730
classifier,train,CCCCCCCCOC(=O)[C@H](C(C)C)[C@@H](NC(=O)c1cc([N+](=O)[O-])cc([N+](=O)[O-])c1)c1ccco1,1,central,661
classifier,train,CCCCCCCC[C@H](NC(=O)c1cc([N+](=O)[O-])cc([N+](=O)[O-])c1)c1ccc2ccccc2c1,1,central,3536
classifier,train,CCCCCCCC[C@H](OC(=O)Nc1cc([N+](=O)[O-])cc([N+](=O)[O-])c1)c1ccccc1,1,central,1389
classifier,train,CCCCCCCn1c(Br)nc2c(=O)[nH]c(N)nc21,0,achiral,10117
classifier,train,CCCCCC[C@H](NC(=O)c1cc([N+](=O)[O-])cc([N+](=O)[O-])c1)c1ccccc1,1,central,2747
classifier,train,CCCCCC[C@H](O)CC(O)(c1ccccc1)c1ccccc1,1,central,3155
classifier,train,CCCCCN1C(=O)N[C@@](CC)(c2ccccc2)C1=O,1,central,5074
classifier,train,CCCCC[C@H]1CC[C@H](c2ccc(OCCOCCOCCOCCOc3ccc(C(=O)Oc4ccc(C#Cc5ccc6cc7cc(C#Cc8ccc(OC(=O)c9ccc(OCCOCCOCCOCCOc%10ccc([C@H]%11CC[C@H](CCCCC)CC%11)cc%10)cc9)cc8)ccc7cc6c5)cc4)cc3)cc2)CC1,0,achiral,7574
classifier,train,CCCCNC(=O)Oc1ccc2ccccc2c1-c1c(OC(=O)NCCCC)ccc2ccccc12,2,axial,1029
classifier,train,CCCCNC(=O)c1ccc2ccccc2c1-c1c(C(=O)NCCCC)ccc2ccccc12,2,axial,1030
classifier,train,CCCCNC(=O)c1ccc2ccccc2c1-c1c(C(=O)OCC)ccc2ccccc12,2,axial,1117
classifier,train,CCCCNC(=O)c1ccc2ccccc2c1-c1c(C)ccc2ccccc12,2,axial,1027
classifier,train,CCCCNC(=O)c1ccc2ccccc2c1-c1c(OC)ccc2ccccc12,2,axial,1028
classifier,train,CCCCNC1=CC(=O)CC(C)(C)C1,0,achiral,9894
classifier,train,CCCCOc1ccc2ccccc2c1-c1c(O)ccc2ccccc12,2,axial,1108
classifier,train,CCCC[C@@H](/C(=N/OC(=O)Nc1cc([N+](=O)[O-])cc([N+](=O)[O-])c1)c1ccccc1)c1ccccc1,1,central,4426
classifier,train,CCCC[C@@H]1N=C(c2ccccc2)c2cc(Cl)ccc2NC1=O,1,central,3719
classifier,train,CCCC[C@@]1(O)CCCc2ccc3cc4ccccc4cc3c21,1,central,4142
classifier,train,CCCC[N+]1(CCCC)Cc2c(-c3cc(C(F)(F)F)cc(C(F)(F)F)c3)cc3ccccc3c2-c2c(c(-c3cc(C(F)(F)F)cc(C(F)(F)F)c3)cc3ccccc23)C1.[Br-],2,axial,-1
classifier,train,CCCC[N+]1(CCCC)Cc2c(-c3cc(F)c(F)c(F)c3)cc3ccccc3c2-c2c(c(-c3cc(F)c(F)c(F)c3)cc3ccccc23)C1.[Br-],2,axial,-1
classifier,train,CCCC[P+]1(CCCC)Cc2c(-c3cc(C(F)(F)F)cc(C(F)(F)F)c3)cc3ccccc3c2-c2c(c(-c3cc(C(F)(F)F)cc(C(F)(F)F)c3)cc3ccccc23)C1.[Br-],2,axial,-1
classifier,train,CCCCc1cc(CC(=O)OCC)n[nH]1,0,achiral,16242
classifier,train,CCCCc1cc(CCC)[nH]n1,0,achiral,15990
classifier,train,CCCN(CCC)[C@H]1CCc2ccc(O)cc2C1,1,central,1527
classifier,train,CCCNCCCCN1C(=O)C[C@]2(CCCc3ccccc32)C1=O,1,central,4681
classifier,train,CCCOC(=O)[C@@H]1COc2ccccc2O1,1,central,2125
classifier,train,CCCOc1c2cc(C(C)(C)C)cc1Cc1cc(C(C)(C)C)cc(c1OCCC)Cc1c(C)c(C(C)C)cc(c1OCCC)Cc1cc(C(C)(C)C)cc(c1OCCC)C2,3,helical,5507
classifier,train,CCC[C@H](/C(C)=N\OC(=O)Nc1cc([N+](=O)[O-])cc([N+](=O)[O-])c1)c1ccccc1,1,central,4411
classifier,train,CCC[C@H]1CCCC(=O)O1,1,central,4259
classifier,train,CCC[C@H]1N=C(c2ccccc2)c2cc(Cl)ccc2NC1=O,1,central,3720
classifier,train,CCCc1cn2c(=O)c(C(=O)OCC)cnc2c2cc(OC)ccc12,0,achiral,9414
classifier,train,CCN(C(=O)Cc1cccc2ccccc12)[C@H](C)Cc1cccc(C(F)(F)F)c1,1,central,2811
classifier,train,CCN(CC)CC.O=S(=O)(Np1oc2ccc3ccccc3c2c2c(ccc3ccccc32)o1)C(F)(F)F,2,axial,-1
classifier,train,CCN(CC)CCCN1C(=O)C[C@@]2(CCCc3ccc(OC(C)C)cc32)C1=O,1,central,4664
classifier,train,CCN1CCN(CCc2ccccc2)C1,0,achiral,14720
classifier,train,CCOC(=O)CCCc1ccco1,0,achiral,16066
classifier,train,CCOC(=O)COc1ccc2cc(C)c(C)cc2c1-c1c(O)ccc2cc(C)c(C)cc12,2,axial,1121
classifier,train,CCOC(=O)COc1ccc2ccccc2c1-c1c(O)ccc2ccccc12,2,axial,1111
classifier,train,CCOC(=O)Cn1c2c(c3cc(Cl)ccc31)CN(C(=O)c1ccccc1)CC2,0,achiral,11845
classifier,train,CCOC(=O)Cn1cc(Cc2nc3c(F)c(F)cc(F)c3s2)c2cc(F)ccc21,0,achiral,15892
classifier,train,CCOC(=O)N(C[C@@H]1CCc2cc(C)c([N+](=O)[O-])cc2N1)C(C)C,1,central,4012
classifier,train,CCOC(=O)[C@@H](Cc1ncc[nH]1)NC(=O)c1cc([N+](=O)[O-])cc([N+](=O)[O-])c1,1,central,3971
classifier,train,CCOC(=O)[C@H](Cc1c[nH]c2ccccc12)NC(=O)c1ccccc1,1,central,2834
classifier,train,CCOC(=O)c1ccc2cc1CSc1cccc(c1)SC2,4,planar,5634
classifier,train,CCOC(=O)c1csc([C@H](NC(=O)OC(C)(C)C)[C@H](C)CC)n1,1,central,40
classifier,train,CCOC(=O)c1ncc2[nH]c3ccc(Cl)cc3c2c1C,0,achiral,13361
classifier,train,CCOP(=O)(OCC)c1ccc2ccccc2c1-c1c(OS(=O)(=O)C(F)(F)F)ccc2ccccc12,2,axial,1009
classifier,train,CCOc1cc2ccccc2c(C(=O)[C@@](Cc2ccccc2)(OC)c2ccccc2)c1OCC,1,central,2467
classifier,train,CCS(=O)(=O)Nc1cccc(C#Cc2ccc(OC(F)F)cc2)c1,0,achiral,9903
classifier,train,CC[C@@H](C(=O)Nc1ccc(C(F)(F)F)cc1)c1ccccc1,1,central,4871
classifier,train,CC[C@@H](CS(=O)c1ccccc1)OC(=O)Nc1cccc2ccccc12,1,central,817
classifier,train,CC[C@@H]1C[C@@H](CC)P1C1=CC=C[CH]1.CC[C@@H]1C[C@@H](CC)P1C1=CC=C[CH]1.[Fe],4,planar,-1
classifier,train,CC[C@H](Cc1ccccc1)OC(=O)Nc1cccc2ccccc12,1,central,5275
classifier,train,CC[C@H]1CCCCN1C(=O)c1cc([N+](=O)[O-])cc([N+](=O)[O-])c1,1,central,1595
classifier,train,CC[C@]1(c2ccc(NC(=O)Cc3cc4ccccc4c4ccccc34)cc2)CCC(=O)NC1=O,1,central,2799
classifier,train,CC[N+]1=C(C)C(C)(C)c2cc(Cl)ccc21,0,achiral,11655
classifier,train,CC[P](CC)(CC)[Pt]1([P](CC)(CC)CC)[N](c2ccccc2)[O][Ge]1([N]([Si](C)(C)C)[Si](C)(C)C)[N]([Si](C)(C)C)[Si](C)(C)C,0,achiral,7510
classifier,train,CC[Si](C#Cc1ccc(C#C[Si](CC)(CC)CC)c2nc3nc4ccccc4nc3nc12)(CC)CC,0,achiral,14446
classifier,train,CC[Si](CC)(CC)Cc1cccc2nccnc12,0,achiral,16058
classifier,train,CCc1ccc(Oc2ccc(C3=NCC(=O)O3)cc2)cc1,0,achiral,15625
classifier,train,CCc1cccc(CC)c1-n1c[n+]2c(n1)CO[C@@H]1Cc3ccccc3[C@@H]12.F[B-](F)(F)F,2,axial,-1
classifier,train,CCc1cccc(CC)c1-n1c[n+]2c(n1)CO[C@H]1Cc3ccccc3[C@H]12.F[B-](F)(F)F,2,axial,-1
classifier,train,CCc1cccc(O[C@H](C)C(=O)NCc2cccc3ccccc23)c1,1,central,2912
classifier,train,CCc1cccc2cc3ccc4ccccc4c3cc12,0,achiral,9098
classifier,train,CCc1ccccc1-n1c2nc(=O)n(C)c(=O)c-2nc2ccccc21,2,axial,1081
classifier,train,CCc1ccccc1O[C@H](C)C(=O)NCc1cccc2ccccc12,1,central,2913
classifier,train,CCn1cnc2c1c(=O)n(C)c(=O)n2C,0,achiral,12534
classifier,train,CCn1nnc(NC(=O)C(c2ccccc2)c2ccccc2)n1,0,achiral,11277
classifier,train,CN(C)C(=O)c1ccc(N2CCNCC2)nc1,0,achiral,15626
classifier,train,CN(C)CCOC(=O)[C@H](c1ccccc1)C1(O)CCCC1,1,central,3909
classifier,train,CN(C)Cc1cnc2ccc(Cl)c(CC(N)=O)c2c1,0,achiral,8138
classifier,train,CN(C)[C@@H]1CCN(Cc2ccccc2)C1,1,central,6274
classifier,train,CN(C)c1ccc2ccccc2c1-c1c(P(C2CCCCC2)C2CCCCC2)ccc2ccccc12,2,axial,6988
classifier,train,CN(C)c1cccc(-n2c(C(C)(C)C)csc2=S)c1,2,axial,1149
classifier,train,CN(C)p1oc2c(P(c3ccccc3)c3ccccc3)cc3ccccc3c2c2c(o1)c(P(c1ccccc1)c1ccccc1)cc1ccccc12,2,axial,5849
classifier,train,CN(C)p1oc2ccc3ccccc3c2c2c(ccc3ccccc32)o1,2,axial,5798
classifier,train,CN(CCO)CCN1C(=O)C[C@]2(CCCc3ccccc32)C1=O,1,central,4687
classifier,train,CN(CC[C@@H](Oc1cccc2ccccc12)c1cccs1)C(=O)c1cc([N+](=O)[O-])cc([N+](=O)[O-])c1,1,central,4934
classifier,train,CN(C[C@@H](O)c1ccc(Cl)cc1)C(=O)Nc1cccc2ccccc12,1,central,2201
classifier,train,CN(Cc1ccccc1)C(=O)[C@@H](NC(=S)N[C@@H]1CCCC[C@H]1N)C(C)(C)C,1,central,6025
classifier,train,CN(Cc1ccccc1)p1oc2ccc3ccccc3c2c2c(ccc3ccccc32)o1,2,axial,5805
classifier,train,CN(c1ccc(OC(F)(F)F)cc1)c1nc(=O)c2cccnc2s1,0,achiral,12446
classifier,train,CN1/C(=C/C(=O)c2cc3ccc2CCc2ccc(cc2)CC3)C(C)(C)c2ccccc21,4,planar,5585
classifier,train,CN1C(=O)CCc2cc(Br)cc(F)c21,0,achiral,11445
classifier,train,CN1C(=O)[C@@H](OC(=O)CCC(=O)O)N=C(c2ccccc2)c2cc(Cl)ccc21,1,central,3281
classifier,train,CN1C(=O)[C@H](c2cc([N+](=O)[O-])ccc2O)Sc2ccccc21,1,central,1260
classifier,train,CN1CC=C(c2cccc(C(F)(F)F)c2F)CC1,0,achiral,16663
classifier,train,CN1CCN(S(=O)(=O)c2ccc(Cl)nc2)CC1,0,achiral,10972
classifier,train,CN1CCO[C@@H](c2ccccc2)c2ccccc2C1,1,central,1320
classifier,train,CN1O[C@@H](CO)CC1=O,1,central,1971
classifier,train,CN=Cc1cc2c(cc1CC#N)OCO2,0,achiral,8510
classifier,train,CNC(=O)NCc1ccco1,0,achiral,9048
classifier,train,CNC[C@@H](O)c1cc2ccccc2o1,1,central,2486
classifier,train,CNc1ccc2ccccc2c1-c1c(NC)ccc2ccccc12,2,axial,6165
classifier,train,COC(=O)/C=C1/OCCOC1=O,0,achiral,8635
classifier,train,COC(=O)C(NC(C)=O)(C(=O)OC)[C@@H](/C=C/c1ccccc1)c1ccccc1,1,central,3302
classifier,train,COC(=O)C(c1ccccc1)C1CCCCN1,1,central,469
classifier,train,COC(=O)C1=C([S@@](C)=O)CCC1,1,central,3844
classifier,train,COC(=O)C1=NCCc2cc3c(cc21)OCO3,0,achiral,10895
classifier,train,COC(=O)C1CCN(Cc2ccccc2)CC1,0,achiral,11636
classifier,train,COC(=O)CC/C=C\CC[C@H]1C(=O)C=C[C@@H]1O,1,central,62
classifier,train,COC(=O)CCC1=CCCN(CCCCc2ccccc2)C1=O,0,achiral,11200
classifier,train,COC(=O)CN=Cc1ccccc1C#Cc1ccc(OC)cc1,0,achiral,14141
classifier,train,COC(=O)CNC(=O)CN1CCCC1=O,0,achiral,15046
classifier,train,COC(=O)C[C@@H](CNC(=O)c1cc([N+](=O)[O-])cc([N+](=O)[O-])c1)c1ccc(Cl)cc1,1,central,1787
classifier,train,COC(=O)C[C@H](NC(=O)c1cc([N+](=O)[O-])cc([N+](=O)[O-])c1)C1CC=CCC1,1,central,4845
classifier,train,COC(=O)Cc1cc2cc(O)ccc2[nH]1,0,achiral,8300
classifier,train,COC(=O)Cc1ccccc1C#Cc1nc(Nc2cnn(C)c2)ncc1C,0,achiral,9047
classifier,train,COC(=O)Nc1nc2cc([S@](=O)c3ccccc3)ccc2[nH]1,1,central,2920
classifier,train,COC(=O)[C@@H](Nc1ccc2ccccc2c1)c1ccccc1,1,central,3648
classifier,train,COC(=O)[C@@H]1COc2ccccc2O1,1,central,2127
classifier,train,COC(=O)[C@@]1(CCCCCc2ccc(Cl)cc2)CO1,1,central,4915
classifier,train,COC(=O)[C@H](C)Oc1cccc(C(=O)c2ccccc2)c1,1,central,2941
classifier,train,COC(=O)[C@H](Cc1ccccc1)NC(=O)[C@H](Cc1ccccc1)NC(=O)OCc1ccccc1,1,central,167
classifier,train,COC(=O)[C@H](NC(=O)[C@H](NC(=O)c1cc([N+](=O)[O-])cc([N+](=O)[O-])c1)c1ccccc1)C(C)C,1,central,557
classifier,train,COC(=O)[C@H](OC(=O)c1cc([N+](=O)[O-])cc([N+](=O)[O-])c1)c1ccccc1,1,central,1627
classifier,train,COC(=O)[C@H]1CCc2cc(F)ccc2O1,1,central,2130
classifier,train,COC(=O)[C@H]1NC(C)(C)S[C@H]1c1ccccc1,1,central,731
classifier,train,COC(=O)[C]1[CH][CH][CH][CH][C]1C.[C-]#[O+].[C-]#[O+].[C-]#[O+].[Mn],4,planar,-1
classifier,train,COC(=O)[C]1[CH][CH][CH][C](C)[CH]1.[C-]#[O+].[C-]#[O+].[C-]#[O+].[Mn],4,planar,-1
classifier,train,COC(=O)c1c(I)ccnc1OC,0,achiral,12498
classifier,train,COC(=O)c1cc(C(=O)OC)c2c(I)cccc2n1,0,achiral,12885
classifier,train,COC(=O)c1ccc(C(C)=O)o1,0,achiral,13630
classifier,train,COC(=O)c1ccc2c(c1)CC1(C2)Cc2ccc(C(=O)OC)cc2C1,2,axial,1131
classifier,train,COC(=O)c1ccccc1-n1c2nc(=O)n(C)c(=O)c-2nc2ccccc21,2,axial,1082
classifier,train,COC12C=CC(CC1)CC2=O,1,central,5545
classifier,train,COCCc1ccc(OC[C@@H](O)CN(C(=O)Nc2ccccc2)C(C)C)cc1,1,central,2679
classifier,train,COCCc1ccc(OC[C@H]2CN(C(C)C)C(=O)O2)cc1,1,central,1216
classifier,train,COCOc1c(B2OC(C)(C)C(C)(C)O2)cc2ccccc2c1-c1c(OCOC)c(B2OC(C)(C)C(C)(C)O2)cc2ccccc12,2,axial,6321
classifier,train,COCOc1c(Br)cc2ccccc2c1-c1c(OCOC)c(Br)cc2ccccc12,2,axial,6327
classifier,train,COCOc1c(I)cc2ccccc2c1-c1c(OCOC)c(I)cc2ccccc12,2,axial,6329
classifier,train,COCOc1c(I)ccc2c1C1(CC2)CCc2ccc(I)c(OCOC)c21,2,axial,6339
classifier,train,COCOc1ccc([C@H]2O[C@@H]2C(=O)c2ccc(OCOC)cc2OCOC)cc1,1,central,728
classifier,train,COCOc1ccc2cc(Br)ccc2c1-c1c(OCOC)ccc2cc(Br)ccc12,2,axial,6313
classifier,train,COCOc1ccccc1C(=O)[C@H]1O[C@@H]1c1ccccc1,1,central,729
classifier,train,COc1c(-c2ccccc2)cc2ccccc2c1-c1c(OC)c(-c2ccccc2)cc2ccccc12,2,axial,6299
classifier,train,COc1c(Br)cc2ccccc2c1-c1c(OC)c(Br)cc2ccccc12,2,axial,6297
classifier,train,COc1c(C(C)(C)C)cc(P(c2cc(C(C)(C)C)c(OC)c(C(C)(C)C)c2)c2ccc3c(c2-c2c(P(c4cc(C(C)(C)C)c(OC)c(C(C)(C)C)c4)c4cc(C(C)(C)C)c(OC)c(C(C)(C)C)c4)ccc4c2OCO4)OCO3)cc1C(C)(C)C,2,axial,6978
classifier,train,COc1c(C(C)(C)C)cc(P(c2cc(C(C)(C)C)c(OC)c(C(C)(C)C)c2)c2ccc3ccccc3c2-c2c(P(c3cc(C(C)(C)C)c(OC)c(C(C)(C)C)c3)c3cc(C(C)(C)C)c(OC)c(C(C)(C)C)c3)ccc3ccccc23)cc1C(C)(C)C,2,axial,7009
classifier,train,COc1c(C(C)(C)C)cc([C@@H](c2cccc(OCc3ccccc3)c2P(C2CCCCC2)C2CCCCC2)N(C)S(=O)C(C)(C)C)cc1C(C)(C)C,1,central,-1
classifier,train,COc1c(Cl)ccc(P(c2ccccc2)c2ccccc2)c1-c1c(P(c2ccccc2)c2ccccc2)ccc(Cl)c1OC,2,axial,6973
classifier,train,COc1cc(C)cc2c1OCCC2,0,achiral,11224
classifier,train,COc1cc(C)nc(C2=N[C@@H](c3ccccc3)CO2)c1,1,central,6437
classifier,train,COc1cc(C)nc(C2=N[C@H](C(C)(C)C)CO2)c1,1,central,6434
classifier,train,COc1cc(C)nc(C2=N[C@H]3c4ccccc4C[C@H]3O2)c1,2,axial,6439
classifier,train,COc1cc(CC2C(=O)OC(C)(C)OC2=O)cc(OC)c1,0,achiral,12339
classifier,train,COc1cc(OC)c(-c2c(OC)cc(OC)cc2P(c2cc(C)c(C)c(C)c2)c2cc(C)c(C)c(C)c2)c(P(c2cc(C)c(C)c(C)c2)c2cc(C)c(C)c(C)c2)c1,2,axial,6964
classifier,train,COc1cc(OC)c(-c2c(OC)cc(OC)cc2P(c2cc(C)cc(C)c2)c2cc(C)cc(C)c2)c(P(c2cc(C)cc(C)c2)c2cc(C)cc(C)c2)c1,2,axial,6963
classifier,train,COc1cc(OC)c(-c2c(OC)cc(OC)cc2P(c2cc([Si](C)(C)C)cc([Si](C)(C)C)c2)c2cc([Si](C)(C)C)cc([Si](C)(C)C)c2)c(P(c2cc([Si](C)(C)C)cc([Si](C)(C)C)c2)c2cc([Si](C)(C)C)cc([Si](C)(C)C)c2)c1,2,axial,5791
classifier,train,COc1cc(OC)c(-c2c(OC)cc(OC)cc2P(c2ccc(C)cc2)c2ccc(C)cc2)c(P(c2ccc(C)cc2)c2ccc(C)cc2)c1,2,axial,6961
classifier,train,COc1cc(OC)c(-c2c(OC)cc(OC)cc2P(c2ccccc2)c2ccccc2)c(P(c2ccccc2)c2ccccc2)c1,2,axial,6960
classifier,train,COc1cc(OC)nc(N2CCN(S(=O)(=O)N(C)C)CC2)n1,0,achiral,9263
classifier,train,COc1cc([N+](=O)[O-])ccc1Sc1ccncc1,0,achiral,14646
classifier,train,COc1cc2c(cc1Br)Cc1cc(OC)c(Br)cc1Cc1cc(OC)c(Br)cc1C2,3,helical,5535
classifier,train,COc1cc2c(cc1OC(C)=O)Cc1cc(OC)c(OC(C)=O)cc1Cc1cc(OC)c(OC(C)=O)cc1C2,3,helical,5536
classifier,train,COc1cc2c(cc1OC(C)C)Cc1cc(OC)c(OC(C)C)cc1Cc1cc(OC)c(OC(C)C)cc1C2,3,helical,5537
classifier,train,COc1cc2c(cc1OC)C(c1ccc(N)cc1)=NN(C)C(=O)C2,0,achiral,16024
classifier,train,COc1cc2c(cc1OC)[C@]1(OC)C(=O)c3ccc4c(c3O[C@@H]1CO2)C=CC(C)(C)O4,1,central,742
classifier,train,COc1cc2c3cc1OCC=CCOc1cc4c(cc1OC)Cc1cc5c(OC)cc1Cc1cc(c(OC)cc1C4)OC/C=C/COc1cc(c(cc1OC)Cc1cc(c(OC)cc1C3)OC/C=C/CO5)C2,3,helical,5531
classifier,train,COc1cc2c3cc1OCCCOc1cc4c(cc1OC)Cc1cc5c(OC)cc1Cc1cc(c(OC)cc1C4)OCCCOc1cc(c(cc1OC)Cc1cc(c(OC)cc1C3)OCCCO5)C2,3,helical,5533
classifier,train,COc1cc2sc(CO)c(Cl)c2cc1OC,0,achiral,11385
classifier,train,COc1ccc(-c2cc3c(c(-c4c(O)c(-c5ccc(OC)cc5)cc5c4CCCC5)c2O)CCCC3)cc1,2,axial,6317
classifier,train,COc1ccc(-c2cc3ccccc3c(-c3c(O)c(-c4ccc(OC)cc4)cc4ccccc34)c2O)cc1,2,axial,6295
classifier,train,COc1ccc(-c2cc3ccccc3c3c2OP(=O)(O)Oc2c(-c4ccc(OC)cc4)cc4ccccc4c2-3)cc1,2,axial,5888
classifier,train,COc1ccc(-n2c[n+]3c(n2)CO[C@H]2Cc4ccccc4[C@H]23)cc1.F[B-](F)(F)F,2,axial,-1
classifier,train,COc1ccc(C(=O)c2ccc(C(=O)N3CCc4occc4C3)cc2)cc1,0,achiral,13175
classifier,train,COc1ccc(CCCO[C@@H](Cn2ccnc2)c2ccc(OC)cc2)cc1,1,central,3203
classifier,train,COc1ccc(CCN(C)CCC[C@@](C#N)(c2cc(OC)c(OC)c(OC)c2)C(C)C)cc1OC,1,central,3998
classifier,train,COc1ccc(CNC(=O)c2cccc([N+](=O)[O-])c2)cc1,0,achiral,8405
classifier,train,COc1ccc(CNc2nc(Cl)c(Cc3cn(S(=O)(=O)c4ccccc4)c4ncc(Cl)cc34)s2)cn1,0,achiral,15302
classifier,train,COc1ccc(N(N)c2ccc(OC)cc2)cc1,0,achiral,15756
classifier,train,COc1ccc(NC(=O)N(C[C@@H](O)COc2cccc3ccccc23)C(C)C)cc1,1,central,3424
classifier,train,COc1ccc(NC(=O)[C@@H](C)c2ccc(CC(C)C)cc2)cc1,1,central,2902
classifier,train,COc1ccc(N[C@@H](C)c2ccccc2)cc1,1,central,3237
classifier,train,COc1ccc(OC[C@@H]2CO2)cc1,1,central,2196
classifier,train,COc1ccc(P(c2ccc(OC)cc2)c2cc3ccc2CCc2ccc(cc2P(c2ccc(OC)cc2)c2ccc(OC)cc2)CC3)cc1,4,planar,6994
classifier,train,COc1ccc([C@@H](C)N([C@H](C)c2ccc(OC)cc2)p2oc3ccc4ccccc4c3c3c(ccc4ccccc43)o2)cc1,2,axial,5809
classifier,train,COc1ccc([C@@H](C)NC(=O)c2cccc3ccccc23)cc1,1,central,3514
classifier,train,COc1ccc([C@@H](O)CN(C)C(=O)Nc2cccc3ccccc23)cc1OC,1,central,2202
classifier,train,COc1ccc([C@H](C)N([C@@H](C)c2ccc(OC)cc2)p2oc3ccc4ccccc4c3c3c(ccc4ccccc43)o2)cc1,2,axial,5810
classifier,train,COc1ccc([C@H](O)c2ccco2)cc1,1,central,3107
classifier,train,COc1ccc([CH+]c2ccc(OC)cc2)cc1,0,achiral,-1
classifier,train,COc1ccc([P@@](C)(=O)c2ccccc2)c2ccccc12,1,central,2903
classifier,train,COc1ccc2[nH]cc(CCC(=O)NN)c2c1,0,achiral,13802
classifier,train,COc1ccc2c(c1OC)[C@@H](C)N(C(=O)c1cccc3ccccc13)CC2,1,central,4130
classifier,train,COc1ccc2cc(Br)ccc2c1-c1c(O)ccc2cc(Br)ccc12,2,axial,1123
classifier,train,COc1ccc2cc(C)c(C)cc2c1-c1c(O)ccc2cc(C)c(C)cc12,2,axial,1125
classifier,train,COc1ccc2ccccc2c1-c1c(O)ccc2ccccc12,2,axial,1070
classifier,train,COc1ccc2ccccc2c1-c1c(OC)ccc2ccccc12,2,axial,1104
classifier,train,COc1ccc2ccccc2c1-c1c(P(C2CCCCC2)C2CCCCC2)ccc2ccccc12,2,axial,6995
classifier,train,COc1ccc2ccccc2c1-c1c(P(c2ccccc2)c2ccccc2)ccc2ccccc12,2,axial,6958
classifier,train,COc1ccc2ccccc2c1-n1c2nc(=O)n(C)c(=O)c-2cc2ccccc21,2,axial,1077
classifier,train,COc1ccc2ccccc2c1-n1c2nc(=O)n(C)c(=O)c-2nc2ccccc21,2,axial,1078
classifier,train,COc1ccc2ccccc2c1[C@H](O)c1c(C)cc(C)cc1C,1,central,2101
classifier,train,COc1cccc(CC(=O)C2(C(C)=O)CC2)c1,0,achiral,10084
classifier,train,COc1cccc(N2Cc3ccccc3C2)c1,0,achiral,12450
classifier,train,COc1cccc(OC)c1-c1cccc2c1P(C(C)(C)C)[C@H](C(C)C)O2,1,central,5684
classifier,train,COc1cccc(OC)c1-c1cccc2c1[P@](C(C)(C)C)CO2,1,central,-1
classifier,train,COc1cccc(P(c2cc(C(C)(C)C)c(OC)c(C(C)(C)C)c2)c2cc(C(C)(C)C)c(OC)c(C(C)(C)C)c2)c1-c1c(OC)cccc1P(c1cc(C(C)(C)C)c(OC)c(C(C)(C)C)c1)c1cc(C(C)(C)C)c(OC)c(C(C)(C)C)c1,2,axial,6992
classifier,train,COc1cccc(P(c2cc(C(C)(C)C)cc(C(C)(C)C)c2)c2cc(C(C)(C)C)cc(C(C)(C)C)c2)c1-c1c(OC)cccc1P(c1cc(C(C)(C)C)cc(C(C)(C)C)c1)c1cc(C(C)(C)C)cc(C(C)(C)C)c1,2,axial,6977
classifier,train,COc1cccc(P(c2cc(C(C)C)c(N(C)C)c(C(C)C)c2)c2cc(C(C)C)c(N(C)C)c(C(C)C)c2)c1-c1c(OC)cccc1P(c1cc(C(C)C)c(N(C)C)c(C(C)C)c1)c1cc(C(C)C)c(N(C)C)c(C(C)C)c1,2,axial,6991
classifier,train,COc1cccc(P(c2cc([Si](C)(C)C)cc([Si](C)(C)C)c2)c2cc([Si](C)(C)C)cc([Si](C)(C)C)c2)c1-c1c(OC)cccc1P(c1cc([Si](C)(C)C)cc([Si](C)(C)C)c1)c1cc([Si](C)(C)C)cc([Si](C)(C)C)c1,2,axial,6971
classifier,train,COc1cccc(P(c2ccc(C)cc2)c2ccc(C)cc2)c1-c1c(OC)cccc1P(c1ccc(C)cc1)c1ccc(C)cc1,2,axial,6957
classifier,train,COc1cccc(P(c2ccccc2)c2ccccc2)c1-c1c(OC)cccc1P(c1ccccc1)c1ccccc1,2,axial,6956
classifier,train,COc1cccc(P(c2ccco2)c2ccco2)c1-c1c(OC)cccc1P(c1ccco1)c1ccco1,2,axial,6968
classifier,train,COc1ccccc1C1=CCN(S(=O)(=O)c2ccccc2)CC1,0,achiral,15628
classifier,train,COc1ccccc1[C@@H]1O[C@H](c2cccnc2)OC[C@@H]1C/C=C\CCC(=O)O,1,central,896
classifier,train,COc1cnc2cccc(CO)c2n1,0,achiral,17020
classifier,train,COc1ncc(Cl)cc1B(O)O,0,achiral,14664
classifier,train,CS(=O)(=O)OCCOCCOc1ccc2ccccc2c1-c1c(OCCOCCOS(C)(=O)=O)ccc2ccccc12,2,axial,1085
classifier,train,CSc1c2cccc1CN(S(=O)(=O)c1ccc(C)cc1)c1cccc(c1)SC2,4,planar,5618
classifier,train,CSc1ccc2c(c1)N(CC[C@@H]1CCCCN1C)c1ccccc1S2,1,central,3905
classifier,train,CSc1ccc2cn[n+]([C-](C#N)C#N)cc2c1,0,achiral,15621
classifier,train,CSc1ccccc1C1=N[C@H](C(C)C)CO1,1,central,6601
classifier,train,CSc1nc(C)co1,0,achiral,10946
classifier,train,CSc1ncc2c(n1)CCN(c1cccc(C(=O)Nc3ccccc3)n1)C2,0,achiral,16722
classifier,train,CSc1ncc2cc(C)c(=O)[nH]c2n1,0,achiral,14133
classifier,train,C[C@@H](C(=O)Nc1cccc2ccccc12)c1ccccc1,1,central,1444
classifier,train,C[C@@H](CCCN)Nc1ccnc2cc(Cl)ccc12,1,central,1202
classifier,train,C[C@@H](CCc1ccccc1)NC(=O)c1ccccc1,1,central,5413
classifier,train,C[C@@H](Cc1ccccc1)NC(=O)Nc1cc([N+](=O)[O-])cc([N+](=O)[O-])c1,1,central,3821
classifier,train,C[C@@H](N)[C@@H](c1ccccc1)P(c1ccccc1)c1ccccc1,1,central,7016
classifier,train,C[C@@H](NC(=O)c1ccc([N+](=O)[O-])c([N+](=O)[O-])c1)c1ccccc1,1,central,4356
classifier,train,C[C@@H](NC(=O)c1ccccc1)C1CCCCC1,1,central,1961
classifier,train,C[C@@H](Oc1ccccc1)C(=O)OC1CCCC1,1,central,2119
classifier,train,C[C@@H](Oc1ccccc1Cl)C(=O)OC1CCCC1,1,central,2116
classifier,train,C[C@@H](Oc1nnc(-c2c(P(c3ccccc3)c3ccccc3)ccc3ccccc23)c2ccccc12)c1ccccc1,2,axial,7017
classifier,train,C[C@@H](c1cccc2ccccc12)N([C@@H](C)c1cccc2ccccc12)p1oc2ccc3ccccc3c2c2c(ccc3ccccc32)o1,2,axial,5811
classifier,train,C[C@@H](c1ccccc1)N([C@@H](C)c1ccccc1)p1oc2ccc3c(c2c2c4c(ccc2o1)CCCC4)CCCC3,2,axial,5829
classifier,train,C[C@@H](c1ccccc1)N([C@@H](C)c1ccccc1)p1oc2ccccc2c2ccccc2o1,2,axial,5838
classifier,train,C[C@@H](c1cccnc1)N(C)Cc1ccc2ccccc2c1,1,central,5486
classifier,train,C[C@@H]1C(=O)N[C@@H]1OC(=O)c1ccccc1,1,central,176
classifier,train,C[C@@H]1CC[C@@H](C)Oc2cccnc2-c2ncccc2O1,2,axial,6156
classifier,train,C[C@@H]1CC[C@@H](C)P1C1CCCC1.C[C@@H]1CC[C@@H](C)P1C1CCCC1.[Fe],4,planar,-1
classifier,train,C[C@@H]1C[C@H](C)Oc2cccnc2-c2ncccc2O1,2,axial,6256
classifier,train,C[C@@H]1N=C(c2ccc3ccccc3c2)c2ccccc2NC1=O,1,central,3688
classifier,train,C[C@H](C(=O)Nc1cccc2ccccc12)c1ccc(-c2ccccc2)c(F)c1,1,central,2967
classifier,train,C[C@H](CCCOC(=O)c1ccccc1)OC(=O)c1ccccc1,1,central,4061
classifier,train,C[C@H](CN1CCOCC1)n1cc(C(=O)c2cccc3ccccc23)c2ccccc21,1,central,5302
classifier,train,C[C@H](C[C@@H](C)OC(=O)c1ccccc1)OC(=O)c1ccccc1,1,central,681
classifier,train,C[C@H](C[C@@H](C)OP1N(c2ccccc2)[C@H]2CCCC[C@@H]2N1c1ccccc1)OP1N(c2ccccc2)[C@H]2CCCC[C@@H]2N1c1ccccc1,2,axial,5871
classifier,train,C[C@H](NC(=O)c1ccc(Cl)cc1Cl)c1ccccc1,1,central,1426
classifier,train,C[C@H](NC(=O)c1ccc([N+](=O)[O-])cc1)[C@H](O)c1ccccc1,1,central,5232
classifier,train,C[C@H](O)c1cccs1,1,central,3590
classifier,train,C[C@H](OC(=O)Cc1cc2ccccc2c2ccccc12)c1ccccc1,1,central,2795
classifier,train,C[C@H](OC(=O)Nc1cccc2ccccc12)C1CCCCC1,1,central,5317
classifier,train,C[C@H](OC(=O)Nc1cccc2ccccc12)c1c(F)c(F)c(F)c(F)c1F,1,central,5323
classifier,train,C[C@H](OC(=O)c1cc(Cl)cc(Cl)c1)c1ccccc1,1,central,4376
classifier,train,C[C@H](OC(=O)c1cccc2c1Cc1ccccc1-2)c1ccccc1,1,central,2856
classifier,train,C[C@H](c1cccc2ccccc12)N([C@H](C)c1cccc2ccccc12)p1oc2ccc3ccccc3c2c2c(ccc3ccccc32)o1,2,axial,5812
classifier,train,C[C@H](c1ccccc1)N([C@H](C)c1ccccc1)p1oc2ccc3c(c2c2c4c(ccc2o1)CCCC4)CCCC3,2,axial,5828
classifier,train,C[C@H](c1ccccc1)N([C@H](C)c1ccccc1)p1oc2ccc3ccccc3c2c2c(ccc3ccccc32)o1,2,axial,5807
classifier,train,C[C@H](c1ccccc1)N([C@H](C)c1ccccc1)p1oc2ccccc2c2ccccc2o1,2,axial,5837
classifier,train,C[C@H]1COC(C(C)(C)C2=N[C@@H](C)CO2)=N1,1,central,6694
classifier,train,C[C@H]1COC(C(Cc2ccc(C(C)(C)C)cc2)(Cc2ccc(C(C)(C)C)cc2)C2=N[C@@H](C)CO2)=N1,1,central,6735
classifier,train,C[C@H]1COC(CC2=N[C@@H](C)CO2)=N1,1,central,6678
classifier,train,C[C@]1(CO)O[C@@H]1c1ccccc1,1,central,638
classifier,train,C[C]1[CH][CH][CH][CH][C]1C=O.[C-]#[O+].[C-]#[O+].[C-]#[O+].[Mn],4,planar,-1
classifier,train,C[C]1[CH][CH][CH][CH][C]1CO.[C-]#[O+].[C-]#[O+].[C-]#[O+].[Mn],4,planar,-1
classifier,train,C[C]1[CH][CH][CH][CH][C]1COC(=O)c1ccccc1.[C-]#[O+].[C-]#[O+].[C-]#[O+].[Cr],4,planar,-1
classifier,train,C[C]1[CH][CH][CH][CH][C]1COC(C)=O.[C-]#[O+].[C-]#[O+].[C-]#[O+].[Cr],4,planar,-1
classifier,train,C[C]1[CH][CH][CH][CH][C]1COC(C)=O.[C-]#[O+].[C-]#[O+].[C-]#[O+].[Mn],4,planar,-1
classifier,train,C[C]1[CH][CH][CH][C](C=O)[CH]1.[C-]#[O+].[C-]#[O+].[C-]#[O+].[Cr],4,planar,-1
classifier,train,C[C]1[CH][CH][CH][C](C=O)[CH]1.[C-]#[O+].[C-]#[O+].[C-]#[O+].[Mn],4,planar,-1
classifier,train,C[C]1[CH][CH][CH][C](CO)[CH]1.[C-]#[O+].[C-]#[O+].[C-]#[O+].[Cr],4,planar,-1
classifier,train,C[C]1[CH][CH][CH][C](CO)[CH]1.[C-]#[O+].[C-]#[O+].[C-]#[O+].[Mn],4,planar,-1
classifier,train,C[C]1[CH][CH][CH][C](COC(C)=O)[CH]1.[C-]#[O+].[C-]#[O+].[C-]#[O+].[Cr],4,planar,-1
classifier,train,C[C]1[CH][CH][CH][C](COC(C)=O)[CH]1.[C-]#[O+].[C-]#[O+].[C-]#[O+].[Mn],4,planar,-1
classifier,train,C[N+]1(C)CCCN(c2ccc(Cl)nn2)CC1,0,achiral,11603
classifier,train,C[S@](=O)/C=C(\c1ccccc1)c1cccnc1,1,central,1856
classifier,train,C[Si](C)(C)OC(c1cc(C(F)(F)F)cc(C(F)(F)F)c1)(c1cc(C(F)(F)F)cc(C(F)(F)F)c1)[C@@H]1CCCN1,1,central,5984
classifier,train,C[Si](C)(C)OC(c1ccccc1)(c1ccccc1)[C@H]1CCCN1,1,central,5938
classifier,train,C[Si](C)(C)[C@@H]1[C@@H](O)CC[C@H]1OC(=O)c1cccc(Cl)c1,1,central,914
classifier,train,C[Si](C)(C)c1c(Cl)oc2c(Cl)ccnc12,0,achiral,13727
classifier,train,C[Si](C)(C)c1cc(P(c2cc([Si](C)(C)C)cc([Si](C)(C)C)c2)c2ccc3c(c2-c2c(P(c4cc([Si](C)(C)C)cc([Si](C)(C)C)c4)c4cc([Si](C)(C)C)cc([Si](C)(C)C)c4)ccc4c2OCCO4)OCCO3)cc([Si](C)(C)C)c1,2,axial,6986
classifier,train,C[Si](C)(C)c1cnn2c1C(=O)C=C(c1ccccc1)C2=O,0,achiral,7656
classifier,train,C[Si]1(C)CN(CCCCl)S(=O)(=O)c2ccccc21,0,achiral,14139
classifier,train,C[n+]1cccc(I)c1,0,achiral,16168
classifier,train,C\C=C1/C=C2\C=C\OCCOCCOCCOCCOc3cc(cc(c3)OCCOCCOCCOCCO2)OCCOCCOCCOCCO1,0,achiral,11735
classifier,train,Cc1[nH]c(C(=O)O)c(C#N)c1Br,0,achiral,9240
classifier,train,Cc1[nH]c2ccccc2c1SC(=N)N,0,achiral,12417
classifier,train,Cc1c(C)c(C)c2c(c1C)C(=O)C(=O)c1c(C)c(C)c(C)c(C)c1-2,2,axial,1146
classifier,train,Cc1c(N2CCOCC2)oc2c(C)c(O)ccc2c1=O,0,achiral,9756
classifier,train,Cc1c(O)cc2c(c1C)NCC2,0,achiral,9258
classifier,train,Cc1c2c(c(C)c3ccccc13)[C@@H]1O[C@@H]1c1ccccc1-2,1,central,302
classifier,train,Cc1c2c(cc3ccccc13)-c1ccccc1[C@@H](O)[C@@H]2O,1,central,296
classifier,train,Cc1c[nH]c2cnc(Cl)cc12,0,achiral,9420
classifier,train,Cc1cc(/N=N/c2ccc(S(=O)(=O)O)cc2[N+](=O)[O-])ccc1N(C)C,0,achiral,8616
classifier,train,Cc1cc(C)c(-c2cc3ccccc3c3c2OP(=O)(O)Oc2c(-c4c(C)cc(C)cc4C)cc4ccccc4c2-3)c(C)c1,2,axial,5898
classifier,train,Cc1cc(C)c(-n2c[n+]3c(n2)CO[C@@H]2Cc4ccc([N+](=O)[O-])cc4[C@@H]23)c(C)c1.F[B-](F)(F)F,2,axial,6933
classifier,train,Cc1cc(C)c(-n2c[n+]3c(n2)CO[C@@H]2Cc4ccccc4[C@@H]23)c(C)c1.F[B-](F)(F)F,2,axial,-1
classifier,train,Cc1cc(C)c(-n2c[n+]3c(n2)CO[C@@H]2Cc4ccccc4[C@@H]23)c(C)c1.O.[Cl-],2,axial,-1
classifier,train,Cc1cc(C)c(-n2c[n+]3c(n2)CO[C@H]2Cc4ccccc4[C@H]23)c(C)c1.F[B-](F)(F)F,2,axial,-1
classifier,train,Cc1cc(C)c(-n2c[n+]3c(n2)CO[C@H]2Cc4ccccc4[C@H]23)c(C)c1.O.[Cl-],2,axial,-1
classifier,train,Cc1cc(C)c(N=Nc2n(C(C)C)cc[n+]2C(C)C)c(C)c1,0,achiral,15700
classifier,train,Cc1cc(C)c2c(c1C)-c1c(C)c(C)cc(C)c1C(=O)C2=O,2,axial,1140
classifier,train,Cc1cc(C)cc(-c2cc3c(c(-c4c(O)c(-c5cc(C)cc(C)c5)cc5c4CCCC5)c2O)CCCC3)c1,2,axial,6300
classifier,train,Cc1cc(C)cc(-c2cc3ccccc3c3c2OP(=O)(NS(=O)(=O)C(F)(F)F)Oc2c(-c4cc(C)cc(C)c4)cc4ccccc4c2-3)c1,2,axial,6099
classifier,train,Cc1cc(C)cc(-c2cc3ccccc3c3c2OP(=O)(O)Oc2c(-c4cc(C)cc(C)c4)cc4ccccc4c2-3)c1,2,axial,5890
classifier,train,Cc1cc(C)cc(C2(c3cc(C)cc(C)c3)OP(N(C)C)OC(c3cc(C)cc(C)c3)(c3cc(C)cc(C)c3)[C@H]3OC(C)(C)O[C@@H]32)c1,2,axial,5842
classifier,train,Cc1cc(C)cc(C2(c3cc(C)cc(C)c3)OP(c3ccccc3)OC(c3cc(C)cc(C)c3)(c3cc(C)cc(C)c3)[C@H]3OC(C)(C)O[C@@H]32)c1,2,axial,5860
classifier,train,Cc1cc(C)cc(NC(=O)[C@@H](Cc2ccccc2)NC(=O)OC(C)(C)C)c1,1,central,2513
classifier,train,Cc1cc(C)cc(NC(=O)[C@H](C)c2ccc(CC(C)C)cc2)c1,1,central,2978
classifier,train,Cc1cc(C)cc(NC(=O)[C@]2(C)CCCS2(=O)=O)c1,1,central,4856
classifier,train,Cc1cc(C)cc(P(C2=C(c3c(C)sc(C)c3C(c3ccccc3)c3ccccc3)[C@]3(C)CC[C@H]2C3(C)C)c2cc(C)cc(C)c2)c1,1,central,7019
classifier,train,Cc1cc(C)cc(P(c2cc(C)cc(C)c2)c2ccc3c(c2-c2c(P(c4cc(C)cc(C)c4)c4cc(C)cc(C)c4)ccc4c2CCCC4)CCCC3)c1,2,axial,6975
classifier,train,Cc1cc(C)cc(P(c2cc(C)cc(C)c2)c2ccc3c(c2-c2c(P(c4cc(C)cc(C)c4)c4cc(C)cc(C)c4)ccc4c2OCCO4)OCCO3)c1,2,axial,5794
classifier,train,Cc1cc(C)cc(P(c2cc(C)cc(C)c2)c2ccc3c(c2-c2c(P(c4cc(C)cc(C)c4)c4cc(C)cc(C)c4)ccc4c2OCO4)OCO3)c1,2,axial,6980
classifier,train,Cc1cc(C)cc(P(c2cc(C)cc(C)c2)c2cccc3c2C2(CC3)CCc3cccc(P(c4cc(C)cc(C)c4)c4cc(C)cc(C)c4)c32)c1,2,axial,5787
classifier,train,Cc1cc(C)cc(P(c2cc(C)cc(C)c2)c2cccc3c2[C@@]2(CCc4cccc(C5=N[C@@H](Cc6ccccc6)CO5)c42)CC3)c1,2,axial,6877
classifier,train,Cc1cc(C)nc(Nc2ccc(C(C)C)cc2Br)n1,0,achiral,16469
classifier,train,Cc1cc(C2CCN(C3COC3)CC2)cc(Nc2cc(C#N)ccn2)n1,0,achiral,10668
classifier,train,Cc1cc(N2CCCCC2)c2[nH]ncc2n1,0,achiral,12219
classifier,train,Cc1cc2c#cc3ccnc4c(C)c5nccc(c#cc6cc(C)cc(c6)c6cc(CO)cc(c6)c6cc(C)cc(c#cc7ccnc8c(C)c9nccc(c#cc%10cc(C)cc(c%10)c%10cc(CO)cc(c%10)c%10cc(C)cc(c#cc%11ccnc%12c(C)c%13nccc(c#cc%14cc(C)cc(c%14)c%14cc(CO)cc(c%14)c(c1)c2)c%13cc%11%12)c%10)c9cc78)c6)c5cc34,0,achiral,-1
classifier,train,Cc1cc2c(-c3c(O)ccc4c(Br)c(C)c(C)cc34)c(O)ccc2c(Br)c1C,2,axial,1120
classifier,train,Cc1cc2c(cc1[N+](=O)[O-])N[C@H](CNC(C)C)CC2,1,central,4013
classifier,train,Cc1cc2ccccc2c(-c2c(O)c(C)cc3ccccc23)c1O,2,axial,1041
classifier,train,Cc1cc2ccccc2c([C@@]2(C)OC(=O)c3ccccc32)c1C,1,central,2990
classifier,train,Cc1cc2ccccc2c2c1op(N(C(C)c1ccccc1)C(C)c1ccccc1)oc1c(C)cc3ccccc3c12,2,axial,-1
classifier,train,Cc1cc2ccccc2c2c1op(N(C)C)oc1c(C)cc3ccccc3c12,2,axial,5814
classifier,train,Cc1cc2ccccc2c2c1op(N1CCCCC1)oc1c(C)cc3ccccc3c12,2,axial,5815
classifier,train,Cc1ccc(/C=N/NC(=S)Nc2ccc(Cl)cc2)cc1,0,achiral,8146
classifier,train,Cc1ccc(Br)c2c1CCCC=C2,0,achiral,13285
classifier,train,Cc1ccc(C#Cc2ccccc2[Si](C)(C)C)c(N)c1,0,achiral,7137
classifier,train,Cc1ccc(C(=O)[C@H]2O[C@@H]2c2ccccc2)cc1,1,central,3263
classifier,train,Cc1ccc(C2=CC3=CC=CC=C[C@H]3C2(C#N)C#N)cc1,1,central,5256
classifier,train,Cc1ccc(C2=NNC(c3ccc(C)cc3)=NN2)cc1,0,achiral,15319
classifier,train,Cc1ccc(N=C2NC(=O)CS2)cc1O,0,achiral,14250
classifier,train,Cc1ccc(P(c2ccc(C)cc2)c2ccc3c(c2-c2c(P(c4ccc(C)cc4)c4ccc(C)cc4)ccc4c2OCCO4)OCCO3)cc1,2,axial,5792
classifier,train,Cc1ccc(P(c2ccc(C)cc2)c2ccc3ccccc3c2-c2c(P(c3ccc(C)cc3)c3ccc(C)cc3)ccc3ccccc23)cc1,2,axial,6946
classifier,train,Cc1ccc(S(=O)(=O)C2(Br)CC2)cc1,0,achiral,8123
classifier,train,Cc1ccc(S(=O)(=O)N2Cc3cccc(c3-c3ccccc3)CSc3cccc2c3)cc1,4,planar,5614
classifier,train,Cc1ccc(S(=O)(=O)N2Cc3cccc(c3C(C)(C)C)CSc3cccc2c3)cc1,4,planar,5615
classifier,train,Cc1ccc(S(=O)(=O)N2Cc3cccc(c3C)CSc3cccc2c3)cc1,4,planar,5620
classifier,train,Cc1ccc(S(=O)(=O)N2Cc3cccc(c3S(C)(=O)=O)CSc3cccc2c3)cc1,4,planar,5616
classifier,train,Cc1ccc(S(=O)(=O)N2Cc3cccc(c3[N+](=O)[O-])CS(=O)(=O)c3cccc2c3)cc1,4,planar,5589
classifier,train,Cc1ccc(S(=O)(=O)N2Cc3cccc(c3[N+](=O)[O-])CSc3cccc2c3)cc1,4,planar,5590
classifier,train,Cc1ccc(S(=O)(=O)OCC(=O)Nc2ccccc2)cc1,0,achiral,8048
classifier,train,Cc1ccc(S(=O)(=O)n2cc(CO)c3cccnc32)cc1,0,achiral,8325
classifier,train,Cc1ccc([C+](C)c2cccc(Cl)c2)cc1,0,achiral,13022
classifier,train,Cc1ccc([C@@H]2O[C@H]2c2ccc(Cl)cc2)cc1,1,central,108
classifier,train,Cc1ccc2c(c1)-c1ccccc1/C=C\c1ccccc1-2,2,axial,993
classifier,train,Cc1ccc2c(c1)CC(=O)c1cc(Cl)cc(Cl)c1O2,0,achiral,11828
classifier,train,Cc1ccc2c(c1)CN1CN2Cc2cc(C)ccc21,1,central,-1
classifier,train,Cc1ccc2oc3ccccc3c2c1,0,achiral,11722
classifier,train,Cc1cccc(-n2c(C(C)(C)C)csc2=S)c1,2,axial,1151
classifier,train,Cc1cccc(-n2c(C)csc2=S)c1C,2,axial,1043
classifier,train,Cc1cccc(C)c1NC(=O)[C@H]1CCCCN1C,1,central,3673
classifier,train,Cc1cccc(C)c1N[C@@H]1CCOC1=O,1,central,2518
classifier,train,Cc1cccc(C2=N[C@@H]3c4ccccc4C[C@@H]3O2)n1,2,axial,6385
classifier,train,Cc1cccc(C2=N[C@H]3c4ccccc4C[C@H]3O2)n1,2,axial,6386
classifier,train,Cc1cccc(CN(CCCO)Cc2cccc(C)n2)n1,0,achiral,17022
classifier,train,Cc1cccc(OC#CC2CC2)c1,0,achiral,9979
classifier,train,Cc1cccc2c(=O)[nH]c(C(=O)c3ccccc3)nc12,0,achiral,16261
classifier,train,Cc1cccc2c1-c1c(C)cccc1CC(=O)C2,2,axial,1129
classifier,train,Cc1cccc2c1[C@@]1(SCC[S@@]1=O)c1ccccc1-2,1,central,763
classifier,train,Cc1ccccc1-n1c(C)c(C)sc1=S,2,axial,1048
classifier,train,Cc1ccccc1-n1c(C)csc1=S,2,axial,1046
classifier,train,Cc1ccccc1-n1c(C)nc2ccccc2c1=O,2,axial,1139
classifier,train,Cc1ccccc1CCNC[C@H](O)COc1ccccc1,1,central,1162
classifier,train,Cc1ccccc1N1C(=O)c2cc(S(N)(=O)=O)c(Cl)cc2N[C@@H]1C,1,central,5027
classifier,train,Cc1cccnc1CNc1cccc2c1[C@@]1(CC2)CCc2cccc(P(c3cc(C(C)(C)C)cc(C(C)(C)C)c3)c3cc(C(C)(C)C)cc(C(C)(C)C)c3)c21,2,axial,6955
classifier,train,Cc1ccncc1S(=O)(=O)O,0,achiral,12270
classifier,train,Cc1cnc([NH-])s1,0,achiral,-1
classifier,train,Cc1cnc2c(Cl)cc(Cl)c(O)c2n1,0,achiral,8854
classifier,train,Cc1nc(NCCN2CCOCC2)cc(Nc2ccc(OC(F)(F)F)cc2)n1,0,achiral,11600
classifier,train,Cc1ncn(C(C)C)c1CCl,0,achiral,10138
classifier,train,Cc1nnc(CCl)n1C,0,achiral,8073
classifier,train,Cc1noc2cc3c(cc12)NC(=O)C3,0,achiral,16512
classifier,train,Cc1oc2ccccc2c1CCc1c(C)oc2ccccc12,0,achiral,7873
classifier,train,ClC1=C(Cl)c2c(Br)cc(Br)c3cccc1c23,0,achiral,13974
classifier,train,ClC1=CSC1,0,achiral,13447
classifier,train,ClCCN1CCCC1,0,achiral,8547
classifier,train,Clc1c(N2CCOCC2)ccc2ccccc12,0,achiral,14895
classifier,train,Clc1cc(Cl)c(-n2c[n+]3c(n2)COC[C@@H]3Cc2ccccc2)c(Cl)c1.F[B-](F)(F)F,1,central,-1
classifier,train,Clc1cc(Cl)c(-n2c[n+]3c(n2)CO[C@@H]2Cc4ccccc4[C@@H]23)c(Cl)c1.F[B-](F)(F)F,2,axial,-1
classifier,train,Clc1cc(Cl)c(-n2c[n+]3c(n2)CO[C@H]2Cc4ccccc4[C@H]23)c(Cl)c1.F[B-](F)(F)F,2,axial,-1
classifier,train,Clc1cc(Cl)c(C(c2c(Cl)cc(Cl)cc2Cl)c2c(Cl)cc(Cl)cc2Cl)c(Cl)c1,3,helical,5509
classifier,train,Clc1cc(Cl)c2c(ccc3c4ccccc4c4ccccc4c32)c1,3,helical,5525
classifier,train,Clc1cc(Cl)cc(Nc2nc3ccccc3c3[nH]c(C4CCCCC4)nc23)c1,0,achiral,13403
classifier,train,Clc1ccc(C2=N[C@@H](Cc3ccccc3)CO2)nc1,1,central,6422
classifier,train,Clc1ccc(C2=N[C@@H]3c4ccccc4C[C@@H]3O2)nc1,2,axial,6423
classifier,train,Clc1ccc(C2=N[C@H]3c4ccccc4C[C@H]3O2)nc1,2,axial,6424
classifier,train,Clc1ccc(Cl)c2cnncc12,0,achiral,15719
classifier,train,Clc1ccc2c(N3CCNCC3)csc2c1,0,achiral,16429
classifier,train,Clc1ccc2cc(C3OCCO3)ccc2n1,0,achiral,14780
classifier,train,Clc1ccccc1Nc1nc2ccccc2o1,0,achiral,16011
classifier,train,Clc1ccccc1[C@H]1CN2CCC[C@@H]2c2ccccc21,1,central,18
classifier,train,Clc1nc(N2CCOCC2)cc(N2CCOCC2)n1,0,achiral,8102
classifier,train,Clp1oc2ccc3ccccc3c2c2c(ccc3ccccc32)o1,2,axial,5822
classifier,train,Cn1c(=O)[se]c2cc(C(=O)c3ccc(Cl)cc3)ccc21,0,achiral,7224
classifier,train,Cn1c(=O)c2nc[n-]c2n(C)c1=O,0,achiral,-1
classifier,train,Cn1c(=O)nc2n(-c3cccc4ccccc34)c3ccccc3nc-2c1=O,2,axial,1079
classifier,train,Cn1c(=O)nc2n(-c3ccccc3-c3ccccc3)c3ccccc3nc-2c1=O,2,axial,1080
classifier,train,Cn1c(C=O)nc2cc(Cl)ccc21,0,achiral,10878
classifier,train,Cn1c[n+](C)c2cc3ccccc3cc21,0,achiral,11698
classifier,train,Cn1cc(C(=O)O)c(=O)n(C)c1=O,0,achiral,14146
classifier,train,Cn1cc(C2CCC(=O)CC2)c2cc(C#N)ccc21,0,achiral,9777
classifier,train,FC(F)(F)c1cc(-c2cc3ccccc3c3c2C[N+]2(Cc4ccc5ccccc5c4-c4c(ccc5ccccc45)C2)Cc2c(-c4cc(C(F)(F)F)cc(C(F)(F)F)c4)cc4ccccc4c2-3)cc(C(F)(F)F)c1.[Br-],2,axial,-1
classifier,train,FC(F)(F)c1cc(NC(=S)N[C@@H](c2ccccc2)[C@H](c2ccccc2)N2Cc3ccc4ccccc4c3-c3c(ccc4ccccc34)C2)cc(C(F)(F)F)c1,2,axial,6080
classifier,train,FC(F)(F)c1cc(NC(=S)N[C@@H]2CCCC[C@H]2N2CCCC2)cc(C(F)(F)F)c1,1,central,6066
classifier,train,FC(F)(F)c1cc(NC(=S)N[C@@H]2CCCC[C@H]2N2Cc3ccc4ccccc4c3-c3c(ccc4ccccc34)C2)cc(C(F)(F)F)c1,2,axial,6039
classifier,train,FC(F)(F)c1cc(NC(=S)N[C@H]2CCCC[C@@H]2N2Cc3ccc4ccccc4c3-c3c(ccc4ccccc34)C2)cc(C(F)(F)F)c1,2,axial,6083
classifier,train,FC(F)(F)c1cc(P(c2cc(C(F)(F)F)cc(C(F)(F)F)c2)c2ccc3c(c2-c2c(P(c4cc(C(F)(F)F)cc(C(F)(F)F)c4)c4cc(C(F)(F)F)cc(C(F)(F)F)c4)ccc4c2OCCO4)OCCO3)cc(C(F)(F)F)c1,2,axial,5793
classifier,train,FC(F)(F)c1ccc(C2=N[C@@H]3c4ccccc4C[C@@H]3O2)nc1,2,axial,6396
classifier,train,FC(F)(F)c1ccc(C2=N[C@H]3c4ccccc4C[C@H]3O2)nc1,2,axial,6397
classifier,train,FC(F)(F)c1ccc(CCBr)cn1,0,achiral,13213
classifier,train,FC(F)(F)c1ccc(Sc2ccc(C(F)(F)F)cc2)cc1,0,achiral,14247
classifier,train,FC(F)(F)c1ccc2cc(C(F)(F)F)sc2c1,0,achiral,13576
classifier,train,FC(F)(F)c1ccnc(C2=N[C@@H](Cc3ccccc3)CO2)c1,1,central,6405
classifier,train,FC(F)(F)c1ccnc(C2=N[C@@H]3c4ccccc4C[C@@H]3O2)c1,2,axial,6406
classifier,train,FC(F)(F)c1ccnc(C2=N[C@H]3c4ccccc4C[C@H]3O2)c1,2,axial,6407
classifier,train,F[B-](F)(F)F.Fc1c(F)c(F)c(-n2c[n+]3c(n2)CO[C@@H]2Cc4ccccc4[C@@H]23)c(F)c1F,2,axial,-1
classifier,train,F[B-](F)(F)F.Fc1c(F)c(F)c(-n2c[n+]3c(n2)CO[C@H]2Cc4ccccc4[C@H]23)c(F)c1F,2,axial,-1
classifier,train,F[B-](F)(F)F.c1ccc(-n2c[n+]3c(n2)CO[C@@H]2Cc4ccccc4[C@@H]23)cc1,2,axial,-1
classifier,train,F[B-](F)(F)F.c1ccc(-n2c[n+]3c(n2)CO[C@H]2Cc4ccccc4[C@H]23)cc1,2,axial,-1
classifier,train,F[B-](F)(F)F.c1ccc(C[C@H]2COCc3nn(-c4ccccc4)c[n+]32)cc1,1,central,-1
classifier,train,Fc1cc(-c2cc3ccccc3c3c2C[N+]2(Cc4ccc5ccccc5c4-c4c(ccc5ccccc45)C2)Cc2c(-c4cc(F)c(F)c(F)c4)cc4ccccc4c2-3)cc(F)c1F.[Br-],2,axial,-1
classifier,train,Fc1ccc(B2Nc3ccccc3C=C2Br)cc1,0,achiral,12693
classifier,train,Fc1ccc(C2=N[C@@H](c3ccccc3)CO2)nc1,1,central,6428
classifier,train,Fc1ccc(N2CCc3ccccc3C2)c(F)c1,0,achiral,13501
classifier,train,Fc1ccc2c(C3CCNCC3)cn(CCc3ccsc3)c2c1,0,achiral,9464
classifier,train,N#C/C(C1=N[C@H](c2ccccc2)[C@H](c2ccccc2)O1)=C1/N[C@H](c2ccccc2)[C@H](c2ccccc2)O1,1,central,6763
classifier,train,N#C/C(C1=N[C@H]2c3ccccc3C[C@H]2O1)=C1\N[C@H]2c3ccccc3C[C@H]2O1,2,axial,6762
classifier,train,N#CCCCc1ccc2c(c1)Cc1ccccc1C2,0,achiral,12393
classifier,train,N#CCc1ccc(CC#N)[nH]1,0,achiral,15317
classifier,train,N#Cc1cc(C(F)(F)F)c2[nH]c3c(c2c1)CCCC3=O,0,achiral,15706
classifier,train,N#Cc1cc(N)c2[nH]c(Br)cc2c1,0,achiral,11562
classifier,train,N#Cc1ccc(/C=C2\NC(=O)NC2=O)cc1,0,achiral,8360
classifier,train,N#Cc1ccc(N2CCNCC2)cc1Cl,0,achiral,11132
classifier,train,N#Cc1ccc2ccccc2c1-c1c(C#N)ccc2ccccc12,2,axial,1005
classifier,train,N#Cc1ccc2ccccc2c1-c1c(OS(=O)(=O)C(F)(F)F)ccc2ccccc12,2,axial,1006
classifier,train,N#Cc1cccc(Cn2ccc([N+](=O)[O-])n2)c1,0,achiral,8551
classifier,train,N#Cc1nc2ccc3cc(N)ccc3c2s1,0,achiral,8860
classifier,train,N#Cc1ncc(Cl)nc1N,0,achiral,9592
classifier,train,NC(=O)CC[C@H](NC(=O)OCc1ccccc1)C(=O)OCc1ccccc1,1,central,4780
classifier,train,NC(=O)c1cc(CO)sc1[N+](=O)[O-],0,achiral,12583
classifier,train,NC(=O)c1n[nH]cc1NCCc1cccc(N)c1,0,achiral,7084
classifier,train,NCCN1CCN(C(c2ccccc2)c2ccccc2)CC1,0,achiral,15977
classifier,train,NCc1ccccn1,0,achiral,14078
classifier,train,NN1C(=O)c2ccc3c4c(ccc(c24)C1=O)C(=O)N(N)C3=O,0,achiral,13721
classifier,train,NNc1cnc2ccccc2n1,0,achiral,12729
classifier,train,N[C@@H](Cc1c[nH]c2ccccc12)C(=O)O,1,central,1227
classifier,train,N[C@@H](c1ccccc1)[C@H](c1ccccc1)P1Cc2ccc3ccccc3c2-c2c(ccc3ccccc23)C1,2,axial,6950
classifier,train,N[C@H]1c2ccccc2C[C@@H]1P(c1ccccc1)c1ccccc1,1,central,6949
classifier,train,Nc1c(S(=O)(=O)[O-])cc2c3c(cc(S(=O)(=O)[O-])cc13)C(=O)N(c1cccc(S(=O)(=O)CCOS(=O)(=O)[O-])c1)C2=O,0,achiral,-1
classifier,train,Nc1c2nc[nH]c(=O)c2cc2nc[nH]c12,0,achiral,13404
classifier,train,Nc1cc(Cl)n2nccc2n1,0,achiral,7644
classifier,train,Nc1cc(F)c(C2CCSCC2)c(F)c1,0,achiral,15191
classifier,train,Nc1ccc(N2CCC(=O)N(Cc3ccccc3)CC2)nc1,0,achiral,15547
classifier,train,Nc1ccc(NCc2ccccc2)nc1N,0,achiral,10514
classifier,train,Nc1ccc2c(c1-c1c(N)ccc3c1CCCC3)CCCC2,2,axial,6243
classifier,train,Nc1ccc2cc(Br)ccc2c1-c1c(N)ccc2cc(Br)ccc12,2,axial,6166
classifier,train,Nc1ccc2ccccc2c1-c1c(O)ccc2ccccc12,2,axial,6233
classifier,train,Nc1ccccc1CCc1ccccn1,0,achiral,9124
classifier,train,Nc1ccn(CCC(=O)O)n1,0,achiral,15410
classifier,train,Nc1nc(N)c2[nH]c(=S)[nH]c2n1,0,achiral,12618
classifier,train,Nc1nc2c(Br)c3nc(N)sc3c(Cl)c2s1,0,achiral,13945
classifier,train,Nc1nc2ccc(Cl)cc2n2c(C(F)(F)F)nnc12,0,achiral,10711
classifier,train,Nc1nnnn1C1CCCCC1,0,achiral,13794
classifier,train,O/N=C(/c1ccc(Cl)cc1)c1ncc(N2CCOCC2)o1,0,achiral,13947
classifier,train,O=C(CBr)OCN1C(=O)NC(c2ccccc2)(c2ccccc2)C1=O,0,achiral,11660
classifier,train,O=C(CCOS(=O)(=O)c1ccc(Br)cc1)C1CCCCC1,0,achiral,11575
classifier,train,O=C(Cc1ccc(C(F)(F)F)cc1)c1cccnc1,0,achiral,8639
classifier,train,O=C(N[C@@H](CO)C(=O)O)OCC1c2ccccc2-c2ccccc21,1,central,4074
classifier,train,O=C(N[C@H](CCc1ccccc1)C(=O)O)c1cc([N+](=O)[O-])cc([N+](=O)[O-])c1,1,central,2556
classifier,train,O=C(N[C@H](CO)Cc1ccccc1)c1cc([N+](=O)[O-])cc([N+](=O)[O-])c1,1,central,5354
classifier,train,O=C(N[C@H](Cc1ccccc1)C(=O)Nc1ccccc1)OCc1ccccc1,1,central,4214
classifier,train,O=C(N[C@H](Cc1ccccc1)C(=O)Oc1ccc([N+](=O)[O-])cc1)Oc1ccccc1,1,central,2045
classifier,train,O=C(N[C@H](Cc1ccccc1)c1ccccc1)c1cccc2ccccc12,1,central,2173
classifier,train,O=C(N[C@H]1CN2CCC1CC2)c1cc(Cl)cc2c1O[C@H]1CCC[C@@H]2C1,1,central,886
classifier,train,O=C(Nc1cc([N+](=O)[O-])cc([N+](=O)[O-])c1)N[C@H]1CCCc2ccccc21,1,central,3775
classifier,train,O=C(Nc1cc([N+](=O)[O-])cc([N+](=O)[O-])c1)O[C@@H]1CCCCC[C@H]1OC(=O)Nc1cc([N+](=O)[O-])cc([N+](=O)[O-])c1,1,central,528
classifier,train,O=C(Nc1ccccn1)c1nnn[nH]1,0,achiral,12337
classifier,train,O=C(O)CCCc1ccc(Oc2ccc(CCCC(=O)O)cc2)cc1,0,achiral,13303
classifier,train,O=C(O)CN1CCCC1,0,achiral,12559
classifier,train,O=C(O)COC(=O)C1CC1,0,achiral,9525
classifier,train,O=C(O)[C@](O)(CC1CCCCC1)c1ccsc1,1,central,4294
classifier,train,O=C(O)c1cc(I)cc(C(=O)O)n1,0,achiral,7931
classifier,train,O=C(O)c1cc2ccc3ccc4c(C(=O)O)c(C(=O)O)c5ccc6ccc1c1c2c3c4c5c61,0,achiral,8042
classifier,train,O=C(O)c1ccc2ccccc2c1-c1c(C(=O)O)ccc2ccccc12,2,axial,6143
classifier,train,O=C(O)c1csc(NS(=O)(=O)c2ccc([N+](=O)[O-])cc2)n1,0,achiral,15947
classifier,train,O=C(OC[C@H]1CO1)c1ccccc1,1,central,4942
classifier,train,O=C(O[C@@H](c1ccccc1)[C@@H](OC(=O)c1ccccc1)c1ccccc1)c1ccccc1,1,central,604
classifier,train,O=C([C@@H]1CCCC[C@H]1C(=O)N1CCCCC1)N1CCCCC1,1,central,489
classifier,train,O=C(c1ccccc1)N1CCC(c2cnc(Cc3ccccc3)o2)CC1,0,achiral,16322
classifier,train,O=C(c1ccccc1)c1ccc(N=C(c2ccccc2)c2ccccc2)cc1,0,achiral,7816
classifier,train,O=C(c1ccccc1)c1ccc(Sc2ccccc2)cc1,0,achiral,9112
classifier,train,O=C1C(=O)c2ccc3ccccc3c2-c2c1ccc1ccccc21,2,axial,1145
classifier,train,O=C1C(Cl)=C(Cl)C(=O)c2cnccc21,0,achiral,15109
classifier,train,O=C1C(O)=C(c2ccccc2)C(=O)N1c1ccccc1Cl,0,achiral,9545
classifier,train,O=C1C=CCC(c2ccccc2)(c2ccccc2)C1,0,achiral,7682
classifier,train,O=C1C=CO[C@H](c2ccccc2)O1,1,central,5437
classifier,train,O=C1CCC(O)=C1CCCc1ccccc1,0,achiral,14711
classifier,train,O=C1CCCCN1CCCCCCBr,0,achiral,14629
classifier,train,O=C1CN(C(c2ccccc2)c2ccccc2)N=C(c2ccccc2)O1,0,achiral,9237
classifier,train,O=C1CN2Cc3c(sc4c3CCCCC4)N=C2N1,0,achiral,12204
classifier,train,O=C1CS(=O)(=O)CCS(=O)(=O)C1,0,achiral,15883
classifier,train,O=C1C[C@H](O)C[C@@H](/C=C/c2c(-c3ccc(F)cc3)ccc3ccccc23)O1,1,central,9
classifier,train,O=C1C[C@H]2c3ccccc3C(=O)C[C@H]2c2ccccc21,1,central,595
classifier,train,O=C1C[C]2[CH][CH][CH][CH][C]2c2ccccc2C1.[C-]#[O+].[C-]#[O+].[C-]#[O+].[Cr],2,axial,-1
classifier,train,O=C1N(c2ccccc2)NC2=CC(=O)N(c3ccccc3)c3cc(Cl)ccc3N12,0,achiral,7971
classifier,train,O=C1N/C(=C\Br)c2ccccc21,0,achiral,8767
classifier,train,O=C1NC[C@@H](c2ccc(O)cc2)O1,1,central,4103
classifier,train,O=C1N[C@H](Cc2ccccc2)CO1,1,central,4833
classifier,train,O=C1N[C@H](c2cccc3ccccc23)CO1,1,central,4160
classifier,train,O=C1Nc2cc(Cl)cc(Cl)c2C1=O,0,achiral,12001
classifier,train,O=C1Nc2ccc(Cl)cc2C(c2ccccc2)=N[C@@H]1N1CCCCC1,1,central,3693
classifier,train,O=C1OCC[C@@H](c2ccccc2)O1,1,central,5442
classifier,train,O=C1OCc2ccc3ccccc3c2-c2c1ccc1ccccc21,2,axial,1075
classifier,train,O=C1[N-]C(=O)c2cc(F)ccc21,0,achiral,-1
classifier,train,O=C1c2ccc(Oc3cccc(C#Cc4ccccc4)c3)cc2C(=O)N1c1ccc2c(c1)C=C2,0,achiral,15718
classifier,train,O=C1c2cccc[n+]2[C-]1c1ccccn1,0,achiral,9665
classifier,train,O=C1c2ccccc2C(=O)N1CCCOc1c(Cl)cc(OCC=C(Cl)Cl)cc1Cl,0,achiral,7501
classifier,train,O=C1c2ccccc2C(=O)N1OCCCC=C=C1CCCCC1,0,achiral,16557
classifier,train,O=C1c2ccccc2O[C@@H](c2ccccc2)[C@@H]1O,1,central,722
classifier,train,O=CNc1ccc2c(N3C(=O)c4ccccc4C3=O)noc2c1,0,achiral,7565
classifier,train,O=Cc1cc2ccccc2c(-c2c(O)c(C=O)cc3ccccc23)c1O,2,axial,6322
classifier,train,O=Cc1ccc(OCCN2CCSc3ccccc32)cc1,0,achiral,11650
classifier,train,O=Cc1ccc(Sc2ccc(Cl)cc2Cl)cc1,0,achiral,11886
classifier,train,O=Cc1csc2ccc(Cl)nc12,0,achiral,13331
classifier,train,O=P(c1ccccc1)(c1ccccc1)c1ccc2ccccc2c1-c1c(OS(=O)(=O)C(F)(F)F)ccc2ccccc12,2,axial,1010
classifier,train,O=P1(NS(=O)(=O)C(F)(F)F)Oc2c(-c3c(F)c(F)c(F)c(F)c3F)cc3ccccc3c2-c2c(c(-c3c(F)c(F)c(F)c(F)c3F)cc3ccccc23)O1,2,axial,6101
classifier,train,O=P1(NS(=O)(=O)C(F)(F)F)Oc2c(-c3c4ccccc4cc4ccccc34)cc3c(c2-c2c4c(cc(-c5c6ccccc6cc6ccccc56)c2O1)CCCC4)CCCC3,2,axial,6119
classifier,train,O=P1(NS(=O)(=O)C(F)(F)F)Oc2c(-c3cc(-c4ccccc4)cc(-c4ccccc4)c3)cc3ccccc3c2-c2c(c(-c3cc(-c4ccccc4)cc(-c4ccccc4)c3)cc3ccccc23)O1,2,axial,6103
classifier,train,O=P1(NS(=O)(=O)C(F)(F)F)Oc2c(-c3cc(C(F)(F)F)cc(C(F)(F)F)c3)cc3ccccc3c2-c2c(c(-c3cc(C(F)(F)F)cc(C(F)(F)F)c3)cc3ccccc23)O1,2,axial,6113
classifier,train,O=P1(NS(=O)(=O)C(F)(F)F)Oc2c(-c3cc4ccccc4c4ccccc34)cc3c(c2-c2c4c(cc(-c5cc6ccccc6c6ccccc56)c2O1)CCCC4)CCCC3,2,axial,6094
classifier,train,O=P1(NS(=O)(=O)C(F)(F)F)Oc2c(-c3cc4ccccc4c4ccccc34)cc3ccccc3c2-c2c(c(-c3cc4ccccc4c4ccccc34)cc3ccccc23)O1,2,axial,6115
classifier,train,O=P1(NS(=O)(=O)C(F)(F)F)Oc2c(-c3ccc4ccccc4c3)cc3ccccc3c2-c2c(c(-c3ccc4ccccc4c3)cc3ccccc23)O1,2,axial,6106
classifier,train,O=P1(NS(=O)(=O)C(F)(F)F)Oc2c(-c3cccc4ccccc34)cc3c(c2-c2c4c(cc(-c5cccc6ccccc56)c2O1)CCCC4)CCCC3,2,axial,6093
classifier,train,O=P1(NS(=O)(=O)C(F)(F)F)Oc2c(-c3cccc4ccccc34)cc3ccccc3c2-c2c(c(-c3cccc4ccccc34)cc3ccccc23)O1,2,axial,6112
classifier,train,O=P1(NS(=O)(=O)C(F)(F)F)Oc2c(-c3ccccc3)cc3ccccc3c2-c2c(c(-c3ccccc3)cc3ccccc23)O1,2,axial,6114
classifier,train,O=P1(O)Oc2c(-c3c(C4CCCCC4)cc(C4CCCCC4)cc3C3CCCCC3)cc3ccccc3c2-c2c(c(-c3c(C4CCCCC4)cc(C4CCCCC4)cc3C3CCCCC3)cc3ccccc23)O1,2,axial,5903
classifier,train,O=P1(O)Oc2c(-c3c(F)c(F)c(F)c(F)c3F)cc3ccccc3c2-c2c(c(-c3c(F)c(F)c(F)c(F)c3F)cc3ccccc23)O1,2,axial,5904
classifier,train,O=P1(O)Oc2c(-c3c4ccccc4cc4ccccc34)cc3c(c2-c2c4c(cc(-c5c6ccccc6cc6ccccc56)c2O1)CCCC4)CCCC3,2,axial,5925
classifier,train,O=P1(O)Oc2c(-c3c4ccccc4cc4ccccc34)cc3ccccc3c2-c2c(c(-c3c4ccccc4cc4ccccc34)cc3ccccc23)O1,2,axial,5905
classifier,train,O=P1(O)Oc2c(-c3cc(-c4ccccc4)cc(-c4ccccc4)c3)cc3c(c2-c2c4c(cc(-c5cc(-c6ccccc6)cc(-c6ccccc6)c5)c2O1)CCCC4)CCCC3,2,axial,5921
classifier,train,O=P1(O)Oc2c(-c3cc(Cl)cc(Cl)c3)cc3ccccc3c2-c2c(c(-c3cc(Cl)cc(Cl)c3)cc3ccccc23)O1,2,axial,5891
classifier,train,O=P1(O)Oc2c(-c3cc4ccccc4c4ccccc34)cc3ccccc3c2-c2c(c(-c3cc4ccccc4c4ccccc34)cc3ccccc23)O1,2,axial,5906
classifier,train,O=P1(O)Oc2c(-c3ccc(-c4cccc5ccccc45)cc3)cc3ccccc3c2-c2c(c(-c3ccc(-c4cccc5ccccc45)cc3)cc3ccccc23)O1,2,axial,5901
classifier,train,O=P1(O)Oc2c(-c3ccc(-c4ccccc4)cc3)cc3ccccc3c2-c2c(c(-c3ccc(-c4ccccc4)cc3)cc3ccccc23)O1,2,axial,5895
classifier,train,O=P1(O)Oc2c(-c3ccc4ccc5cccc6ccc3c4c56)cc3ccccc3c2-c2c(c(-c3ccc4ccc5cccc6ccc3c4c56)cc3ccccc23)O1,2,axial,5908
classifier,train,O=P1(O)Oc2c(-c3ccc4ccccc4c3)cc3c(c2-c2c4c(cc(-c5ccc6ccccc6c5)c2O1)CCCC4)CCCC3,2,axial,5924
classifier,train,O=P1(O)Oc2c(-c3ccc4ccccc4c3)cc3ccccc3c2-c2c(c(-c3ccc4ccccc4c3)cc3ccccc23)O1,2,axial,5900
classifier,train,O=P1(O)Oc2c(-c3ccccc3)cc3ccccc3c2-c2c(c(-c3ccccc3)cc3ccccc23)O1,2,axial,5884
classifier,train,O=P1(O)Oc2c([Si](c3ccccc3)(c3ccccc3)c3ccccc3)cc3ccccc3c2-c2c(c([Si](c3ccccc3)(c3ccccc3)c3ccccc3)cc3ccccc23)O1,2,axial,5883
classifier,train,O=P1(O)Oc2c(c(-c3ccccc3)cc3ccc4ccccc4c23)-c2c(-c3ccccc3)cc3ccc4ccccc4c3c2O1,2,axial,-1
classifier,train,O=P1(O)Oc2cccc3c2-c2c(cccc2O1)N=C(c1ccccc1)C(c1ccccc1)=N3,2,axial,-1
classifier,train,O=S(=O)(Cl)c1c2cccc1COCCOCCOCCOCCOCCOCCOC2,0,achiral,13959
classifier,train,O=S(=O)(Cl)c1ccc2ccccc2c1-c1c(S(=O)(=O)Cl)ccc2ccccc12,2,axial,6334
classifier,train,O=S(=O)(N=P1(NP2(=NS(=O)(=O)C(F)(F)F)Oc3c(-c4cc(C(F)(F)F)cc(C(F)(F)F)c4)cc4ccccc4c3-c3c(c(-c4cc(C(F)(F)F)cc(C(F)(F)F)c4)cc4ccccc34)O2)Oc2c(-c3cc(C(F)(F)F)cc(C(F)(F)F)c3)cc3ccccc3c2-c2c(c(-c3cc(C(F)(F)F)cc(C(F)(F)F)c3)cc3ccccc23)O1)C(F)(F)F,2,axial,-1
classifier,train,O=S(=O)(O)c1ccc2ccccc2c1-c1c(S(=O)(=O)O)ccc2ccccc12,2,axial,-1
classifier,train,O=S(=O)(Oc1ccc2ccccc2c1-c1c(OS(=O)(=O)C(F)(F)F)ccc2ccccc12)C(F)(F)F,2,axial,1011
classifier,train,O=S1(=O)Cc2cccc(c2)OCc2cccc1c2,3,helical,5522
classifier,train,O=S1CCOCCOc2ccc3ccccc3c2-c2c(ccc3ccccc23)OCCOCC1,2,axial,1058
classifier,train,O=[N+]([O-])CC(=C(Br)Br)c1ccoc1,0,achiral,7639
classifier,train,O=[N+]([O-])c1cc(S(=O)(=O)Nc2ccc(Cl)cc2)ccc1Cl,0,achiral,8133
classifier,train,O=[N+]([O-])c1cc([O-])cc2cccnc12,0,achiral,-1
classifier,train,O=[N+]([O-])c1ccc(-c2cc3ccccc3c3c2OP(=O)(O)Oc2c(-c4ccc([N+](=O)[O-])cc4)cc4ccccc4c2-3)cc1,2,axial,5886
classifier,train,O=[N+]([O-])c1ccc(N/N=C/c2cc3ccc2CCc2ccc(cc2)CC3)cc1,4,planar,5584
classifier,train,O=[N+]([O-])c1ccc(Nc2nc3ccnc(Cl)c3[nH]2)cc1,0,achiral,16482
classifier,train,O=[N+]([O-])c1ccc(Sc2ccc([N+](=O)[O-])[nH]2)cc1,0,achiral,10129
classifier,train,O=[N+]([O-])c1ccc([C@H](O)c2ccccc2)cc1,1,central,1308
classifier,train,O=[N+]([O-])c1ccc2c(C3CCCCCCC3)c[nH]c2c1,0,achiral,14204
classifier,train,O=[S@@](CCc1ccccc1)c1ccccc1,1,central,5431
classifier,train,O=[S@](Sc1ccccc1)c1ccc(Cl)cc1,1,central,1799
classifier,train,O=[S@]1CCS[C@@]12CCc1ccccc12,1,central,770
classifier,train,O=[S@]1CCS[C@]12c1ccccc1-c1ccc(O)cc12,1,central,762
classifier,train,O=[Se](Cc1ccccc1)c1ccccc1,1,central,5423
classifier,train,O=c1[nH]c(=O)c2cc(Cl)cc(Cl)c2[nH]1,0,achiral,14265
classifier,train,O=c1[nH]c(=O)c2ccc(Cl)c(Cl)c2[nH]1,0,achiral,11841
classifier,train,O=c1[nH]c(=O)c2cocc2[nH]1,0,achiral,14156
classifier,train,O=c1[nH]c2cc3ccc(C(F)(F)F)cc3nc2[nH]1,0,achiral,15357
classifier,train,O=c1c(NCc2cc(C(F)(F)F)cc(C(F)(F)F)c2)c(NC2CCCCC2N2Cc3ccc4ccccc4c3-c3c(ccc4ccccc34)C2)c1=O,2,axial,6091
classifier,train,O=c1c(Nc2cc(C(F)(F)F)cc(C(F)(F)F)c2)c(N[C@@H](c2ccccc2)[C@H](c2ccccc2)N2Cc3ccc4ccccc4c3-c3c(ccc4ccccc34)C2)c1=O,2,axial,6092
classifier,train,O=c1cc(Nc2ccc3c(c2)CCC3)[nH]c(=S)[nH]1,0,achiral,9885
classifier,train,O=c1ccncn1C1CCCCC1,0,achiral,16920
classifier,train,O=c1oc2ccccc2c2ccc(C(F)(F)F)cc12,0,achiral,14166
classifier,train,OC(c1ccccc1)(c1ccccc1)c1cc(Cl)cc(Cl)c1-c1c(Cl)cc(Cl)cc1C(O)(c1ccccc1)c1ccccc1,2,axial,1063
classifier,train,OCC1COCCOCCOc2ccc3ccccc3c2-c2c(ccc3ccccc23)OCCOCCO1,2,axial,1156
classifier,train,OCCS[C@H]1c2c(cc3ccc4cccc5ccc2c3c45)[C@@H](O)[C@H](O)[C@H]1O,1,central,968
classifier,train,OC[C@H]1C[C@@H]1COC(c1ccccc1)(c1ccccc1)c1ccccc1,1,central,93
classifier,train,OC[C@]12C=CC=C[C@H]1C=CCC2,1,central,648
classifier,train,OCc1c(-c2c(CO)c3ccccc3c3ccccc23)c2ccccc2c2ccccc12,2,axial,1091
classifier,train,O[C@@H](CN1CCCCC1)c1cc(-c2ccccc2)on1,1,central,3903
classifier,train,O[C@@H](c1ccccc1)c1cccc2ccccc12,1,central,3883
classifier,train,O[C@@H]1CCCc2cc3ccc4ccccc4c3cc21,1,central,4036
classifier,train,O[C@@H]1[C@@H](O)[C@H](OCc2ccccc2)[C@@H](O)[C@@H](OCc2ccccc2)[C@H]1O,1,central,5564
classifier,train,O[C@H](c1c2ccccc2c(Cc2ccccc2)c2ccccc12)C(F)(F)F,1,central,4577
classifier,train,O[C@H](c1c2ccccc2cc2c(-c3ccccc3)cccc12)C(F)(F)F,1,central,4712
classifier,train,O[C@H](c1ccccc1)C1CCCCC1,1,central,4700
classifier,train,O[C@H]1CCCc2ccc3c(ccc4ccccc43)c21,1,central,2818
classifier,train,Oc1c(-c2c(-c3ccccc3)cc3ccc4ccccc4c3c2O)c(-c2ccccc2)cc2ccc3ccccc3c12,2,axial,6323
classifier,train,Oc1c(-c2c(O)c3ccccc3c3ccccc23)c2ccccc2c2ccccc12,2,axial,1092
classifier,train,Oc1c(-c2c3ccccc3cc3ccccc23)cc2c(c1-c1c(O)c(-c3c4ccccc4cc4ccccc34)cc3c1CCCC3)CCCC2,2,axial,6293
classifier,train,Oc1c(-c2c3ccccc3cc3ccccc23)cc2ccccc2c1-c1c(O)c(-c2c3ccccc3cc3ccccc23)cc2ccccc12,2,axial,6298
classifier,train,Oc1c(-c2cc(C(F)(F)F)cc(C(F)(F)F)c2)cc2c(c1-c1c(O)c(-c3cc(C(F)(F)F)cc(C(F)(F)F)c3)cc3c1CCCC3)CCCC2,2,axial,6301
classifier,train,Oc1c(-c2cc3ccccc3c3ccccc23)cc2ccccc2c1-c1c(O)c(-c2cc3ccccc3c3ccccc23)cc2ccccc12,2,axial,-1
classifier,train,Oc1c(-c2ccc(-c3ccccc3)cc2)cc2ccccc2c1-c1c(O)c(-c2ccc(-c3ccccc3)cc2)cc2ccccc12,2,axial,6308
classifier,train,Oc1c(-c2ccc(C(F)(F)F)cc2)cc2ccccc2c1-c1c(O)c(-c2ccc(C(F)(F)F)cc2)cc2ccccc12,2,axial,6315
classifier,train,Oc1c(-c2cccc3ccccc23)cc2ccccc2c1-c1c(O)c(-c2cccc3ccccc23)cc2ccccc12,2,axial,6302
classifier,train,Oc1c(-c2ccccc2)cc2c(c1-c1c(O)c(-c3ccccc3)cc3c1CCCC3)CCCC2,2,axial,6294
classifier,train,Oc1c(-c2ccccc2)cc2ccccc2c1-c1c(O)c(-c2ccccc2)cc2ccccc12,2,axial,1119
classifier,train,Oc1c(Br)cc2c(c1-c1c(O)c(Br)cc3c1CCCC3)CCCC2,2,axial,6326
classifier,train,Oc1c(Br)cc2ccccc2c1-c1c(O)c(Br)cc2ccccc12,2,axial,6328
classifier,train,Oc1c(I)cc2ccccc2c1-c1c(O)c(I)cc2ccccc12,2,axial,-1
classifier,train,Oc1c(P(c2ccccc2)c2ccccc2)cc2ccccc2c1-c1c(O)c(P(c2ccccc2)c2ccccc2)cc2ccccc12,2,axial,7021
classifier,train,Oc1c2c(c3ccccc3c1-c1c(O)c3c(c4ccccc14)CCCC3)CCCC2,2,axial,1096
classifier,train,Oc1c2c(cc3c1CCC3)CCC2,0,achiral,13937
classifier,train,Oc1ccc2c(c1-c1c(O)ccc3c1CCCC3)CCCC2,2,axial,6314
classifier,train,Oc1ccc2cc(Br)ccc2c1-c1c(O)ccc2cc(Br)ccc12,2,axial,1118
classifier,train,Oc1ccc2ccc3ccccc3c2c1-c1c(O)ccc2ccc3ccccc3c12,2,axial,1095
classifier,train,Oc1ccc2ccccc2c1-c1c(O)c(COCc2cc3ccccc3c(-c3c(O)ccc4ccccc34)c2O)cc2ccccc12,2,axial,6319
classifier,train,Oc1ccc2ccccc2c1-c1c(O)ccc2ccccc12,2,axial,988
classifier,train,Oc1ccc2ccccc2c1-c1cccc2ccccc12,2,axial,1097
classifier,train,Oc1ccc2ncncc2c1,0,achiral,7810
classifier,train,Oc1cccc2c1C1(CC2)CCc2cccc(O)c21,2,axial,6311
classifier,train,S=C(S)c1cccs1,0,achiral,12717
classifier,train,Sc1cc(Br)cs1,0,achiral,8003
classifier,train,Sc1ccc2ccccc2c1-c1c(S)ccc2ccccc12,2,axial,1032
classifier,train,[Br-].c1ccc(-c2cc(-c3ccccc3)cc(-c3cc4ccccc4c4c3C[N+]3(Cc5ccc6ccccc6c5-c5c(ccc6ccccc56)C3)Cc3c(-c5cc(-c6ccccc6)cc(-c6ccccc6)c5)cc5ccccc5c3-4)c2)cc1,2,axial,-1
classifier,train,[N]#[Os]([Cl])([Cl])([Cl])([As](c1ccccc1)(c1ccccc1)c1ccccc1)[As](c1ccccc1)(c1ccccc1)c1ccccc1,0,achiral,-1
classifier,train,[O-]C1(C#Cc2ccccc2)CCCCC1,0,achiral,-1
classifier,train,[O-][n+]1cccnc1,0,achiral,16394
classifier,train,[O]P1(c2ccccc2)(c2ccccc2)c2ccc3ccccc3c2-c2c(ccc3ccccc23)P1([O])(c1ccccc1)c1ccccc1,2,axial,7025
classifier,train,c1cc(C2=N[C@@H]3c4ccccc4C[C@@H]3O2)cc(C2=N[C@@H]3c4ccccc4C[C@@H]3O2)c1,2,axial,6804
classifier,train,c1cc(C2=N[C@@H]3c4ccccc4C[C@@H]3O2)nc(C2=N[C@@H]3c4ccccc4C[C@@H]3O2)c1,2,axial,6856
classifier,train,c1cc(C2=N[C@H](C3CCCCC3)CO2)nc(C2=N[C@H](C3CCCCC3)CO2)c1,1,central,6851
classifier,train,c1cc2c(c3c1C[C@@H]1c4cc5c(cc4CCN1C3)OCO5)OCO2,1,central,2601
classifier,train,c1cc2c(ccc3sc4ccc5sc6ccc7sc8ccc9sc%10ccc%11sc%12ccc%13sccc%13c%12c%11c%10c9c8c7c6c5c4c32)s1,3,helical,5511
classifier,train,c1cc2c(ccc3sc4ccc5sc6ccc7sc8ccc9sccc9c8c7c6c5c4c32)s1,3,helical,5513
classifier,train,c1cc2c(ccc3sc4ccc5sccc5c4c32)s1,3,helical,5508
classifier,train,c1cc2cc(c1)-c1ccccc1-c1cccc(c1)CC2,4,planar,5630
classifier,train,c1cc2cc(c1)-c1nc3ccccc3nc1-c1cccc(c1)CC2,4,planar,5628
classifier,train,c1cc2cc(c1)CSc1cccc(c1)OC2,4,planar,5632
classifier,train,c1cc2ccc3ccc4ccc5ccc6cc5c4c3c2cc1COCCOCCOCCOCCOCCOC6,3,helical,5518
classifier,train,c1cc2ccc3ccc4ccc5ccc6ccc7cc6c5c4c3c2cc1COCCOCCOCCOCCOCCOC7,3,helical,5517
classifier,train,c1cc2op(N3CCCC3)oc3ccc4c(c3c2c2c1CCCC2)CCCC4,2,axial,5825
classifier,train,c1cc2op(N3CCCCC3)oc3ccc4c(c3c2c2c1CCCC2)CCCC4,2,axial,5826
classifier,train,c1ccc(-c2cccc(C3=N[C@@H]4c5ccccc5C[C@@H]4O3)n2)cc1,2,axial,6448
classifier,train,c1ccc(-c2cccc(C3=N[C@H]4c5ccccc5C[C@H]4O3)n2)cc1,2,axial,6449
classifier,train,c1ccc(C(c2ccccc2)c2cccc(C3=N[C@@H]4c5ccccc5C[C@@H]4O3)n2)cc1,2,axial,6462
classifier,train,c1ccc(C2=N[C@@H]3c4ccccc4C[C@@H]3O2)nc1,2,axial,6369
classifier,train,c1ccc(C2=N[C@H]3c4ccccc4C[C@H]3O2)nc1,2,axial,6370
classifier,train,c1ccc(C2=Nc3cccc(P(c4ccccc4)c4ccccc4)c3-c3c(cccc3P(c3ccccc3)c3ccccc3)N=C2c2ccccc2)cc1,2,axial,5796
classifier,train,c1ccc(CC(Cc2ccccc2)(C2=N[C@H]3c4ccccc4C[C@H]3O2)C2=N[C@H]3c4ccccc4C[C@H]3O2)cc1,2,axial,6731
classifier,train,c1ccc(CN(c2ccccc2)C2CCNCC2)cc1,0,achiral,12345
classifier,train,c1ccc(CN2CCOCCOc3ccc4ccccc4c3-c3c(ccc4ccccc34)OCCOCC2)cc1,2,axial,1067
classifier,train,c1ccc(CNCCc2cnc[nH]2)cc1,0,achiral,14143
classifier,train,c1ccc(CN[C@H](c2ccccc2)[C@H](NCc2ccccc2)c2ccccc2)cc1,1,central,6168
classifier,train,c1ccc(COc2cc(OCc3ccccc3)c3c(ccc4c5ccccc5c5ccccc5c43)c2)cc1,3,helical,5526
classifier,train,c1ccc(COc2cc(OCc3ccccc3)c3c(ccc4ccc5ccccc5c43)c2)cc1,3,helical,5527
classifier,train,c1ccc(C[C@@H]2COC(C3(C4=N[C@H](Cc5ccccc5)CO4)CCCCCC3)=N2)cc1,1,central,6618
classifier,train,c1ccc(C[C@@H]2COC([C@H]3CCCCN3P(c3ccccc3)c3ccccc3)=N2)cc1,1,central,6592
classifier,train,c1ccc(C[C@@H]2COC(c3cccc(-c4ccccn4)n3)=N2)cc1,1,central,6536
classifier,train,c1ccc(C[C@@H]2COC(c3cccc4cccnc34)=N2)cc1,1,central,6500
classifier,train,c1ccc(C[C@@H]2COC(c3ccccn3)=N2)cc1,1,central,6363
classifier,train,c1ccc(C[C@H]2COC(c3cccc4c3[C@]3(CC4)CCc4cccc(P(c5ccccc5)c5ccccc5)c43)=N2)cc1,2,axial,6874
classifier,train,c1ccc(Cn2cn[n+](Cc3ccccc3)c2)cc1,0,achiral,15698
classifier,train,c1ccc(N2CCCC2)nc1,0,achiral,14989
classifier,train,c1ccc(N=NN2CCCC2)cc1,0,achiral,15316
classifier,train,c1ccc(P(c2ccccc2)[C@H]2CCC[C@H]2[C@@H]2CCC[C@@H]2P(c2ccccc2)c2ccccc2)cc1,2,axial,5707
classifier,train,c1ccc(P(c2ccccc2)c2ccc3c(c2-c2c(P(c4ccccc4)c4ccccc4)ccc4c2CCCC4)CCCC3)cc1,2,axial,6966
classifier,train,c1ccc(P(c2ccccc2)c2ccc3c(c2-c2c(P(c4ccccc4)c4ccccc4)ccc4c2OCO4)OCO3)cc1,2,axial,6979
classifier,train,c1ccc(P(c2ccccc2)c2ccc3ccccc3c2-c2c(P(c3ccccc3)c3ccccc3)ccc3ccccc23)cc1,2,axial,5790
classifier,train,c1ccc(P(c2ccccc2)c2cccc3c2-c2c(cccc2P(c2ccccc2)c2ccccc2)OCO3)cc1,2,axial,7001
classifier,train,c1ccc(P(c2ccccc2)c2ccccc2C2=N[C@H]3c4ccccc4C[C@H]3O2)cc1,2,axial,6569
classifier,train,c1ccc(P2Cc3ccc4ccccc4c3-c3c(ccc4ccccc34)C2)c(P2Cc3ccc4ccccc4c3-c3c(ccc4ccccc34)C2)c1,2,axial,5854
classifier,train,c1ccc(Pc2ccccc2)cc1,0,achiral,10402
classifier,train,c1ccc([C@@H]2CN3CCSC3=N2)cc1,1,central,1318
classifier,train,c1ccc([C@@H]2COC(c3nccc4ccccc34)=N2)cc1,1,central,6488
classifier,train,c1ccc([C@@H]2COC(c3ncccn3)=N2)cc1,1,central,6506
classifier,train,c1ccc([C@@]2(C3=NCCN3)COc3ccccc3O2)cc1,1,central,3221
classifier,train,c1ccc([C@H]2CC[C@H](c3ccccc3)P2CCP2[C@@H](c3ccccc3)CC[C@@H]2c2ccccc2)cc1,1,central,5704
classifier,train,c1ccc([C@H]2COC([C@@H]3CCCC[C@H]3C3=N[C@@H](c4ccccc4)CO3)=N2)cc1,1,central,6812
classifier,train,c1ccc([C@H]2COC(c3ccc4ccccc4c3-c3c(C4=N[C@@H](c5ccccc5)CO4)ccc4ccccc34)=N2)cc1,2,axial,6815
classifier,train,c1ccc([C@H]2COC(c3cccc(-c4ccccn4)n3)=N2)cc1,1,central,6535
classifier,train,c1ccc([C@H]2COCCO2)cc1,1,central,5444
classifier,train,c1ccc([C@H]2N=C(c3ccccc3P(c3ccccc3)c3ccccc3C3=N[C@@H](c4ccccc4)[C@@H](c4ccccc4)O3)O[C@@H]2c2ccccc2)cc1,1,central,6825
classifier,train,c1ccc([C@H]2OC(CC3=N[C@@H](c4ccccc4)[C@@H](c4ccccc4)O3)=N[C@H]2c2ccccc2)cc1,1,central,6690
classifier,train,c1ccc2c(-c3c(P(C4CCCCC4)C4CCCCC4)ccc4ccccc34)c(P(C3CCCCC3)C3CCCCC3)ccc2c1,2,axial,6952
classifier,train,c1ccc2c(c1)CC(C1=N[C@H]3c4ccccc4C[C@H]3O1)(C1=N[C@H]3c4ccccc4C[C@H]3O1)C2,2,axial,6773
classifier,train,c1ccc2c(c1)CCCN2p1oc2ccc3ccccc3c2c2c(ccc3ccccc32)o1,2,axial,5806
classifier,train,c1ccc2c(c1)CCN[C@H]2[C@@H]1NCCc2ccccc21,1,central,6241
classifier,train,c1ccc2c(c1)CCc1ccccc1N2p1oc2ccc3ccccc3c2c2c(ccc3ccccc32)o1,2,axial,5820
classifier,train,c1ccc2c(c1)CSSCc1ccccc1-2,2,axial,1069
classifier,train,c1ccc2c(c1)C[C@@H]1OC(C(Cc3ccc([C@]45C[C@H]6C[C@H](C[C@H](C6)C4)C5)cc3)(Cc3ccc([C@]45C[C@H]6C[C@H](C[C@H](C6)C4)C5)cc3)C3=N[C@@H]4c5ccccc5C[C@@H]4O3)=N[C@H]21,2,axial,6830
classifier,train,c1ccc2c(c1)C[C@@H]1OC(C3(C4=N[C@@H]5c6ccccc6C[C@@H]5O4)CC3)=N[C@H]21,2,axial,6658
classifier,train,c1ccc2c(c1)C[C@@H]1OC(C3(C4=N[C@@H]5c6ccccc6C[C@@H]5O4)CCC3)=N[C@H]21,2,axial,6646
classifier,train,c1ccc2c(c1)C[C@@H]1OC(C3(C4=N[C@@H]5c6ccccc6C[C@@H]5O4)CCCCC3)=N[C@H]21,2,axial,6627
classifier,train,c1ccc2c(c1)C[C@@H]1OC(C3(C4=N[C@@H]5c6ccccc6C[C@@H]5O4)CCCCCC3)=N[C@H]21,2,axial,6616
classifier,train,c1ccc2c(c1)C[C@@H]1OC(C3=N[C@@H]4c5ccccc5C[C@@H]4O3)=N[C@H]21,2,axial,6674
classifier,train,c1ccc2c(c1)C[C@@H]1OC(CC3=N[C@@H]4c5ccccc5C[C@@H]4O3)=N[C@H]21,2,axial,6688
classifier,train,c1ccc2c(c1)C[C@@H]1OC(c3nccc4ccccc34)=N[C@H]21,2,axial,6492
classifier,train,c1ccc2c(c1)C[C@H]1OC(C3(C4=N[C@H]5c6ccccc6C[C@H]5O4)CC3)=N[C@@H]21,2,axial,6657
classifier,train,c1ccc2c(c1)C[C@H]1OC(C3(C4=N[C@H]5c6ccccc6C[C@H]5O4)CCC3)=N[C@@H]21,2,axial,6647
classifier,train,c1ccc2c(c1)C[C@H]1OC(C3(C4=N[C@H]5c6ccccc6C[C@H]5O4)CCCC3)=N[C@@H]21,2,axial,6637
classifier,train,c1ccc2c(c1)C[C@H]1OC(C3(C4=N[C@H]5c6ccccc6C[C@H]5O4)CCCCC3)=N[C@@H]21,2,axial,6626
classifier,train,c1ccc2c(c1)C[C@H]1OC(C3(C4=N[C@H]5c6ccccc6C[C@H]5O4)CCCCCC3)=N[C@@H]21,2,axial,6615
classifier,train,c1ccc2c(c1)C[C@H]1OC(C3=N[C@H]4c5ccccc5C[C@H]4O3)=N[C@@H]21,2,axial,6675
classifier,train,c1ccc2c(c1)C[C@H]1OC(CC3=N[C@H]4c5ccccc5C[C@H]4O3)=N[C@@H]21,2,axial,-1
classifier,train,c1ccc2c(c1)C[C@H]1OC(c3cc4ccccc4cn3)=N[C@@H]21,2,axial,6547
classifier,train,c1ccc2c(c1)C[C@H]1OC(c3ccc4ccccc4n3)=N[C@@H]21,2,axial,6479
classifier,train,c1ccc2c(c1)C[C@H]1OC(c3cnccn3)=N[C@@H]21,2,axial,6517
classifier,train,c1ccc2c(c1)C[C@H]1OC(c3nccc4ccccc34)=N[C@@H]21,2,axial,6493
classifier,train,c1ccc2c(c1)OB(c1cc3cccc4ccc5cccc1c5c43)O2,0,achiral,16900
classifier,train,c1ccc2c(c1)OC[C@@H](C1=NCCN1)O2,1,central,3133
classifier,train,c1ccc2c(c1)ccc1ccc3ccc4ccccc4c3c12,3,helical,5516
classifier,train,c1ccc2c(c1)ccc1op(N3CCOCC3)oc3ccc4ccccc4c3c12,2,axial,5804
classifier,train,c1ccc2c(c1)ccc1sc3ccc4sc5ccc6ccccc6c5c4c3c12,3,helical,5523
classifier,train,c1ccc2c3c([nH]c2c1)CNCC3,0,achiral,10019
classifier,train,c1ccc2c3c(ccc2c1)COCc1ccc2ccccc2c1-3,2,axial,1074
classifier,train,c1ccc2c3c(ccc2c1)OCCCCCCCCOc1ccc2ccccc2c1-3,2,axial,1052
classifier,train,c1ccc2c3c(ccc2c1)OCCCCOc1ccc2ccccc2c1-3,2,axial,1054
classifier,train,c1ccc2c3c(ccc2c1)OCCCOc1ccc2ccccc2c1-3,2,axial,1055
classifier,train,c1ccc2c3c(ccc2c1)OCCOCCOCCOCCOCCOCCOc1ccc2ccccc2c1-3,2,axial,1059
classifier,train,c1ccc2c3c(ccc2c1)OCCOCCOCCOCCOCCOc1ccc2ccccc2c1-3,2,axial,1060
classifier,train,c1ccc2c3c(ccc2c1)OCCOCCOCCOCCOc1ccc2ccccc2c1-3,2,axial,1061
classifier,train,c1ccc2c3c(ccc2c1)OCCOCCOCCOc1ccc2ccccc2c1-3,2,axial,1053
classifier,train,c1ccc2c3c(ccc2c1)OCCOCCOc1ccc2ccccc2c1-3,2,axial,1062
classifier,train,c1ccc2c3c(ccc2c1)OCCOCCSCCOCCOc1ccc2ccccc2c1-3,2,axial,1057
classifier,train,c1ccc2c3c(ccc2c1)OCOc1ccc2ccccc2c1-3,2,axial,1068
classifier,train,c1cn2c(n1)[C@@H](C1CCCCC1)CC2,1,central,6154
classifier,train,c1co[c]([GeH]([c]2ccco2)[c]2ccco2)c1,0,achiral,10778
classifier,valid,Brc1ccc2ccccc2c1-c1c(Br)ccc2ccccc12,2,axial,1102
classifier,valid,C#CCCCC[n+]1ccc(C=NO)cc1,0,achiral,13439
classifier,valid,C#CCCCS(=O)(=O)c1nncnc1C,0,achiral,15461
classifier,valid,C#Cc1cc(OC)ccc1Cc1ccccc1,0,achiral,10528
classifier,valid,C(#C/C1=C/CCCCCC1)Oc1ccccc1,0,achiral,16818
classifier,valid,C/C1=C/C(=O)COCCO1,0,achiral,12104
classifier,valid,C1=C\Cc2ccccc2-c2ccccc2C/1,2,axial,1071
classifier,valid,C1=Cc2ccccc2N(p2oc3ccc4c(c3c3c5c(ccc3o2)CCCC5)CCCC4)c2ccccc21,2,axial,5827
classifier,valid,C=C1CCC(N=[N+]=[N-])(c2cccc(C(C)(C)C)c2)CC1,0,achiral,12228
classifier,valid,C=C1C[C@@H](c2ccccc2)N(c2ccc(OCC)cc2)C1=O,1,central,2893
classifier,valid,C=C1N(C)C(C)=C(C)N1C,0,achiral,9283
classifier,valid,C=CCC1=C(C)[C@H](OC(=O)[C@H]2[C@@H](C=C(C)C)C2(C)C)CC1=O,1,central,875
classifier,valid,C=CCCC[C@]1(c2cccc3ccccc23)NC(=O)NC1=O,1,central,3795
classifier,valid,CC(=O)Nc1nc(Cl)c([N+](=O)[O-])c(=O)[nH]1,0,achiral,16028
classifier,valid,CC(=O)O[C@@H]1c2ccccc2CC[C@H]1Cl,1,central,456
classifier,valid,CC(=O)O[C@H](C)c1cccc(Oc2ccccc2)n1,1,central,5473
classifier,valid,CC(=O)Oc1ccc(C#Cc2ccc(Br)cc2)cc1,0,achiral,16564
classifier,valid,CC(=O)Oc1ccc2c(c1)O[C@H](c1ccc(OC(C)=O)c(OC(C)=O)c1)[C@@H](OC(C)=O)C2=O,1,central,711
classifier,valid,CC(=O)Oc1ccc2ccccc2c1-c1c(O)ccc2ccccc12,2,axial,1106
classifier,valid,CC(C)(C)P1Cc2ccccc2[C@@H]1[C@H]1c2ccccc2CP1C(C)(C)C,1,central,7004
classifier,valid,CC(C)(C)[C@@H]1COC(C2(C3=N[C@H](C(C)(C)C)CO3)CCCC2)=N1,1,central,-1
classifier,valid,CC(C)(C)[C@H]1COC(C(Cc2ccccc2)(Cc2ccccc2)C2=N[C@@H](C(C)(C)C)CO2)=N1,1,central,6725
classifier,valid,CC(C)(C)c1cc(C(C)(C)C)c(P=C=Pc2c(C(C)(C)C)cc(C(C)(C)C)cc2C(C)(C)C)c(C(C)(C)C)c1,2,axial,1098
classifier,valid,CC(C)(C)c1cc(C(C)(C)C)c2c(ccc3cc(OCc4ccccc4)cc(OCc4ccccc4)c32)c1,3,helical,5528
classifier,valid,CC(C)(C)c1ccc(-c2cc3ccccc3c(-c3c(O)c(-c4ccc(C(C)(C)C)cc4)cc4ccccc34)c2O)cc1,2,axial,6332
classifier,valid,CC(C)(C)c1ccc(Br)c(CCc2cc(C(C)(C)C)ccc2Br)c1,0,achiral,10239
classifier,valid,CC(C)(C)c1ccc(CC(Cc2ccc(C(C)(C)C)cc2)(C2=N[C@@H]3c4ccccc4C[C@@H]3O2)C2=N[C@@H]3c4ccccc4C[C@@H]3O2)cc1,2,axial,6743
classifier,valid,CC(C)(C)c1csc(=S)n1-c1cccc(C(F)(F)F)c1,2,axial,1150
classifier,valid,CC(C)(c1cccnc1)C1OC[C@H](C/C=C\CCC(=O)O)[C@H](c2ccccc2O)O1,1,central,906
classifier,valid,CC(C)CCNc1nc(Cl)nc2c1ncn2C1CCCC1,0,achiral,13542
classifier,valid,CC(C)C[C@@H](NC(=O)c1cc([N+](=O)[O-])cc([N+](=O)[O-])c1)C(=O)N[C@@H](C)C(=O)NC1CCCCC1,1,central,316
classifier,valid,CC(C)Cc1cccnc1,0,achiral,15099
classifier,valid,CC(C)OC(=O)[C@@H](COC(=O)c1ccc([N+](=O)[O-])cc1)NC(=O)c1ccc([N+](=O)[O-])cc1,1,central,3953
classifier,valid,CC(C)[C@@H]1COC(c2ccccc2P(c2cc(C(F)(F)F)cc(C(F)(F)F)c2)c2cc(C(F)(F)F)cc(C(F)(F)F)c2)=N1,1,central,6870
classifier,valid,CC(C)[C@@H]1NC(=O)c2ccccc21,1,central,2926
classifier,valid,CC(C)[C@H]1CC(=O)c2ccccc21,1,central,5396
classifier,valid,CC(C)[C@H]1Sc2ccccc2[S@@]1=O,1,central,247
classifier,valid,CC(C)[Si](C#Cc1ccc(C2=C(c3ccc(C#C[Si](C(C)C)(C(C)C)C(C)C)cc3)SC(=C3SC(c4ccc(C(F)(F)F)cc4)=C(c4ccc(C(F)(F)F)cc4)S3)S2)cc1)(C(C)C)C(C)C,0,achiral,12802
classifier,valid,CC(C)c1ccc(N=NN2CCCC2)c(B(O)O)c1,0,achiral,9954
classifier,valid,CC(F)(F)c1cc(CO)no1,0,achiral,15391
classifier,valid,CC(c1ccccc1)N(C(C)c1ccccc1)p1oc2ccc3ccccc3c2c2c(ccc3ccccc32)o1,2,axial,-1
classifier,valid,CC1(C)C(=O)N(c2ccc(C#N)c(C(F)(F)F)c2)C(=S)N1c1ccc(N)cc1,0,achiral,15118
classifier,valid,CC1(C)CC(=O)N(c2ncc(C#Cc3cccc(F)c3)cn2)N1,0,achiral,15733
classifier,valid,CC1(C)OB(C(CCCC#N)(Cc2ccccc2)B2OC(C)(C)C(C)(C)O2)OC1(C)C,0,achiral,9881
classifier,valid,CC1(C)OB(c2ccc3cccnc3c2)OC1(C)C,0,achiral,9443
classifier,valid,CC1(C)OC(=O)C(=C(O)c2ccc(Br)cc2)C(=O)O1,0,achiral,14759
classifier,valid,CC1(C)O[C@@H]2[C@@H](O1)C(c1ccccc1)(c1ccccc1)OP(N1c3ccccc3C=Cc3ccccc31)OC2(c1ccccc1)c1ccccc1,2,axial,-1
classifier,valid,CC1(C)[C@H](C(=O)O[C@@H](C#N)c2cccc(Oc3ccccc3)c2)[C@@H]1C=C(Cl)Cl,1,central,879
classifier,valid,CC12c3ccccc3C(C)(c3ccccc31)C(c1ccccc1)C2C(N)=O,1,central,4177
classifier,valid,CCC(CC)(C1=N[C@H](Cc2ccccc2)CO1)C1=N[C@H](Cc2ccccc2)CO1,1,central,6714
classifier,valid,CCC(CC)(C1=N[C@H]2c3ccccc3C[C@H]2O1)C1=N[C@H]2c3ccccc3C[C@H]2O1,2,axial,6719
classifier,valid,CCC1=C(C)c2cc3[nH]c(c(C)c3CC)c(NC(=O)C(C)(C)C)c3nc(cc4[nH]c(cc1n2)c(C)c4CC)C(C)=C3CC,4,planar,5580
classifier,valid,CCC1=C(CC)/C2=C/c3c(CC)c(CC)c4[n]3[Zn][n]3/c(c(CC)c(CC)/c3=C(\c3c(OCc5ccccc5)ccc5ccccc35)C3=N/C(=C\4c4c(OCc5ccccc5)ccc5ccccc45)C(CC)=C3CC)=C\C1=N2,2,axial,1051
classifier,valid,CCCC(=O)O[C@H](C)c1ccncc1,1,central,4838
classifier,valid,CCCCCCC1=C(C)/C2=C/c3c4c(C)c5[n]3[Mn][n]3/c(c(C)c(/c3=C/C3=NC(=C\5)/C(CCCCCC)=C3C)CCC(=O)NCc3ccc(cc3)CNC(=O)CC4)=C\C1=N2,2,axial,1001
classifier,valid,CCCCCCC1=C(C)c2cc3[nH]c4cc5nc(cc6[nH]c(cc1n2)c(C)c6CCC(=O)NCc1ccc(cc1)CNC(=O)CCc3c4C)C(C)=C5CCCCCC,2,axial,1002
classifier,valid,CCCCCCCCCCCCCC[C@@H](COC(=O)Nc1cc([N+](=O)[O-])cc([N+](=O)[O-])c1)OC(=O)Nc1cc([N+](=O)[O-])cc([N+](=O)[O-])c1,1,central,4327
classifier,valid,CCCCCCCCCCCCCC[C@@]1(C(=O)OCCCCCCCC)CO1,1,central,4926
classifier,valid,CCCCCCCCCCCCCCc1ccc(NC(=O)[C@H](CC)c2ccccc2)cc1,1,central,4460
classifier,valid,CCCCCCCCC[C@H]1CCOC1=O,1,central,4392
classifier,valid,CCCCCCN(CCCCCC)c1ccc(C(=O)c2ccccc2C(=O)O)c(O)c1,0,achiral,8258
classifier,valid,CCCCCc1nc2c(c(=O)n(C)c(=O)n2C)n1C,0,achiral,10977
classifier,valid,CCCCCn1c(=O)[nH]c(=O)[nH]c1=O,0,achiral,13603
classifier,valid,CCCCOc1ccc2[nH]c(C)cc2c1,0,achiral,11339
classifier,valid,CCCCOc1ccc2ccc(O)c(-c3c(O)ccc4ccc(OCCCC)cc34)c2c1,2,axial,1122
classifier,valid,CCCC[C@@H](O)c1c2ccccc2cc2ccccc12,1,central,3791
classifier,valid,CCCC[C@@H]1CCC(=O)O1,1,central,4265
classifier,valid,CCCC[C@H](C(=O)O)C(=O)N(Nc1ccccc1)c1ccccc1,1,central,4213
classifier,valid,CCCC[C@H](NC(=O)OCc1ccccc1)C(=O)OCc1ccccc1,1,central,4796
classifier,valid,CCCC[C@]1(O)CCCc2ccc3ccccc3c21,1,central,4143
classifier,valid,CCCCc1ccc2c(c1)CCC2,0,achiral,7932
classifier,valid,CCCN(CCC)p1oc2ccc3ccccc3c2c2c(ccc3ccccc32)o1,2,axial,5801
classifier,valid,CCCN=Cc1cccnc1,0,achiral,12266
classifier,valid,CCCc1ccc(Nc2ccc3c(=O)[nH]c4ncccc4c3c2)cc1,0,achiral,14400
classifier,valid,CCCc1nc(C)n2nc(S)nc2c1Cc1ccc([N+](=O)[O-])cc1,0,achiral,16176
classifier,valid,CCN(CC)CCN1C(=O)c2ccc3c4c(Br)cc5c6c(ccc(c7c(Br)cc(c2c37)C1=O)c64)C(=O)N(CCN(CC)CC)C5=O,0,achiral,10500
classifier,valid,CCN(CC)[C@H](c1ccccc1)[C@@H](OC(=O)Nc1cc([N+](=O)[O-])cc([N+](=O)[O-])c1)c1ccccc1,1,central,394
classifier,valid,CCN(CC)p1oc2ccc3ccccc3c2c2c(ccc3ccccc32)o1,2,axial,5799
classifier,valid,CCN1C(=O)c2ccc(C)cc2Oc2cc(Cl)ccc21,0,achiral,8842
classifier,valid,CCN1c2ccccc2Oc2cccc(C(=O)O)c21,0,achiral,7063
classifier,valid,CCOC(=O)CCCCCCCCCCOc1ccc2c(c1)OC[C@@H]1c3ccc(OC)cc3O[C@H]21,1,central,376
classifier,valid,CCOC(=O)[C@H](Cc1c[nH]c2ccccc12)NC(=O)c1cc([N+](=O)[O-])cc([N+](=O)[O-])c1,1,central,2563
classifier,valid,CCOC(=O)[C@H](OC(=O)c1ccccc1)[C@@H](OC(=O)c1ccccc1)c1ccccc1,1,central,602
classifier,valid,CCOP(=O)(OCC)c1ccc2ccccc2c1-c1c(O)ccc2ccccc12,2,axial,1007
classifier,valid,CCOc1cc2c(cc1OC)Cc1cc(OCC)c(OC)cc1Cc1cc(OCC)c(OC)cc1C2,3,helical,5539
classifier,valid,CCOc1ccc2ccccc2c1-c1c(O)ccc2ccccc12,2,axial,1124
classifier,valid,CC[C@@H](O)c1ccoc1,1,central,3968
classifier,valid,CC[C@@]1(c2ccc(NC(C)=O)cc2)CCC(=O)NC1=O,1,central,1779
classifier,valid,CC[C@@]1(c2ccccc2)SCC[S@@]1=O,1,central,788
classifier,valid,CC[C@H](Cc1ccccc1)OC(=O)Cc1cccc2ccccc12,1,central,2804
classifier,valid,CCc1cccc2c3c([nH]c12)[C@](CC)(CC(=O)Nc1cc(C)cc(C)c1)OCC3,1,central,2971
classifier,valid,CCc1cccc2cc([C@@H](O)CNC(C)(C)C)oc12,1,central,2487
classifier,valid,CCc1cn[nH]n1,0,achiral,7566
classifier,valid,CCn1c(=O)c2[nH]c(CO)nc2n(CC)c1=O,0,achiral,9598
classifier,valid,CN(C)C1=CC(=O)c2cccc(O)c2C1=O,0,achiral,12424
classifier,valid,CN(C)CCNc1n[n+]([O-])c2c3c(ccc2[n+]1[O-])CCC3,0,achiral,11599
classifier,valid,CN(C)P1OC(c2ccccc2)(c2ccccc2)[C@H]2OC(C)(C)O[C@@H]2C(c2ccccc2)(c2ccccc2)O1,2,axial,5840
classifier,valid,CN(C)p1oc2ccc3c(c2c2c4c(ccc2o1)CCCC4)CCCC3,2,axial,5823
classifier,valid,CN1C(=O)C[C@](C)(c2ccccc2)C1=O,1,central,2826
classifier,valid,CN1CCC[C@@H]1C(O)(c1ccccc1)c1ccccc1,1,central,5931
classifier,valid,CN1N=C2SC1=NCCOCCOCCN=C1SC(=NN1C)c1ccc(cc1)C1=NN(C)C(=NCCOCCOCCN=C3SC(=NN3C)c3ccc2cc3)S1,0,achiral,15419
classifier,valid,CNc1cc(Nc2ccc(C(C)=O)cc2)ncn1,0,achiral,7842
classifier,valid,COC(=O)Cc1c(C2CC2)[nH]c2ccc(OC)cc12,0,achiral,14553
classifier,valid,COC(=O)Nc1cc(C#Cc2cncc(C#N)c2)ccc1F,0,achiral,12944
classifier,valid,COC(=O)[C]1[CH][CH][CH][CH][C]1C.[C-]#[O+].[C-]#[O+].[C-]#[O+].[Cr],4,planar,-1
classifier,valid,COC(=O)[C]1[CH][CH][CH][C](C)[CH]1.[C-]#[O+].[C-]#[O+].[C-]#[O+].[Cr],4,planar,-1
classifier,valid,COC(=O)c1c(C)nc(C)c(C(=O)O[C@H]2CCN(Cc3ccccc3)C2)c1-c1cccc([N+](=O)[O-])c1,2,axial,1157
classifier,valid,COC(=O)c1c2cccc1CN(S(=O)(=O)c1ccc(C)cc1)c1cccc(c1)SC2,4,planar,5617
classifier,valid,COC(=O)c1cc(C)co1,0,achiral,12969
classifier,valid,COC(=O)c1ccc2cc1CCc1cc(ccc1C(=O)OC)CC2,4,planar,5626
classifier,valid,COC(=O)c1ccc2cc1CCc1cccc(c1)CC2,4,planar,5627
classifier,valid,COC(=O)c1ccc2ccccc2c1-c1c(C(=O)OC)ccc2ccccc12,2,axial,1101
classifier,valid,COC(=O)c1ccc2ccccc2c1-c1c(OC)ccc2ccccc12,2,axial,1099
classifier,valid,COC(=O)c1nc2ccc(OC)cc2nc1C(=O)OC,0,achiral,9571
classifier,valid,COCOc1ccc2c(c1)OC[C@@H]1c3ccc(OC)cc3O[C@H]21,1,central,370
classifier,valid,COCOc1ccc2ccccc2c1-c1c(OCOC)ccc2ccccc12,2,axial,6337
classifier,valid,COC[C@H]1CCCN1,1,central,5976
classifier,valid,COCc1csc(NC(=O)OC(C)(C)C)n1,0,achiral,12659
classifier,valid,CO[C@@H]1c2ccccc2-c2cc3ccccc3c(C)c2[C@H]1O,1,central,297
classifier,valid,COc1c(C(C)(C)C)cc(P(c2cc(C(C)(C)C)c(OC)c(C(C)(C)C)c2)c2ccc3c(c2-c2c(P(c4cc(C(C)(C)C)c(OC)c(C(C)(C)C)c4)c4cc(C(C)(C)C)c(OC)c(C(C)(C)C)c4)ccc4c2OCCO4)OCCO3)cc1C(C)(C)C,2,axial,5795
classifier,valid,COc1c(I)[nH]c(C=O)c1Cl,0,achiral,14254
classifier,valid,COc1c2cccc1CN(S(=O)(=O)c1ccc(C)cc1)c1cccc(c1)SC2,4,planar,5619
classifier,valid,COc1cc(C(C)(C)C)c2op(O[C@@H](C)C[C@H](C)Op3oc4c(C(C)(C)C)cc(OC)cc4c4cc(OC)cc(C(C)(C)C)c4o3)oc3c(C(C)(C)C)cc(OC)cc3c2c1,1,central,5859
classifier,valid,COc1cc(OC)c(-c2c(OC)cc(OC)cc2P(c2cc(C(C)(C)C)c(OC)c(C(C)(C)C)c2)c2cc(C(C)(C)C)c(OC)c(C(C)(C)C)c2)c(P(c2cc(C(C)(C)C)c(OC)c(C(C)(C)C)c2)c2cc(C(C)(C)C)c(OC)c(C(C)(C)C)c2)c1,2,axial,5785
classifier,valid,COc1cc(OC)c(-c2c(OC)cc(OC)cc2P(c2cc(C(F)(F)F)cc(C(F)(F)F)c2)c2cc(C(F)(F)F)cc(C(F)(F)F)c2)c(P(c2cc(C(F)(F)F)cc(C(F)(F)F)c2)c2cc(C(F)(F)F)cc(C(F)(F)F)c2)c1,2,axial,6962
classifier,valid,COc1cc(OC)c(-c2c(OC)cc(OC)cc2P(c2cc([Si](C)(C)C)cc([Si](C)(C)C)c2)c2cc([Si](C)(C)C)cc([Si](C)(C)C)c2)c(P(c2cc([Si](C)(C)C)cc([Si](C)(C)C)c2)c2cc([Si](C)(C)C)cc([Si](C)(C)C)c2)c1,2,axial,5791
classifier,valid,COc1cc(P(c2cc(OC)c(OC)c(OC)c2)c2cccc(OC)c2-c2c(OC)cccc2P(c2cc(OC)c(OC)c(OC)c2)c2cc(OC)c(OC)c(OC)c2)cc(OC)c1OC,2,axial,6989
classifier,valid,COc1cc2c(cc1OC)C1=Cc3ccc4oc(C(C)C)cc4c3O[C@@H]1CO2,1,central,5116
classifier,valid,COc1cc2c(cc1OC)S(=O)(c1ccccc1)=NC(=O)N2,0,achiral,9555
classifier,valid,COc1cc2c(cc1OC)[C@H](C)N(C(=O)c1cccc3ccccc13)CC2,1,central,4138
classifier,valid,COc1cc2c3cc1OCCCCOc1cc4c(cc1OC)Cc1cc5c(OC)cc1Cc1cc(c(OC)cc1C4)OCCCCOc1cc(c(cc1OC)Cc1cc(c(OC)cc1C3)OCCCCO5)C2,3,helical,5532
classifier,valid,COc1cc2c3cc1OCCOc1cc4c(cc1OC)Cc1cc5c(OC)cc1Cc1cc(c(OC)cc1C4)OCCOc1cc(c(cc1OC)Cc1cc(c(OC)cc1C3)OCCO5)C2,3,helical,5534
classifier,valid,COc1ccc(-c2cc3ccccc3c3c2OP(=O)(NS(=O)(=O)C(F)(F)F)Oc2c(-c4ccc(OC)cc4)cc4ccccc4c2-3)cc1,2,axial,6109
classifier,valid,COc1ccc(C2=C(C)Cc3ccccc32)cc1,0,achiral,11037
classifier,valid,COc1ccc(CSc2ccccc2CCl)cc1,0,achiral,15514
classifier,valid,COc1ccc(I)c(SCc2ccccc2)c1,0,achiral,14045
classifier,valid,COc1ccc(N(C)CC#CC(=O)c2ccccc2)cc1,0,achiral,11091
classifier,valid,COc1ccc(N[C@H](C)/C=C/c2ccccc2)cc1,1,central,3234
classifier,valid,COc1ccc([C@H]2CC(=O)c3c(O)cc(O)cc3O2)cc1O,1,central,3358
classifier,valid,COc1ccc2c(c1)-c1c(ccc(OC)c1O)C[C@@H](CCc1ccccc1)N(C)CC2,2,axial,1154
classifier,valid,COc1ccc2c(c1)Cc1ccc(OC)cc1Cc1ccc(OC)cc1C2,3,helical,5540
classifier,valid,COc1ccc2c(c1)O[C@@H]1c3ccc(OC(C)=O)cc3OC[C@H]21,1,central,373
classifier,valid,COc1ccc2c(c1)[C@@](C)(CC#N)C(=O)N2C,1,central,2392
classifier,valid,COc1ccc2cc(=O)n(C)cc2c1,0,achiral,8507
classifier,valid,COc1ccc2cc(Br)ccc2c1-c1c(OC)ccc2cc(Br)ccc12,2,axial,6333
classifier,valid,COc1ccc2cc([C@@H](C)C(=O)NCc3cccc4ccccc34)ccc2c1,1,central,4118
classifier,valid,COc1ccc2ccc(O)c(-c3c(O)ccc4ccc(OC)cc34)c2c1,2,axial,1110
classifier,valid,COc1ccc2ccccc2c1-c1c(OC)ccc2ccccc12,2,axial,1104
classifier,valid,COc1cccc(-n2c(C(C)(C)C)csc2=S)c1,2,axial,1148
classifier,valid,COc1cccc(P(c2cc(C)cc(C)c2)c2cc(C)cc(C)c2)c1-c1c(OC)cccc1P(c1cc(C)cc(C)c1)c1cc(C)cc(C)c1,2,axial,6993
classifier,valid,COc1cccc2c1[P@@](C(C)(C)C)[C@@H](P(C(C)(C)C)C(C)(C)C)O2,1,central,5870
classifier,valid,COc1ccccc1[P@@](CC[P@@](c1ccccc1)c1ccccc1OC)c1ccccc1,1,central,5852
classifier,valid,COc1ccccc1[Se](=O)CC(OC)(c1ccccc1)c1ccccc1,1,central,5421
classifier,valid,CS(=O)(=O)c1nn2cc(Cl)c(=O)nc2s1,0,achiral,16624
classifier,valid,CSc1cc(C)nc(=O)[nH]1,0,achiral,15478
classifier,valid,CSc1cc2nnc(C)n2c(C)n1,0,achiral,8778
classifier,valid,CSc1ccc2ccccc2c1-c1c(SC)ccc2ccccc12,2,axial,1031
classifier,valid,CSc1nc(N)cc(O)n1,0,achiral,9360
classifier,valid,C[C@@H](COC(=O)Nc1cc([N+](=O)[O-])cc([N+](=O)[O-])c1)OC(=O)Nc1cc([N+](=O)[O-])cc([N+](=O)[O-])c1,1,central,4028
classifier,valid,C[C@@H](C[C@H](C)OP1N(c2ccccc2)[C@@H]2CCCC[C@H]2N1c1ccccc1)OP1N(c2ccccc2)[C@@H]2CCCC[C@H]2N1c1ccccc1,2,axial,5872
classifier,valid,C[C@@H](C[C@H](C)OP1N(c2ccccc2)[C@H]2CCCC[C@@H]2N1c1ccccc1)OP1N(c2ccccc2)[C@H]2CCCC[C@@H]2N1c1ccccc1,2,axial,5873
classifier,valid,C[C@@H](Nc1nnc(-c2c(P(c3ccccc3)c3ccccc3)ccc3ccccc23)c2ccccc12)c1ccccc1,2,axial,7018
classifier,valid,C[C@@H](c1ccccc1)N([C@@H](C)c1ccccc1)p1oc2ccc3ccccc3c2c2c(ccc3ccccc32)o1,2,axial,5808
classifier,valid,C[C@@H]1Cc2ccccc2N1C(=O)c1cccc2ccccc12,1,central,4975
classifier,valid,C[C@H](C(=O)NCCc1cccc2ccccc12)c1ccc(-c2ccccc2)c(F)c1,1,central,5090
classifier,valid,C[C@H](CCN1CCOCC1)c1ccc(COc2ccccc2)cc1,1,central,3078
classifier,valid,C[C@H](CCc1ccccc1)NC(=O)c1cccc2ccccc12,1,central,1455
classifier,valid,C[C@H](Cc1ccccc1)NC(=O)c1ccc(C#N)cc1,1,central,4053
classifier,valid,C[C@H](NC(=O)Nc1ccccc1)c1ccccc1,1,central,3940
classifier,valid,C[C@H](OC(=O)Nc1cccc2ccccc12)c1ccccc1,1,central,1438
classifier,valid,C[C@H](SC(=O)c1cc([N+](=O)[O-])cc([N+](=O)[O-])c1)c1ccccc1,1,central,4623
classifier,valid,C[C@H]1CC[C@H](C)Oc2cccnc2-c2ncccc2O1,2,axial,6157
classifier,valid,C[C@H]1C[C@H](C)Oc2cccnc2-c2ncccc2O1,2,axial,6155
classifier,valid,C[C]1[CH][CH][CH][CH][C]1C=O.[C-]#[O+].[C-]#[O+].[C-]#[O+].[Cr],4,planar,-1
classifier,valid,C[C]1[CH][CH][CH][CH][C]1CO.[C-]#[O+].[C-]#[O+].[C-]#[O+].[Cr],4,planar,-1
classifier,valid,C[Si](C)(C)C#CCCn1cc2c(Cl)cccc2n1,0,achiral,12110
classifier,valid,C[Si]1(C)Cc2ccc3ccccc3c2-c2c(ccc3ccccc23)C1,2,axial,1004
classifier,valid,Cc1c(Br)c(=O)n(C2CCCC2)c2nc(Nc3ccc(N4CCC(O)CC4)cn3)ncc12,0,achiral,13898
classifier,valid,Cc1cc(C)c(-n2c[n+]3c(n2)CO[C@@H]2Cc4ccccc4[C@@H]23)c(C)c1.[Cl-],2,axial,-1
classifier,valid,Cc1cc(C)c(-n2c[n+]3c(n2)CO[C@H]2Cc4ccccc4[C@H]23)c(C)c1.[Cl-],2,axial,-1
classifier,valid,Cc1cc(C)c(C(=C(c2c(C)cc(C)cc2C)c2c(C)cc(C)cc2C)c2c(C)cc(C)cc2C)c(C)c1,3,helical,5504
classifier,valid,Cc1cc(C)c(O)c(C(=Nc2c(F)c(F)c(F)c(F)c2F)c2ccccc2)c1,0,achiral,10724
classifier,valid,Cc1cc(C)c2c(ccc3c4ccccc4c4ccccc4c32)c1,3,helical,5524
classifier,valid,Cc1cc(C)c2nc(Cl)[nH]c2c1,0,achiral,12027
classifier,valid,Cc1cc(C)c2nc(N)nnc2c1,0,achiral,16878
classifier,valid,Cc1cc(C)cc(-c2cc3ccccc3c(-c3c(O)c(-c4cc(C)cc(C)c4)cc4ccccc34)c2O)c1,2,axial,6330
classifier,valid,Cc1cc(C)cc(NC(=O)[C@@H](C)NC(=O)OCc2ccccc2)c1,1,central,4220
classifier,valid,Cc1cc(C)cc(NC(=O)[C@H](C)c2ccc(N3CC=CC3)c(Cl)c2)c1,1,central,2973
classifier,valid,Cc1cc(C)cc(NC(=O)[C@]2(C)Cc3ccccc3S2(=O)=O)c1,1,central,4855
classifier,valid,Cc1cc(C)cc(P(c2cc(C)cc(C)c2)c2ccc3ccccc3c2-c2c(P(c3cc(C)cc(C)c3)c3cc(C)cc(C)c3)ccc3ccccc23)c1,2,axial,6959
classifier,valid,Cc1cc(CN(C)C=O)nc2ccccc12,0,achiral,10379
classifier,valid,Cc1cc(N2CCCC2)c2cc(Br)c(O)cc2n1,0,achiral,13184
classifier,valid,Cc1cc2ccc(O)c(-c3c(O)ccc4cc(C)c(C)cc34)c2cc1C,2,axial,1126
classifier,valid,Cc1ccc(CN2Cc3cccc(Cl)c3C2=O)cc1,0,achiral,14336
classifier,valid,Cc1ccc(S(=O)(=O)N2CCC3=C(CCCC=C3)C2)cc1,0,achiral,12193
classifier,valid,Cc1ccc(S(=O)(=O)N2Cc3cccc(c3)CSc3cccc2c3)cc1,4,planar,5631
classifier,valid,Cc1ccc(S(=O)(=O)n2ccc(C#Cc3cccs3)c2)cc1,0,achiral,14406
classifier,valid,Cc1ccc2c(c1)C(=C1c3ccccc3Sc3ccccc31)c1ccccc1S2,3,helical,5505
classifier,valid,Cc1ccc2ccccc2c1-c1c(C)ccc2ccccc12,2,axial,1103
classifier,valid,Cc1cccc(-n2c(C)c(C)sc2=S)c1C,2,axial,1042
classifier,valid,Cc1cccc(OC[C@@H]2CN(C(C)(C)C)C(=O)O2)c1C,1,central,4094
classifier,valid,Cc1ccccc1-n1c(CF)nc2ccc(N)cc2c1=O,2,axial,1064
classifier,valid,Cc1sc2cc1CSCc1cc(C(C)(C)C)cc(c1C)CSC2,0,achiral,12200
classifier,valid,ClB1c2ccccc2Cc2cc3ccccc3cc21,0,achiral,12282
classifier,valid,Cn1c(=O)nc2n(-c3ccccc3-c3ccccc3)c3ccccc3cc-2c1=O,2,axial,1076
classifier,valid,Cn1nc(N2CCCC2)nc1CCc1nc2ccc(Cl)cn2n1,0,achiral,9163
classifier,valid,FC1(F)Oc2ccc(P(c3ccccc3)c3ccccc3)c(-c3c(P(c4ccccc4)c4ccccc4)ccc4c3OC(F)(F)O4)c2O1,2,axial,5786
classifier,valid,Fc1ccc(NC(=S)c2ccccc2)cc1,0,achiral,14348
classifier,valid,Ic1ccc2c(ccc3op(N4c5ccccc5C=Cc5ccccc54)oc4ccc5cc(I)ccc5c4c32)c1,2,axial,5819
classifier,valid,N#Cc1c(NCCO)nc(NCCO)nc1N1CCN(c2ccc(F)cc2)CC1,0,achiral,14919
classifier,valid,N#Cc1ccc2c(c1)S(=O)(=O)N=CN2C1CC1,0,achiral,12655
classifier,valid,N#Cc1cnc(N)s1,0,achiral,8085
classifier,valid,NC(=O)c1cc(O)ncn1,0,achiral,15383
classifier,valid,NS(=O)(=O)c1cc2c(cc1Cl)N[C@@H](Cc1ccccc1)NS2(=O)=O,1,central,3912
classifier,valid,N[C@@H](C(=O)O)c1ccsc1,1,central,5498
classifier,valid,N[C@H](c1ccccc1)[C@@H](NS(=O)(=O)c1ccc(C(F)(F)F)cc1)c1ccccc1,1,central,6173
classifier,valid,Nc1ccc2ccccc2c1-c1c(N)ccc2ccccc12,2,axial,1100
classifier,valid,Nc1ccsc1C(=O)[O-],0,achiral,-1
classifier,valid,Nc1nc(N)c(C(=O)O)nc1Cl,0,achiral,13210
classifier,valid,Nc1nc(NCc2ccc3ccccc3c2)c(N)c(=O)[nH]1,0,achiral,9759
classifier,valid,Nc1nc2cc3c(cc2c(=O)[nH]1)ncn3COCCO,0,achiral,15176
classifier,valid,O=C(CCc1c(Cl)ccnc1Cl)c1ccc(Cl)cc1,0,achiral,11682
classifier,valid,O=C(NC[C@H](O)c1ccccc1)c1ccccc1,1,central,3935
classifier,valid,O=C(NCc1ccccc1)C1=C(C(=O)NCc2ccccc2)SC(=C2SC3=C(SCCS3)S2)S1,0,achiral,8907
classifier,valid,O=C(NO)c1ccccn1,0,achiral,11784
classifier,valid,O=C(N[C@H](Cc1ccc(O)cc1)C(=O)O)c1cc([N+](=O)[O-])cc([N+](=O)[O-])c1,1,central,2524
classifier,valid,O=C(N[C@H]1CCCC[C@@H]1NC(=O)c1ccccn1)c1ccccn1,1,central,6210
classifier,valid,O=C(Nc1cc(C(F)(F)F)cc(C(F)(F)F)c1)N[C@H]1CCCC[C@@H]1N1Cc2ccc3ccccc3c2-c2c(ccc3ccccc23)C1,2,axial,6044
classifier,valid,O=C(Nc1ccc2ccccc2c1-c1c(NC(=O)c2ccccc2P(c2ccccc2)c2ccccc2)ccc2ccccc12)c1ccccc1P(c1ccccc1)c1ccccc1,2,axial,6225
classifier,valid,O=C(O)C#Cc1ccccn1,0,achiral,8752
classifier,valid,O=C(O)[C@@H](Nc1ccc([N+](=O)[O-])cc1[N+](=O)[O-])c1ccccc1,1,central,4185
classifier,valid,O=C(O)[C@H]1CCNC1,1,central,5978
classifier,valid,O=C(O)c1cc(Cc2ccc(Cl)nc2)c2ccccc2c1O,0,achiral,9689
classifier,valid,O=C(O)c1ccc(Cl)c(Cl)[n+]1[O-],0,achiral,8821
classifier,valid,O=C(O)c1ccnc(O)c1,0,achiral,11967
classifier,valid,O=C(c1ccccc1)[C@H]1O[C@@H]1c1ccccc1,1,central,3261
classifier,valid,O=C(c1ccccc1Cl)[C@@H](O)c1ccccc1Cl,1,central,3329
classifier,valid,O=C1C2=C(CCCC2)C(=O)N1c1ccc(OCCc2ccc(Cl)cc2)nc1,0,achiral,15496
classifier,valid,O=C1C2=NCCCN2c2ccccc21,0,achiral,12269
classifier,valid,O=C1C=CC(O)(C#Cc2ccc(Cl)cc2)C=C1,0,achiral,9743
classifier,valid,O=C1c2ccc(Br)cc2COc2ccccc21,0,achiral,9408
classifier,valid,O=C1c2ccc(O)cc2OC[C@H]1c1ccccc1,1,central,1300
classifier,valid,O=C1c2ccccc2CC12Cc1ccccc1C2=O,2,axial,1114
classifier,valid,O=P(c1ccccc1)(c1ccccc1)c1ccc2ccccc2c1-c1c(O)ccc2ccccc12,2,axial,1008
classifier,valid,O=P(c1ccccc1)(c1ccccc1)c1ccc2ccccc2c1-c1c(P(=O)(c2ccccc2)c2ccccc2)ccc2ccccc12,2,axial,7024
classifier,valid,O=P1(NCCO)OCCCN1CCCl,1,central,5130
classifier,valid,O=P1(NS(=O)(=O)C(F)(F)F)Oc2c(-c3ccc(-c4ccccc4)cc3)cc3ccccc3c2-c2c(c(-c3ccc(-c4ccccc4)cc3)cc3ccccc23)O1,2,axial,6108
classifier,valid,O=P1(NS(=O)(=O)C(F)(F)F)Oc2c(-c3ccc(C(F)(F)F)cc3)cc3ccccc3c2-c2c(c(-c3ccc(C(F)(F)F)cc3)cc3ccccc23)O1,2,axial,6097
classifier,valid,O=P1(NS(=O)(=O)C(F)(F)F)Oc2c(-c3ccc4ccccc4c3)cc3c(c2-c2c4c(cc(-c5ccc6ccccc6c5)c2O1)CCCC4)CCCC3,2,axial,6095
classifier,valid,O=P1(O)Oc2c(-c3c(C4CCCCC4)cc(C4CCCCC4)cc3C3CCCCC3)cc3c(c2-c2c4c(cc(-c5c(C6CCCCC6)cc(C6CCCCC6)cc5C5CCCCC5)c2O1)CCCC4)CCCC3,2,axial,5920
classifier,valid,O=P1(O)Oc2c(-c3c4ccccc4c(-c4ccccc4)c4ccccc34)cc3ccccc3c2-c2c(c(-c3c4ccccc4c(-c4ccccc4)c4ccccc34)cc3ccccc23)O1,2,axial,5907
classifier,valid,O=P1(O)Oc2c(-c3cc(-c4ccccc4)cc(-c4ccccc4)c3)cc3ccccc3c2-c2c(c(-c3cc(-c4ccccc4)cc(-c4ccccc4)c3)cc3ccccc23)O1,2,axial,5896
classifier,valid,O=P1(O)Oc2c(-c3cc(C(F)(F)F)cc(C(F)(F)F)c3)cc3ccccc3c2-c2c(c(-c3cc(C(F)(F)F)cc(C(F)(F)F)c3)cc3ccccc23)O1,2,axial,5894
classifier,valid,O=P1(O)Oc2c(-c3cc(F)cc(F)c3)cc3ccccc3c2-c2c(c(-c3cc(F)cc(F)c3)cc3ccccc23)O1,2,axial,5893
classifier,valid,O=P1(O)Oc2c(-c3ccc(-c4ccc5ccccc5c4)cc3)cc3ccccc3c2-c2c(c(-c3ccc(-c4ccc5ccccc5c4)cc3)cc3ccccc23)O1,2,axial,5902
classifier,valid,O=P1(O)Oc2c(-c3ccc(C(F)(F)F)cc3)cc3ccccc3c2-c2c(c(-c3ccc(C(F)(F)F)cc3)cc3ccccc23)O1,2,axial,5889
classifier,valid,O=P1(O)Oc2c(-c3ccc(Cl)cc3)cc3ccccc3c2-c2c(c(-c3ccc(Cl)cc3)cc3ccccc23)O1,2,axial,5885
classifier,valid,O=P1(O)Oc2c(-c3cccc4ccccc34)cc3c(c2-c2c4c(cc(-c5cccc6ccccc56)c2O1)CCCC4)CCCC3,2,axial,5923
classifier,valid,O=P1(O)Oc2c(-c3cccc4ccccc34)cc3ccccc3c2-c2c(c(-c3cccc4ccccc34)cc3ccccc23)O1,2,axial,5899
classifier,valid,O=P1(O)Oc2ccc3c(c2-c2c(ccc4c2CCCC4)O1)CCCC3,2,axial,5910
classifier,valid,O=[N+]([O-])c1ccc(-c2cc3ccccc3c(-c3c(O)c(-c4ccc([N+](=O)[O-])cc4)cc4ccccc34)c2O)cc1,2,axial,6318
classifier,valid,O=[N+]([O-])c1ccc(-c2cc3ccccc3c3c2OP(=O)(NS(=O)(=O)C(F)(F)F)Oc2c(-c4ccc([N+](=O)[O-])cc4)cc4ccccc4c2-3)cc1,2,axial,6107
classifier,valid,O=[S@@]1CCS[C@@]12CCCc1c2ccc2ccccc12,1,central,766
classifier,valid,O=[S@](CC(O)c1ccccc1)c1c2ccccc2cc2ccccc12,1,central,544
classifier,valid,OCCCc1cn(C(c2ccccc2)(c2ccccc2)c2ccccc2)cn1,0,achiral,8927
classifier,valid,OCCOCCOCCOc1ccc2ccccc2c1-c1c(OCCOCCOCCO)ccc2ccccc12,2,axial,1086
classifier,valid,OCCOCCOc1ccc2ccccc2c1-c1c(OCCOCCO)ccc2ccccc12,2,axial,1087
classifier,valid,OCCc1ccc(Oc2ncc(Cl)cn2)cc1,0,achiral,9042
classifier,valid,O[C@@H](c1ccc2ccccc2c1)c1ccco1,1,central,3106
classifier,valid,O[C@H](c1c2ccccc2cc2ccccc12)C(F)(F)C(F)(F)F,1,central,2755
classifier,valid,O[C@H]1c2ccccc2-c2ccccc2[C@@H]1O,1,central,642
classifier,valid,O[C@H]1c2ccccc2CC[C@@H]1Cl,1,central,444
classifier,valid,Oc1c(-c2c(-c3ccccc3)cc3ccccc3c2O)c(-c2ccccc2)cc2ccccc12,2,axial,6303
classifier,valid,Oc1c(-c2c(F)c(F)c(F)c(F)c2F)cc2ccccc2c1-c1c(O)c(-c2c(F)c(F)c(F)c(F)c2F)cc2ccccc12,2,axial,6338
classifier,valid,Oc1c(-c2cc(C(F)(F)F)cc(C(F)(F)F)c2)cc2ccccc2c1-c1c(O)c(-c2cc(C(F)(F)F)cc(C(F)(F)F)c2)cc2ccccc12,2,axial,6292
classifier,valid,Oc1c(-c2ccc(C(F)(F)F)cc2)cc2c(c1-c1c(O)c(-c3ccc(C(F)(F)F)cc3)cc3c1CCCC3)CCCC2,2,axial,6316
classifier,valid,Oc1c(-c2ccc3ccccc3c2)cc2ccccc2c1-c1c(O)c(-c2ccc3ccccc3c2)cc2ccccc12,2,axial,6307
classifier,valid,Oc1ccccc1C1=N[C@H]2c3ccccc3C[C@H]2O1,2,axial,6887
classifier,valid,[NH3+]CC1=Nc2ccccc2[NH2+]1,0,achiral,-1
classifier,valid,[O-]c1ccccc1Cc1ccccc1,0,achiral,-1
classifier,valid,c1cc(C2=N[C@H]3c4ccccc4C[C@H]3O2)cc(C2=N[C@H]3c4ccccc4C[C@H]3O2)c1,2,axial,6805
classifier,valid,c1cc(C2=N[C@H]3c4ccccc4C[C@H]3O2)nc(C2=N[C@H]3c4ccccc4C[C@H]3O2)c1,2,axial,6855
classifier,valid,c1cc2c(c3c1CCCC3)-c1c(ccc3c1CCCC3)OCCOCCOCCOCCO2,2,axial,1066
classifier,valid,c1cc2c3c(c1)OP(N(C1CCCCC1)C1CCCCC1)Oc1cccc4c1C3(CC2)CC4,2,axial,5834
classifier,valid,c1cc2cc3ccc2cc1CCc1ccc2cc(ccc2c1)CC3,4,planar,5623
classifier,valid,c1cc2ccc3cc2cc1CCc1ccc2ccc(cc2c1)OC3,4,planar,5624
classifier,valid,c1ccc(-c2cccc(C3=N[C@H]4c5ccccc5C[C@H]4O3)n2)nc1,2,axial,6538
classifier,valid,c1ccc(C(c2ccccc2)c2cccc(C3=N[C@H]4c5ccccc5C[C@H]4O3)n2)cc1,2,axial,6463
classifier,valid,c1ccc(C2(c3ccccc3)O[C@@H](c3cccc([C@@H]4OC(c5ccccc5)(c5ccccc5)[C@@H]5CCCN54)n3)N3CCC[C@H]32)cc1,2,axial,6286
classifier,valid,c1ccc(CC(Cc2ccccc2)(C2=N[C@@H]3c4ccccc4C[C@@H]3O2)C2=N[C@@H]3c4ccccc4C[C@@H]3O2)cc1,2,axial,6730
classifier,valid,c1ccc(CN[C@H](c2ccccc2)[C@@H](NCc2ccccc2)c2ccccc2)cc1,1,central,6194
classifier,valid,c1ccc(Op2oc3ccc4ccccc4c3c3c(ccc4ccccc43)o2)cc1,2,axial,6974
classifier,valid,c1ccc(P(c2ccccc2)c2ccc3c(c2-c2c(P(c4ccccc4)c4ccccc4)ccc4c2OCCO4)OCCO3)cc1,2,axial,6998
classifier,valid,c1ccc(P(c2ccccc2)c2cccc3c2C2(CC3)CCc3cccc(P(c4ccccc4)c4ccccc4)c32)cc1,2,axial,7003
classifier,valid,c1ccc([C@@H]2CC[C@@H](c3ccccc3)N2p2oc3ccc4ccccc4c3c3c(ccc4ccccc43)o2)cc1,2,axial,5817
classifier,valid,c1ccc([C@@H]2COC(C3(C4=N[C@H](c5ccccc5)CO4)CCCC3)=N2)cc1,1,central,6641
classifier,valid,c1ccc([C@H]2CCOCO2)cc1,1,central,3888
classifier,valid,c1ccc([C@H]2COC(C3(C4=N[C@@H](c5ccccc5)CO4)CCCC3)=N2)cc1,1,central,6640
classifier,valid,c1ccc([C@H]2COC(c3ccc4ccccc4n3)=N2)cc1,1,central,6475
classifier,valid,c1ccc2c(c1)C[C@@H]1OC(C3(C4=N[C@@H]5c6ccccc6C[C@@H]5O4)CCCC3)=N[C@H]21,2,axial,6636
classifier,valid,c1ccc2c(c1)C[C@@H]1OC(c3ccc4cccnc4n3)=N[C@H]21,2,axial,6525
classifier,valid,c1ccc2c(c1)C[C@H]1OC(C(Cc3ccc([C@]45C[C@H]6C[C@H](C[C@H](C6)C4)C5)cc3)(Cc3ccc([C@]45C[C@H]6C[C@H](C[C@H](C6)C4)C5)cc3)C3=N[C@H]4c5ccccc5C[C@H]4O3)=N[C@@H]21,2,axial,6831
classifier,valid,c1ccc2c(c1)ccc1op(N3CCCC3)oc3ccc4ccccc4c3c12,2,axial,5802
classifier,valid,c1ccc2c(c1)ccc1op(N3CCCCC3)oc3ccc4ccccc4c3c12,2,axial,5803
classifier,valid,c1ccc2c3c(ccc2c1)OCCOc1ccc2ccccc2c1-3,2,axial,1056
classifier,valid,c1cnc(C2=N[C@@H]3c4ccccc4C[C@@H]3O2)nc1,2,axial,6510
classifier,valid,c1cnc(C2=N[C@H]3c4ccccc4C[C@H]3O2)nc1,2,axial,6511
pretrain,test,C#CC(=O)c1ccc(C(F)(F)F)cc1,0,achiral,16786
pretrain,test,C#CC(C)(C)C#CC(C)(C)OC,0,achiral,13020
pretrain,test,C#C[C@@H](CC)OC(=O)Nc1cccc2ccccc12,1,central,5337
pretrain,test,C#Cc1ccc(C)cc1C#C[Si](C(C)C)(C(C)C)C(C)C,0,achiral,15634
pretrain,test,C#Cc1ccccc1C#CC(=C)C,0,achiral,16446
pretrain,test,C/C([S-])=C(\C(=S)c1ccccc1)C1=[N+](Cc2ccccc2)CCCN1C(C)C,2,axial,1136
pretrain,test,C/N=C(\OC)c1c(C(C)C)cc(C(C)C)cc1C(C)C,0,achiral,8775
pretrain,test,C1=C\c2ccccc2-c2ccccc2CC/1,2,axial,1073
pretrain,test,C1CCN2C[C@@H]3C[C@@H](CN4CCCC[C@@H]34)[C@@H]2C1,2,axial,6263
pretrain,test,C=C(C)Cc1cc(Cl)ccc1OC#N,0,achiral,9022
pretrain,test,C=C(CC(=O)O)C(C)C,0,achiral,12630
pretrain,test,C=C(CC)c1ccc(C(C)=O)cc1,0,achiral,8795
pretrain,test,C=C(CNC(=O)OC(C)(C)C)C(=O)O,0,achiral,7147
pretrain,test,C=C(OP(=O)([O-])[O-])[13C](=O)[O-],0,achiral,-1
pretrain,test,C=C=CC(=C)C=C=C,0,achiral,11157
pretrain,test,C=CC(=O)CCC#Cc1ccccc1C=O,0,achiral,11255
pretrain,test,C=CC(C)(C)C(Br)(Br)C(=O)O,0,achiral,12063
pretrain,test,C=CCOc1ccccc1OC[C@H](CN(C(=O)NC(C)(C)C)C(C)C)OC(=O)NC(C)(C)C,1,central,3018
pretrain,test,C=CC[C@H](O)c1cc2ccccc2c2ccccc12,1,central,4553
pretrain,test,C=COCCCCC(F)(F)C(F)(F)Br,0,achiral,9086
pretrain,test,C=C[C@@H](C)OC(=O)Nc1ccccc1,1,central,4952
pretrain,test,C=C[C@H](C)SC(=O)SC,1,central,2396
pretrain,test,CC#CC(=O)OCC#CC#Cc1ccc(OC)cc1,0,achiral,11216
pretrain,test,CC#CCOC(C)(C)C#CC#CC(C)(C)OCC#CC,0,achiral,13820
pretrain,test,CC#CC[14CH2]O,0,achiral,13294
pretrain,test,CC(=C=CCCO)C(C)(C)C,2,axial,1013
pretrain,test,CC(=O)C(=[N+]=[N-])C(=O)N(C)c1ccc(C#N)c(C(F)(F)F)c1,0,achiral,13688
pretrain,test,CC(=O)CC=C=C(c1ccccc1)C(C)(C)C,2,axial,1014
pretrain,test,CC(=O)CCC(=O)c1ccc2ccccc2c1,0,achiral,14065
pretrain,test,CC(=O)NC(C)(C)C#Cc1ccccc1,0,achiral,10027
pretrain,test,CC(=O)N[C@@H](C(=O)OC(C)(C)C)C(C)C,1,central,1612
pretrain,test,CC(=O)N[C@@H](C)C(=O)O,1,central,1495
pretrain,test,CC(=O)N[C@H](C#N)c1ccccc1,1,central,5017
pretrain,test,CC(=O)N[C@H](C)C1CCCCC1,1,central,1960
pretrain,test,CC(=O)Nc1ccc(Br)c(C)c1,0,achiral,14622
pretrain,test,CC(=O)Nc1ccc(CCCO)cc1,0,achiral,14739
pretrain,test,CC(=O)Nc1ccc(OC[C@H](O)CNC(C)C)cc1,1,central,1194
pretrain,test,CC(=O)OC[C@@H](CO)Cc1cccc2ccccc12,1,central,2576
pretrain,test,CC(=O)OC[C@H](COC(=O)c1ccccc1)C(C)C,1,central,2579
pretrain,test,CC(=O)O[C@H](CNC(C)C)COc1cccc2ccccc12,1,central,2684
pretrain,test,CC(=O)Oc1cc[c]([Zn][Cl])cc1,0,achiral,8601
pretrain,test,CC(=O)c1cc([N+](=O)[O-])ccc1O,0,achiral,10841
pretrain,test,CC(=O)c1ccc(O)cc1F,0,achiral,16572
pretrain,test,CC(C)(C)C(=O)N1CCOCCOc2ccc3ccccc3c2-c2c(ccc3ccccc23)OCCOCC1,2,axial,1090
pretrain,test,CC(C)(C)CC(C)(C)C#N,0,achiral,15533
pretrain,test,CC(C)(C)NN=Cc1ccccc1,0,achiral,13340
pretrain,test,CC(C)(C)OC(=O)C#CC(=O)OC(C)(C)C,0,achiral,11394
pretrain,test,CC(C)(C)OC(=O)Nc1ccc2cc(B(O)O)ccc2c1,0,achiral,8320
pretrain,test,CC(C)(C)[Si](C)(C)OCCOCCCl,0,achiral,9216
pretrain,test,CC(C)(C)c1cc(C=O)c(O)c([N+](=O)[O-])c1,0,achiral,14935
pretrain,test,CC(C)(C)c1cc(P(c2cc(C(C)(C)C)cc(C(C)(C)C)c2)c2cccc3c2[C@@]2(CCc4cccc(C5=NCCO5)c42)CC3)cc(C(C)(C)C)c1,2,axial,6876
pretrain,test,CC(C)(C)c1ccc(-c2cc3c(c4c2OP(=O)(O)Oc2c(-c5ccc(C(C)(C)C)cc5)cc5c(c2-4)CCCC5)CCCC3)cc1,2,axial,5914
pretrain,test,CC(C)(C)c1ccc(C#N)c(O)c1,0,achiral,13434
pretrain,test,CC(C)(CCC=O)N=[N+]=[N-],0,achiral,9390
pretrain,test,CC(C)(CO)[C@@H](O)/C=C/c1ccccc1,1,central,2060
pretrain,test,CC(C)(O)C#Cc1cc(Br)c(C#CC(C)(C)O)cc1Br,0,achiral,16717
pretrain,test,CC(C)(O)[C@H]1CC=C(CCO)[C@H](O)C1,1,central,226
pretrain,test,CC(C)C(=O)C#CCCl,0,achiral,16206
pretrain,test,CC(C)C(=S)N(C)C,0,achiral,16393
pretrain,test,CC(C)CC=N[Si](C)(C)C,0,achiral,15900
pretrain,test,CC(C)C[C@@H](N)C(=O)NC(Cc1ccccc1)C(=O)O,1,central,122
pretrain,test,CC(C)C[C@@H](NC(=O)OC(C)(C)C)C(=O)O,1,central,1715
pretrain,test,CC(C)C[C@@H](NC(=O)[C@@H](N)Cc1ccc(O)cc1)C(=O)O,1,central,439
pretrain,test,CC(C)C[C@H](C)OC(=O)Nc1cc([N+](=O)[O-])cc([N+](=O)[O-])c1,1,central,1635
pretrain,test,CC(C)C[C@H](N)C(=O)N[C@H](Cc1ccc(O)cc1)C(=O)O,1,central,440
pretrain,test,CC(C)C[C@H](NC(=O)Oc1ccccc1)C(=O)O,1,central,4017
pretrain,test,CC(C)N(C(C)C)P1Oc2cccc3c2C2(CC3)CCc3cccc(c32)O1,2,axial,5833
pretrain,test,CC(C)N(C(C)C)S(F)(F)F,0,achiral,15205
pretrain,test,CC(C)OC(=O)[C@@H](C)O,1,central,3320
pretrain,test,CC(C)OC(=O)[C@@H](CCCCN)NC(=O)c1cc([N+](=O)[O-])cc([N+](=O)[O-])c1,1,central,3482
pretrain,test,CC(C)OC(=O)[C@H](C)NC(=O)c1ccc(Cl)cc1,1,central,2424
pretrain,test,CC(C)S(=O)(=O)c1cccc(N)c1,0,achiral,14682
pretrain,test,CC(C)[C@H](N)C(=O)O,1,central,1482
pretrain,test,CC(C)[C@H](O)CC(=O)NC(C)(C)C,1,central,3959
pretrain,test,CC(C)[C@H](O)CN(C)C(=O)Nc1cccc2ccccc12,1,central,2199
pretrain,test,CC(C)[C@H](O)c1ccccc1,1,central,4702
pretrain,test,CC(C)[S@](=O)c1ccc([N+](=O)[O-])cc1[N+](=O)[O-],1,central,4652
pretrain,test,CC(C)[Si](C#Cc1ccc(C(=O)Cl)cc1)(C(C)C)C(C)C,0,achiral,9926
pretrain,test,CC(C)c1ccccc1C#CBr,0,achiral,14441
pretrain,test,CC(c1ccccc1)N(C(C)c1ccccc1)P1Oc2cccc3c2C2(CC3)CCc3cccc(c32)O1,2,axial,-1
pretrain,test,CC/C=C\C/C=C\C/C=C\C/C=C\C/C=C\CC(=O)O[C@H](COC(=O)CCCCCCCCCCCCCCCCC)COC(=O)Nc1cc([N+](=O)[O-])cc([N+](=O)[O-])c1,1,central,3246
pretrain,test,CC/C=C\C/C=C\C/C=C\CCCCCCCC(=O)OC[C@H](COC(=O)Nc1cc([N+](=O)[O-])cc([N+](=O)[O-])c1)OC(=O)CCCCCCC/C=C\C/C=C\CCCCC,1,central,3187
pretrain,test,CC/C=C\C/C=C\C/C=C\CCCCCCCC(=O)OC[C@H](COC(=O)Nc1cc([N+](=O)[O-])cc([N+](=O)[O-])c1)OC(=O)CCCCCCCCCCCCCCCCC,1,central,3186
pretrain,test,CC/C=C\C/C=C\C/C=C\CCCCCCCC(=O)O[C@H](COC(=O)CCCCCCCCCCCCCCC)COC(=O)Nc1cc([N+](=O)[O-])cc([N+](=O)[O-])c1,1,central,3192
pretrain,test,CC1(C)O[C@H]2[C@H](O1)C(c1ccccc1)(c1ccccc1)OP(N1CCCCC1)OC2(c1ccccc1)c1ccccc1,2,axial,5846
pretrain,test,CC1(C)O[C@H]2[C@H](O1)C(c1ccccc1)(c1ccccc1)OP(N1c3ccccc3C=Cc3ccccc31)OC2(c1ccccc1)c1ccccc1,2,axial,5848
pretrain,test,CC1=C(Br)CCCC1,0,achiral,14900
pretrain,test,CCC(=O)c1ccc(S(N)(=O)=O)cc1,0,achiral,7249
pretrain,test,CCC(CC)Cc1ccc(O)c(O)c1,0,achiral,11564
pretrain,test,CCC1=C(CC)/C2=C/c3c(CC)c(CC)c4[n]3[Zn][n]3/c(c(CC)c(CC)/c3=C(\c3c(O)ccc5ccccc35)C3=N/C(=C\4c4c(O)ccc5ccccc45)C(CC)=C3CC)=C\C1=N2,2,axial,1050
pretrain,test,CCCC(=O)N[C@H](C)c1cccc2cc(C)c(C)cc12,1,central,3857
pretrain,test,CCCC(=O)N[C@H](C)c1cccc2ccccc12,1,central,1410
pretrain,test,CCCC(=O)O[C@H](CCl)COS(=O)(=O)c1ccc(C)cc1,1,central,2650
pretrain,test,CCCC(C)(C)OCC#Cc1ccccc1,0,achiral,9523
pretrain,test,CCCC(I)CCC,0,achiral,12395
pretrain,test,CCCC/N=C/c1c(O)ccc2ccccc12,0,achiral,16843
pretrain,test,CCCC/N=C/c1ccc(C)cc1,0,achiral,8553
pretrain,test,CCCCC#CC(=O)CC,0,achiral,16013
pretrain,test,CCCCC(C)=C=CCC(=O)OCC,2,axial,1020
pretrain,test,CCCCC/C=C\C/C=C\C/C=C\C=C\[C@@H](O)CCCC(=O)OC,1,central,1582
pretrain,test,CCCCC/C=C\C/C=C\C/C=C\C=C\[C@H](O)CCCC(=O)O,1,central,1575
pretrain,test,CCCCC/C=C\C/C=C\CCCCCCCC(=O)O[C@H](COC(=O)CCCCCCCCCCCCCCC)COC(=O)Nc1cc([N+](=O)[O-])cc([N+](=O)[O-])c1,1,central,2473
pretrain,test,CCCCC/C=C\C/C=C\C[C@H](O)/C=C/C=C\CCCC(=O)OC,1,central,1557
pretrain,test,CCCCCC#Cc1ccc(C(F)(F)F)cc1,0,achiral,11729
pretrain,test,CCCCCCC#Cc1cc(OC)c(OC)cc1C#CI,0,achiral,7746
pretrain,test,CCCCCCC1=C(C)c2cc3[nH]c4cc5nc(cc6[nH]c(cc1n2)c(C)c6CCC(=O)NCc1cccc(c1)CNC(=O)CCc3c4C)C(C)=C5CCCCCC,2,axial,1000
pretrain,test,CCCCCCCC/C=C\CCCCCCCC(=O)O[C@H](COC(=O)CCCCCCCCCCCCCCCCC)COC(=O)Nc1cc([N+](=O)[O-])cc([N+](=O)[O-])c1,1,central,3195
pretrain,test,CCCCCCCCCCCCCCCCCC(=O)OC[C@H](COC(=O)Nc1cc([N+](=O)[O-])cc([N+](=O)[O-])c1)OC(=O)CCCCCCCCCCCCCCCCC,1,central,4029
pretrain,test,CCCCCCCCCCCCCCCCCCNC(=O)[C@@H](CC(C)C)NC(=O)c1cc([N+](=O)[O-])cc([N+](=O)[O-])c1,1,central,2402
pretrain,test,CCCCCCCCCCCCCCCCOC[C@@H](O)COCc1ccccc1,1,central,1928
pretrain,test,CCCCCCCCCCCCCCCC[C@H](OC(=O)Nc1cc([N+](=O)[O-])cc([N+](=O)[O-])c1)C(=O)OC,1,central,4715
pretrain,test,CCCCCCCCCCCCCCC[C@@H](NC(=O)c1cc([N+](=O)[O-])cc([N+](=O)[O-])c1)C(=O)OCC,1,central,3762
pretrain,test,CCCCCCCCCCCCCC[C@](O)(CO)C(=O)OC,1,central,4911
pretrain,test,CCCCCCCCCCCCOS(=O)(=O)O,0,achiral,15736
pretrain,test,CCCCCCCCCCNC(=O)[C@H](C)c1cccc2ccccc12,1,central,4503
pretrain,test,CCCCCCCCCC[C@@H](OC(=O)Nc1cc([N+](=O)[O-])cc([N+](=O)[O-])c1)C(=O)OC,1,central,3741
pretrain,test,CCCCCCCCOC(=O)C[C@@H](CCCCCC)NC(=O)c1cc([N+](=O)[O-])cc([N+](=O)[O-])c1,1,central,3823
pretrain,test,CCCCCCCCOC(=O)[C@@H](CCCCC)CNC(=O)c1cc([N+](=O)[O-])cc([N+](=O)[O-])c1,1,central,3570
pretrain,test,CCCCCCCC[C@](C)(N)C(=O)O,1,central,2192
pretrain,test,CCCCCCCNCl,0,achiral,9376
pretrain,test,CCCCCCN(CCCCCC)C(=O)[C@@H](C)c1ccc2cc(OC)ccc2c1,1,central,1504
pretrain,test,CCCCCCNC(=O)[C@H](C)c1cccc2ccccc12,1,central,4501
pretrain,test,CCCCC[C@@](C)(N)C(=O)O,1,central,2195
pretrain,test,CCCCC[C@H](/C=C/C=C\C/C=C\C/C=C\CCCC(=O)OC)OC(=O)c1cccc2ccccc12,1,central,3980
pretrain,test,CCCCC[C@H](C)NC(=O)c1ccc(Cl)cc1,1,central,4521
pretrain,test,CCCCC[C@H](O)/C=C/C=C\CCCCCCCC(=O)OC,1,central,1581
pretrain,test,CCCCCc1cc(C)c(C(=O)O)cc1S(C)(=O)=O,0,achiral,8371
pretrain,test,CCCCNC(=O)N[C@@H](c1cccc2ccccc12)C(C)C,1,central,3863
pretrain,test,CCCCNC(=O)c1cc(Cl)cc(Cl)c1-c1c(C(=O)NCCCC)ccc2ccccc12,2,axial,1026
pretrain,test,CCCCNC(=O)c1cc(Cl)cc(Cl)c1-c1c(C(=O)NCCCC)cccc1[N+](=O)[O-],2,axial,1025
pretrain,test,CCCCNC(=O)c1cccc([N+](=O)[O-])c1-c1c(C(=O)NCCCC)ccc2ccccc12,2,axial,1115
pretrain,test,CCCCN[SiH](C)c1ccccc1,0,achiral,16814
pretrain,test,CCCCNc1cc(OC)c(O)cc1[N+](=O)[O-],0,achiral,12680
pretrain,test,CCCCOC(=O)CC(CC(=O)OCCCC)NC(=O)c1cc([N+](=O)[O-])cc([N+](=O)[O-])c1,1,central,3759
pretrain,test,CCCCOC(=O)[C@@H](C)NC(=O)c1cc([N+](=O)[O-])cc([N+](=O)[O-])c1,1,central,2401
pretrain,test,CCCCOC(=O)[C@@H](C)Oc1cccc(Cl)c1,1,central,2114
pretrain,test,CCCC[C@@H](C)NC(=O)c1ccc2ccccc2c1,1,central,4308
pretrain,test,CCCC[C@@H](NC(=O)c1cc([N+](=O)[O-])cc([N+](=O)[O-])c1)C(=O)OCCC,1,central,2433
pretrain,test,CCCC[C@@H](NC(=O)c1ccccc1)C(=O)O,1,central,2465
pretrain,test,CCCC[C@@H](Nc1ccc2ccccc2c1)C(=O)OCC,1,central,3639
pretrain,test,CCCC[C@H](CC)NC(=O)c1ccc2ccccc2c1,1,central,4543
pretrain,test,CCCC[C@H](NC(=O)OCc1ccccc1)C(=O)O,1,central,1499
pretrain,test,CCCC[N+]1(CCCC)Cc2c(-c3cc(-c4ccccc4)cc(-c4ccccc4)c3)cc3ccccc3c2-c2c(c(-c3cc(-c4ccccc4)cc(-c4ccccc4)c3)cc3ccccc23)C1.[Br-],2,axial,-1
pretrain,test,CCCN(CCC)C(=O)[C@@H](CCC(=O)O)NC(=O)c1ccccc1,1,central,2752
pretrain,test,CCCOP(=O)(OCCC)Oc1ccc([S@@](C)=O)cc1,1,central,1778
pretrain,test,CCCS[S@@](C)=O,1,central,1337
pretrain,test,CCCSc1cc(NN)ccc1C,0,achiral,14589
pretrain,test,CCC[C@@H](C)COC(=O)Nc1ccccc1,1,central,4948
pretrain,test,CCC[C@H](C)NC(=O)C(F)(F)F,1,central,5005
pretrain,test,CCN(CC)P1Oc2cccc3c2C2(CC3)CCc3cccc(c32)O1,2,axial,5832
pretrain,test,CCNC(=S)N(C[C@@H](O)COc1cccc2ccccc12)C(C)C,1,central,-1
pretrain,test,CCNC[C@@H](O)COc1ccc(CCOC)cc1,1,central,5052
pretrain,test,CCNS(=O)(=O)c1cccc([N+](=O)[O-])c1,0,achiral,8107
pretrain,test,CCOC(=O)C#Cc1ccc2ccccc2c1,0,achiral,8465
pretrain,test,CCOC(=O)C(C(=O)OCC)N(C)c1ccc(C#N)cc1,0,achiral,14235
pretrain,test,CCOC(=O)C(C=C(F)F)=C(N(C)C)N(C)C,0,achiral,13220
pretrain,test,CCOC(=O)C/C=C/C=C=C(C)C(C)(C)C,2,axial,1012
pretrain,test,CCOC(=O)CC(C)=C=C(C)c1ccccc1,2,axial,1016
pretrain,test,CCOC(=O)CC=C=C(C)C(C)(C)C,2,axial,1021
pretrain,test,CCOC(=O)CC=C=C(C)C1(OC)CCCCC1,2,axial,1017
pretrain,test,CCOC(=O)CC=C=C(C)C1=CCCCC1,2,axial,1018
pretrain,test,CCOC(=O)CC=C=C(C)[Si](C)(C)C,2,axial,1019
pretrain,test,CCOC(=O)CC=C=C(C)c1ccccc1,2,axial,1023
pretrain,test,CCOC(=O)CC=C=C(c1ccccc1)C(C)(C)C,2,axial,1022
pretrain,test,CCOC(=O)CNCCSC,0,achiral,13048
pretrain,test,CCOC(=O)Nc1ccc(F)cc1F,0,achiral,8936
pretrain,test,CCOC(=O)[C@@H](C)Nc1ccc2ccccc2c1,1,central,3642
pretrain,test,CCOC(=O)[C@@H](NC(C)=O)C(C)C,1,central,1614
pretrain,test,CCOC(=O)[C@](Br)(Sc1ccccc1)[N+](=O)[O-],1,central,5061
pretrain,test,CCOC(=O)[C@](F)(SCC)[N+](=O)[O-],1,central,5059
pretrain,test,CCOC(=O)c1cccc([Se]C)c1,0,achiral,9225
pretrain,test,CCOP(=O)(OCC)[C@H](CC)NC(C)=O,1,central,2237
pretrain,test,CCO[P@@](=O)(OC)c1ccccc1,1,central,4367
pretrain,test,CCS(=O)(=O)CCBr,0,achiral,14858
pretrain,test,CCSC(=O)CC=C=C(C)c1ccccc1,2,axial,1015
pretrain,test,CCSC(=O)[C@H](C)[C@@H](OC(C)=O)c1ccccc1,1,central,189
pretrain,test,CCSC(=O)[C@H](C)[C@H](CC(C)C)OC(C)=O,1,central,188
pretrain,test,CC[C@@H](Br)C(=O)N(C)C1CCCCC1,1,central,2004
pretrain,test,CC[C@@H](C)[C@@H](NC(=O)c1ccc([N+](=O)[O-])cc1)C(=O)OC(C)C,1,central,504
pretrain,test,CC[C@@H](Oc1ccc(C)cc1)C(=O)OC,1,central,1816
pretrain,test,CC[C@H](C)C(=O)Nc1ccccc1,1,central,3041
pretrain,test,CC[C@H](CO)NC(=O)c1cc([N+](=O)[O-])cc([N+](=O)[O-])c1,1,central,2712
pretrain,test,CC[C@H](O)[C@H](O)CCOC(=O)c1ccccc1,1,central,46
pretrain,test,CC[C@](N)(C(=O)O)C(F)(F)F,1,central,1706
pretrain,test,CCc1cccc(C(C)C)c1N=C=O,0,achiral,12636
pretrain,test,CCc1ccccc1-n1c(C)csc1=O,2,axial,1036
pretrain,test,CCc1csc(=O)n1-c1ccccc1C,2,axial,1039
pretrain,test,CN(C)C(=NC(C)(C)C)N(C)C,0,achiral,11563
pretrain,test,CN(C)C(=O)c1c(I)cc(I)c(N)c1I,2,axial,1153
pretrain,test,CN(C)CCCSc1ccccc1Cl,0,achiral,12439
pretrain,test,CN(C)P1OC(c2ccccc2)(c2ccccc2)[C@@H]2OC(C)(C)O[C@H]2C(c2ccccc2)(c2ccccc2)O1,2,axial,5839
pretrain,test,CN(C)P1Oc2cccc3c2C2(CC3)CCc3cccc(c32)O1,2,axial,5831
pretrain,test,CN(C)[C@@H]1CCCC[C@H]1N,1,central,6183
pretrain,test,CN(C)[C@H]1CCCC[C@@H]1N(C)C,1,central,6208
pretrain,test,CN(CCCCCN(C)P1(=O)N(C)c2ccc3ccccc3c2-c2c(ccc3ccccc23)N1C)P1(=O)N(C)c2ccc3ccccc3c2-c2c(ccc3ccccc23)N1C,2,axial,6142
pretrain,test,CN=C=N[Si](C)(C)C,0,achiral,16549
pretrain,test,CNC(=O)c1cc(Cl)c(C(=O)O)c(Cl)c1,0,achiral,11511
pretrain,test,CN[C@H](CCC(=O)O)C(=O)O,1,central,2186
pretrain,test,CNc1cccc2ccc(O)cc12,0,achiral,11041
pretrain,test,CNc1ccccc1C(=O)C(=O)O,0,achiral,15178
pretrain,test,COC(=O)C[C@@H](Cc1ccc(OC)c(OC)c1)C(=O)OC,1,central,3466
pretrain,test,COC(=O)NCC[Si](C)(C)C,0,achiral,16787
pretrain,test,COC(=O)[C@@H](C)NC(=O)[C@H](CC(C)C)NC(=O)c1cc([N+](=O)[O-])cc([N+](=O)[O-])c1,1,central,581
pretrain,test,COC(=O)[C@@H](C)Oc1cccc(Cl)c1,1,central,2121
pretrain,test,COC(=O)[C@@H](CC(C)C)NC(=O)Nc1ccccc1,1,central,3937
pretrain,test,COC(=O)[C@@H](COC(C)=O)OC(=O)c1cc([N+](=O)[O-])cc([N+](=O)[O-])c1,1,central,4630
pretrain,test,COC(=O)[C@@H](NC(=O)[C@@H](CC(C)C)NC(=O)c1cc([N+](=O)[O-])cc([N+](=O)[O-])c1)C(C)C,1,central,580
pretrain,test,COC(=O)[C@@H](NC(=O)[C@H](NC(=O)c1cc([N+](=O)[O-])cc([N+](=O)[O-])c1)C(C)C)C(C)C,1,central,572
pretrain,test,COC(=O)[C@@H]([NH3+])c1ccc(Cl)cc1,1,central,-1
pretrain,test,COC(=O)[C]1[CH][CH][CH][CH][C]1c1ccccc1C(=O)OC.[C-]#[O+].[C-]#[O+].[C-]#[O+].[Cr],2,axial,-1
pretrain,test,COC(=O)[C]1[CH][CH][CH][C]1C.[CH]1[CH][CH][CH][CH]1.[Fe],4,planar,-1
pretrain,test,COC(=O)[C]1[CH][CH][C](C)[CH]1.[CH]1[CH][CH][CH][CH]1.[Fe],4,planar,-1
pretrain,test,COC(=O)c1cc(C)c(F)cc1Br,0,achiral,10090
pretrain,test,COC(=O)c1cccc(C)c1-c1c(C)cccc1C(=O)OC,2,axial,998
pretrain,test,COC(=O)c1cccc(O[C@H](C)C(=O)OC)c1,1,central,2452
pretrain,test,COC(CO)(CF)OC,0,achiral,8535
pretrain,test,COCC(=O)N(c1c(C)ccc(Cl)c1C)[C@H]1CCOC1=O,2,axial,1155
pretrain,test,COCCOCOCl,0,achiral,16683
pretrain,test,COP1(=O)Oc2ccc3ccccc3c2-c2c(ccc3ccccc23)O1,2,axial,1088
pretrain,test,CO[C@H](C)[C]1[CH][CH][CH][CH]1.[CH]1[CH][CH][CH][CH]1.[Fe],1,central,-1
pretrain,test,CO[P@](=O)(OC=C(Cl)Cl)Oc1ccccc1,1,central,4183
pretrain,test,COc1c(C(C)(C)C)cc(-c2cc3c(c4c2OP(=O)(O)Oc2c(-c5cc(C(C)(C)C)c(OC)c(C(C)(C)C)c5)cc5c(c2-4)CCCC5)CCCC3)cc1C(C)(C)C,2,axial,5919
pretrain,test,COc1c(F)c(F)c(C)c(F)c1F,0,achiral,16972
pretrain,test,COc1cc(O)c(-c2c(CO)ccc3ccccc23)c(OC)c1,2,axial,990
pretrain,test,COc1cc(OC)c(-c2c(OC)cc(OC)cc2P(C2CCCCC2)C2CCCCC2)c(P(C2CCCCC2)C2CCCCC2)c1,2,axial,5797
pretrain,test,COc1ccc(-c2cc3c(c4c2OP(=O)(NS(=O)(=O)C(F)(F)F)Oc2c(-c5ccc(OC)cc5)cc5c(c2-4)CCCC5)CCCC3)cc1,2,axial,6105
pretrain,test,COc1ccc(-c2cc3c(c4c2OP(=O)(O)Oc2c(-c5ccc(OC)cc5)cc5c(c2-4)CCCC5)CCCC3)cc1,2,axial,5913
pretrain,test,COc1ccc(C#C[Si](C)(C)C)c([N+](=O)[O-])c1,0,achiral,9335
pretrain,test,COc1ccc(C2=C(c3ccccc3)CCCc3cccc(C)c32)cc1,3,helical,5515
pretrain,test,COc1ccc(N(c2cc(C(F)(F)F)cc(C(F)(F)F)c2)c2cc(C(F)(F)F)cc(C(F)(F)F)c2)cc1,0,achiral,8626
pretrain,test,COc1ccc(OC[C@@H](O)CCl)cc1,1,central,1181
pretrain,test,COc1ccc(S(=O)(=O)Cl)cc1F,0,achiral,8026
pretrain,test,COc1ccc([As](Br)Br)cc1,0,achiral,10869
pretrain,test,COc1cccc(P(C(C)C)C(C)C)c1-c1c(OC)cccc1P(C(C)C)C(C)C,2,axial,6972
pretrain,test,COc1cccc(P(C2CCCCC2)C2CCCCC2)c1-c1c(OC)cccc1P(C1CCCCC1)C1CCCCC1,2,axial,5789
pretrain,test,COc1cccc([S@](C)=O)c1,1,central,5429
pretrain,test,COc1ccccc1C#C[Si](C(C)C)(C(C)C)C(C)C,0,achiral,7229
pretrain,test,COc1ccccc1OC[C@H](O)COC(N)=O,1,central,1209
pretrain,test,CS(=O)(=O)N[C@@H]1CCCC[C@H]1NS(C)(=O)=O,1,central,6203
pretrain,test,CS(=O)(=O)Nc1cccc(I)c1,0,achiral,11446
pretrain,test,CS(=O)(=O)c1cc(Br)cc(C(F)(F)F)c1,0,achiral,8061
pretrain,test,CSc1ccc(O)c(C#N)c1,0,achiral,15313
pretrain,test,C[13C](=O)[13C](=O)O,0,achiral,12308
pretrain,test,C[C@@H](Br)C(=O)N(C)c1ccccc1,1,central,2019
pretrain,test,C[C@@H](Br)C(=O)NC1CCCCC1,1,central,2015
pretrain,test,C[C@@H](CO)NC(=O)c1ccc2ccccc2c1,1,central,4548
pretrain,test,C[C@@H](Cl)C(=O)N(C)c1ccccc1,1,central,2028
pretrain,test,C[C@@H](N)[C@@H](O)c1ccc(O)cc1,1,central,127
pretrain,test,C[C@@H](NC(=O)c1cc([N+](=O)[O-])cc([N+](=O)[O-])c1)C(C)(C)C,1,central,1572
pretrain,test,C[C@@H](O)C(=O)O,1,central,1483
pretrain,test,C[C@@H](Oc1ccc(F)cc1)C(=O)O,1,central,1847
pretrain,test,C[C@@H](Oc1ccccc1)C(=O)O,1,central,2779
pretrain,test,C[C@@H]1Oc2cccnc2-c2ncccc2O[C@H]1C,2,axial,6158
pretrain,test,C[C@@](C#N)(C(=O)O)c1ccccc1,1,central,3723
pretrain,test,C[C@@](N)(CC(=O)O)C(=O)O,1,central,2148
pretrain,test,C[C@@](N)(CO)C(=O)O,1,central,2150
pretrain,test,C[C@H](Br)C(=O)NCc1ccccc1,1,central,2018
pretrain,test,C[C@H](Br)C(=O)Nc1cccc2ccccc12,1,central,2021
pretrain,test,C[C@H](NC(=O)c1ccccc1)C(=O)O,1,central,1723
pretrain,test,C[C@H](NC(=O)c1ccccc1)C(C)(C)C,1,central,4896
pretrain,test,C[C@H](SCCO)[C]1[CH][CH][CH][CH]1.[CH]1[CH][CH][CH][CH]1.[Fe],1,central,-1
pretrain,test,C[C@H](c1ccccc1)N([C@H](C)c1ccccc1)p1oc2c(-c3ccccc3)cc3c(c2c2c4c(cc(-c5ccccc5)c2o1)CCCC4)CCCC3,2,axial,5830
pretrain,test,C[C@H]1Oc2cccnc2-c2ncccc2O[C@@H]1C,2,axial,6159
pretrain,test,C[C]([Lu])([CH2][Lu])C(=O)OC(c1ccccc1)(c1ccccc1)c1ccccn1,3,helical,5520
pretrain,test,C[C]1[CH][CH][CH][C]1C=O.[CH]1[CH][CH][CH][CH]1.[Fe],4,planar,-1
pretrain,test,C[C]1[CH][CH][CH][C]1CO.[CH]1[CH][CH][CH][CH]1.[Fe],4,planar,-1
pretrain,test,C[C]1[CH][CH][C](C=O)[CH]1.[CH]1[CH][CH][CH][CH]1.[Fe],4,planar,-1
pretrain,test,C[C]1[CH][CH][C](CO)[CH]1.[CH]1[CH][CH][CH][CH]1.[Fe],4,planar,-1
pretrain,test,C[Si](C)(C#CC(F)(F)F)c1ccccc1,0,achiral,15818
pretrain,test,C[Si](C)(C)C(C#Cc1cccc2ccccc12)=NN,0,achiral,16803
pretrain,test,C[Si](C)(C)CCC(F)(F)F,0,achiral,16413
pretrain,test,C[Si](C)(C)[Se][Si](C)(C)C,0,achiral,12315
pretrain,test,C[Si](C)(C)c1c(F)cc(Br)cc1F,0,achiral,13888
pretrain,test,C[Si](C)(C)c1cc(C(=O)O)ccc1F,0,achiral,11388
pretrain,test,Cc1cc(C(C)(C)C)c(O)c(-c2c(C)c(C)cc(C(C)(C)C)c2O)c1C,2,axial,6305
pretrain,test,Cc1cc(C)c(-c2c(CO)ccc3ccccc23)c(O)c1,2,axial,989
pretrain,test,Cc1cc(C)c(-c2cc3c(c4c2OP(=O)(O)Oc2c(-c5c(C)cc(C)cc5C)cc5c(c2-4)CCCC5)CCCC3)c(C)c1,2,axial,5916
pretrain,test,Cc1cc(C)c(C(=S)N(C)C)c(C)c1C,2,axial,1152
pretrain,test,Cc1cc(C)c(P(C)(=O)O)c(C)c1,0,achiral,14061
pretrain,test,Cc1cc(C)cc(-c2cc3c(c4c2OP(=O)(NS(=O)(=O)C(F)(F)F)Oc2c(-c5cc(C)cc(C)c5)cc5c(c2-4)CCCC5)CCCC3)c1,2,axial,6100
pretrain,test,Cc1cc(C)cc(-c2cc3c(c4c2OP(=O)(O)Oc2c(-c5cc(C)cc(C)c5)cc5c(c2-4)CCCC5)CCCC3)c1,2,axial,5915
pretrain,test,Cc1cc(C)cc(C2(c3cc(C)cc(C)c3)OP(N(C)C)OC(c3cc(C)cc(C)c3)(c3cc(C)cc(C)c3)[C@@H]3OC(C)(C)O[C@H]32)c1,2,axial,5841
pretrain,test,Cc1cc2ccccc2c2c1OP(=O)(NS(=O)(=O)C(F)(F)F)Oc1c(C)cc3ccccc3c1-2,2,axial,6110
pretrain,test,Cc1cc2cccccc-2c1-c1c(C)cc2cccccc1-2,2,axial,1084
pretrain,test,Cc1ccc(C)c2c1C#Cc1c(C)ccc(C)c1CC2,4,planar,5625
pretrain,test,Cc1ccc(C)c2c1ccc1c(CC(=O)O)ccc(C)c12,3,helical,5530
pretrain,test,Cc1ccc(OCCBr)cc1,0,achiral,15289
pretrain,test,Cc1ccc([C@@H](O)C(F)(F)F)cc1,1,central,4699
pretrain,test,Cc1ccc2c(C(=O)C(C)(C)C)c(C)ccc2c1C(=O)C(C)(C)C,2,axial,986
pretrain,test,Cc1ccc2ccccc2c1C(=O)C(C)(C)C,2,axial,987
pretrain,test,Cc1cccc(-n2c(C)c(C)sc2=O)c1C,2,axial,1044
pretrain,test,Cc1cccc(-n2c(C)csc2=O)c1C,2,axial,1045
pretrain,test,Cc1cccc(C(OC(=O)[C](C)([Lu])[CH2][Lu])(c2ccccc2)c2ccccc2)n1,3,helical,5521
pretrain,test,Cc1cccc(CBr)c1-c1c(C)cccc1CBr,2,axial,1130
pretrain,test,Cc1cccc(I)c1,0,achiral,8955
pretrain,test,Cc1cccc(O)c1-c1c(C)cccc1O,2,axial,1024
pretrain,test,Cc1cccc(OC[C@@H](O)CCl)c1,1,central,1185
pretrain,test,Cc1cccc2c1C(c1ccc(OCCN(C)C)cc1)=C(c1ccccc1)CCC2,3,helical,5514
pretrain,test,Cc1ccccc1-n1c(C(C)(C)C)csc1=O,2,axial,1034
pretrain,test,Cc1ccccc1-n1c(C(C)C)csc1=O,2,axial,1040
pretrain,test,Cc1ccccc1-n1c(C)c(C)sc1=O,2,axial,1047
pretrain,test,Cc1ccccc1-n1c(C)csc1=O,2,axial,1035
pretrain,test,Cc1ccccc1[C@@](O)(c1ccccc1)c1ccccn1,1,central,4387
pretrain,test,Cc1csc(=O)n1-c1ccccc1C(C)(C)C,2,axial,1038
pretrain,test,Cc1csc(=O)n1-c1ccccc1C(C)C,2,axial,1037
pretrain,test,ClCC#Cc1ccc(Br)cc1,0,achiral,11894
pretrain,test,Clc1c(Cl)c(Cl)c(N(c2c(Cl)c(Cl)c(Cl)c(Cl)c2Cl)c2c(Cl)c(Cl)c(Cl)c(Cl)c2Cl)c(Cl)c1Cl,3,helical,5519
pretrain,test,Clc1cc(Cl)c(-c2c(Cl)cc(Cl)c(Cl)c2Cl)c(Cl)c1Cl,2,axial,1083
pretrain,test,Clc1ccc(-c2c(Cl)cc(Cl)c(Cl)c2Cl)c(Cl)c1,2,axial,1143
pretrain,test,Clc1ccc(Cl)c(-c2c(Cl)cc(Cl)c(Cl)c2Cl)c1,2,axial,1142
pretrain,test,Clc1cccc(-c2c(Cl)cc(Cl)c(Cl)c2Cl)c1Cl,2,axial,1141
pretrain,test,Clc1ccccc1-c1c(Cl)cc(Cl)c(Cl)c1Cl,2,axial,1144
pretrain,test,FC(F)(F)c1cc(NC(=S)Nc2ccc3ccccc3c2-c2c(NC(=S)Nc3cc(C(F)(F)F)cc(C(F)(F)F)c3)ccc3ccccc23)cc(C(F)(F)F)c1,2,axial,-1
pretrain,test,FC(F)=C(I)c1cccc(Cl)c1,0,achiral,12722
pretrain,test,Fc1c(F)c(F)c(N(Cl)Cl)c(F)c1F,0,achiral,12073
pretrain,test,Fc1cccc([CH2][Zn][Br])c1,0,achiral,15272
pretrain,test,I[I-]c1cccc(I)c1,0,achiral,-1
pretrain,test,N#CC(C#N)Cc1ccc(Br)cc1F,0,achiral,16080
pretrain,test,N#CCC(=O)Nc1ccc(Cl)cc1,0,achiral,16399
pretrain,test,N#CCCNCCCCCNCCC#N,0,achiral,13130
pretrain,test,N#CCOCC#CCO,0,achiral,7942
pretrain,test,N#Cc1cc(C(Cl)(Cl)Cl)cc(C(Cl)(Cl)Cl)c1,0,achiral,8657
pretrain,test,N#Cc1cc(Cl)c(N)c(Cl)c1,0,achiral,7033
pretrain,test,NC(=O)N/N=C/[C]1[CH][CH][CH][C]1CO.[CH]1[CH][CH][CH][CH]1.[Fe],4,planar,-1
pretrain,test,NC(=O)NC(=O)NCCCCCCO,0,achiral,15090
pretrain,test,NC(=O)c1cc(F)ccc1C#CCCCO,0,achiral,8755
pretrain,test,NCC(=O)NCCCl,0,achiral,15164
pretrain,test,NCC(=O)N[C@H](CC(N)=O)C(=O)O,1,central,2138
pretrain,test,NCC(=O)c1ccc(Cl)c(Cl)c1,0,achiral,8086
pretrain,test,NCC(F)(F)C(F)(F)Br,0,achiral,9938
pretrain,test,NC[C@H](O)c1cccc(O)c1,1,central,2267
pretrain,test,NCc1c(F)cccc1I,0,achiral,16947
pretrain,test,NCc1cc(Cl)c(N)c(I)c1,0,achiral,15651
pretrain,test,NNc1cc(Cl)ccc1[N+](=O)[O-],0,achiral,7173
pretrain,test,N[C@@H]1CCCC[C@H]1N,1,central,6202
pretrain,test,N[C@@H]1CCCC[C@H]1O,1,central,6190
pretrain,test,N[C@H](Cc1cc(O)c(O)cc1F)C(=O)O,1,central,2275
pretrain,test,N[C@H](Cc1ccc(O)c(O)c1)C(=O)O,1,central,2147
pretrain,test,N[C@](CC(=O)O)(C(=O)O)C(F)(F)F,1,central,1700
pretrain,test,Nc1c(C(=O)[O-])cccc1[N+](=O)[O-],0,achiral,-1
pretrain,test,Nc1c(F)cc(C(F)(F)F)cc1F,0,achiral,14159
pretrain,test,Nc1c(O)cccc1F,0,achiral,16157
pretrain,test,Nc1cc(CC(=O)O)cc(C(=O)O)c1,0,achiral,15573
pretrain,test,Nc1cc(F)c(F)c(C(=O)O)c1,0,achiral,12607
pretrain,test,Nc1cccc(CS(N)(=O)=O)c1,0,achiral,7386
pretrain,test,O=C(Cl)c1ccc(I)cc1O,0,achiral,14426
pretrain,test,O=C(Cl)c1cccc(F)c1,0,achiral,10519
pretrain,test,O=C(O)[C@@H]1C[C@@H]2CCCC[C@@H]2N1,2,axial,-1
pretrain,test,O=C(O)[C@H](O)CO,1,central,1488
pretrain,test,O=C(O)[C@H](O)[C@@H](O)C(=O)O,1,central,2242
pretrain,test,O=C(O)c1cc(Br)c(I)cc1C(=O)O,0,achiral,10518
pretrain,test,O=C[C]1[CH][CH][CH][C]1CO.[CH]1[CH][CH][CH][CH]1.[Fe],4,planar,-1
pretrain,test,O=P1(NS(=O)(=O)C(F)(F)F)Oc2c(-c3cc(C(F)(F)F)cc(C(F)(F)F)c3)cc3c(c2-c2c4c(cc(-c5cc(C(F)(F)F)cc(C(F)(F)F)c5)c2O1)CCCC4)CCCC3,2,axial,6116
pretrain,test,O=P1(NS(=O)(=O)C(F)(F)F)Oc2c(-c3ccc(-c4ccccc4)cc3)cc3c(c2-c2c4c(cc(-c5ccc(-c6ccccc6)cc5)c2O1)CCCC4)CCCC3,2,axial,6104
pretrain,test,O=P1(NS(=O)(=O)C(F)(F)F)Oc2c(-c3ccc(C(F)(F)F)cc3)cc3c(c2-c2c4c(cc(-c5ccc(C(F)(F)F)cc5)c2O1)CCCC4)CCCC3,2,axial,6098
pretrain,test,O=P1(NS(=O)(=O)C(F)(F)F)Oc2c(-c3ccccc3)cc3c(c2-c2c4c(cc(-c5ccccc5)c2O1)CCCC4)CCCC3,2,axial,6117
pretrain,test,O=P1(O)Oc2c(-c3cc(C(F)(F)F)cc(C(F)(F)F)c3)cc3c(c2-c2c4c(cc(-c5cc(C(F)(F)F)cc(C(F)(F)F)c5)c2O1)CCCC4)CCCC3,2,axial,-1
pretrain,test,O=P1(O)Oc2c(-c3ccc(-c4ccccc4)cc3)cc3c(c2-c2c4c(cc(-c5ccc(-c6ccccc6)cc5)c2O1)CCCC4)CCCC3,2,axial,5922
pretrain,test,O=P1(O)Oc2c(-c3ccc(C(F)(F)F)cc3)cc3c(c2-c2c4c(cc(-c5ccc(C(F)(F)F)cc5)c2O1)CCCC4)CCCC3,2,axial,5917
pretrain,test,O=P1(O)Oc2c(-c3ccccc3)cc3c(c2-c2c4c(cc(-c5ccccc5)c2O1)CCCC4)CCCC3,2,axial,5911
pretrain,test,O=P1(O)Oc2c(Br)cc3ccccc3c2-c2c(c(Br)cc3ccccc23)O1,2,axial,5882
pretrain,test,O=P1(O)Oc2c(I)cc3ccccc3c2-c2c(c(I)cc3ccccc23)O1,2,axial,5926
pretrain,test,O=P1(O)Oc2ccc3ccccc3c2-c2c(ccc3ccccc23)O1,2,axial,1033
pretrain,test,O=S(=O)(O)c1cc(O)c(O)c(S(=O)(=O)O)c1,0,achiral,13720
pretrain,test,O=S(=O)([O-])CC1CCCCC1,0,achiral,-1
pretrain,test,O=[N+]([O-])CC(=C(Cl)Cl)c1ccccc1,0,achiral,11125
pretrain,test,O=[N+]([O-])c1ccc(-c2cc3c(c4c2OP(=O)(NS(=O)(=O)C(F)(F)F)Oc2c(-c5ccc([N+](=O)[O-])cc5)cc5c(c2-4)CCCC5)CCCC3)cc1,2,axial,6096
pretrain,test,O=[N+]([O-])c1ccc(-c2cc3c(c4c2OP(=O)(O)Oc2c(-c5ccc([N+](=O)[O-])cc5)cc5c(c2-4)CCCC5)CCCC3)cc1,2,axial,5912
pretrain,test,O=[N+]([O-])c1cccc(CNCCO)c1Cl,0,achiral,10819
pretrain,test,O=[N+]([O-])c1ccccc1C#CCl,0,achiral,16959
pretrain,test,OCCC#CC#CCCO,0,achiral,15420
pretrain,test,OCc1scc2c1-c1cccc(c1)CCc1cccc-2c1,4,planar,5613
pretrain,test,OP1(=S)Oc2ccc3ccccc3c2-c2c(ccc3ccccc23)O1,2,axial,-1
pretrain,test,O[C@@H](CCc1ccccc1)C(Cl)(Cl)Cl,1,central,1914
pretrain,test,O[C@H](c1ccccc1)C(F)(F)F,1,central,2178
pretrain,test,Oc1c(-c2cc3ccccc3c3ccccc23)cc2c(c1-c1c(O)c(-c3cc4ccccc4c4ccccc34)cc3c1CCCC3)CCCC2,2,axial,6296
pretrain,test,Oc1c(-c2ccc3ccccc3c2)cc2c(c1-c1c(O)c(-c3ccc4ccccc4c3)cc3c1CCCC3)CCCC2,2,axial,6324
pretrain,test,Oc1c(-c2cccc3ccccc23)cc2c(c1-c1c(O)c(-c3cccc4ccccc34)cc3c1CCCC3)CCCC2,2,axial,6325
pretrain,test,Oc1c([Si](c2ccccc2)(c2ccccc2)c2ccccc2)cc2ccccc2c1-c1c(O)c([Si](c2ccccc2)(c2ccccc2)c2ccccc2)cc2ccccc12,2,axial,6336
pretrain,test,Oc1cccc2c1-c1c(O)cccc1N=C(c1ccccc1)C(c1ccccc1)=N2,2,axial,-1
pretrain,test,Oc1ccccc1C1=N[C@@H]2c3ccccc3C[C@@H]2O1,2,axial,6890
pretrain,test,S=C=NCCc1ccccc1,0,achiral,8369
pretrain,test,[18F]C([18F])([18F])SCCc1ccccc1,0,achiral,12129
pretrain,test,[18F]c1ccc(CI)cc1,0,achiral,12931
pretrain,test,[C-]#[N+]CCCCCCCC(=O)[O-],0,achiral,-1
pretrain,test,[C-]#[N+]c1ccc([N+](=O)[O-])cc1C,0,achiral,15104
pretrain,test,[Li][O]C=O,0,achiral,11407
pretrain,test,[Li][c]1ccc(OC(F)(F)F)cc1,0,achiral,11254
pretrain,test,[N-]=[N+]=CC(=O)C1=CCCCC1,0,achiral,8520
pretrain,test,[N-]=[N+]=NS(=O)(=O)N(C=O)c1ccccc1,0,achiral,13588
pretrain,test,[O]=[V](=[O])[OH],0,achiral,8362
pretrain,test,[Se]=C([Se-])c1ccccc1,0,achiral,-1
pretrain,test,c1cc2c(ccc3sc4ccc5sc6ccc7sc8ccc9sc%10ccc%11sc%12ccc%13sc%14ccc%15sccc%15c%14c%13c%12c%11c%10c9c8c7c6c5c4c32)s1,3,helical,5510
pretrain,test,c1cc2c(ccc3sc4ccc5sc6ccc7sc8ccc9sc%10ccc%11sccc%11c%10c9c8c7c6c5c4c32)s1,3,helical,5512
pretrain,test,c1cc2cc(c1)-c1cscc1-c1cccc(c1)CC2,4,planar,5629
pretrain,test,c1cc2cc(c1)CSc1cc(cc3ccccc13)SC2,4,planar,5633
pretrain,test,c1ccc(-c2cccc(C3=N[C@@H]4c5ccccc5C[C@@H]4O3)n2)nc1,2,axial,6539
pretrain,test,c1ccc(P(c2ccccc2)c2cccc3c2-c2c(cccc2P(c2ccccc2)c2ccccc2)OCCCCCCO3)cc1,2,axial,5788
pretrain,test,c1ccc([C@H]2CC[C@H](c3ccccc3)N2p2oc3ccc4ccccc4c3c3c(ccc4ccccc43)o2)cc1,2,axial,5816
pretrain,test,c1ccc2c(c1)CC(C1=N[C@@H]3c4ccccc4C[C@@H]3O1)(C1=N[C@@H]3c4ccccc4C[C@@H]3O1)C2,2,axial,6772
pretrain,test,c1ccc2c(c1)C[C@@H]1OC(c3ccc4ccccc4n3)=N[C@H]21,2,axial,6478
pretrain,test,c1ccc2c(c1)C[C@H]1OC(c3ccc4cccnc4n3)=N[C@@H]21,2,axial,6526
pretrain,test,c1ccc2c3c(ccc2c1)OCCOCCNCCOCCOc1ccc2ccccc2c1-3,2,axial,1089
pretrain,train,BrCCCCCCC(CCCCCCBr)(C1=N[C@@H]2c3ccccc3C[C@@H]2O1)C1=N[C@@H]2c3ccccc3C[C@@H]2O1,2,axial,6864
pretrain,train,Br[C@@H]1CCCC[C@H]1Br,1,central,331
pretrain,train,Brc1cc(Br)c2c(ccc3cc(OCc4ccccc4)cc(OCc4ccccc4)c32)c1OCc1ccccc1,3,helical,5529
pretrain,train,Brc1ccc(C2=N[C@@H](Cc3ccccc3)CO2)nc1,1,central,6414
pretrain,train,Brc1ccc(C2=N[C@@H](c3ccccc3)CO2)nc1,1,central,6412
pretrain,train,Brc1ccc(C2=N[C@@H]3c4ccccc4C[C@@H]3O2)nc1,2,axial,6415
pretrain,train,Brc1ccc(C2=N[C@H](Cc3ccccc3)CO2)nc1,1,central,6413
pretrain,train,Brc1ccc(C2=N[C@H](c3ccccc3)CO2)nc1,1,central,6411
pretrain,train,Brc1ccc(C2=N[C@H](c3ccccc3)[C@H](c3ccccc3)O2)nc1,1,central,6417
pretrain,train,Brc1ccc(C2=N[C@H]3c4ccccc4C[C@H]3O2)nc1,2,axial,6416
pretrain,train,Brc1ccc(O[C@@H]2CC[C@H]2Oc2ccc(Br)cc2)cc1,1,central,77
pretrain,train,Brc1ccc2ccccc2c1-c1c(Br)ccc2ccccc12,2,axial,1102
pretrain,train,C#CCC12c3ccccc3C(C[C@H]1OC(=O)Nc1cccc3ccccc13)c1ccccc12,1,central,5577
pretrain,train,C#CCC1=C(C)[C@@H](O)CC1=O,1,central,2310
pretrain,train,C#CCC1=C[C@@H](O)CC1=O,1,central,3211
pretrain,train,C#CCC1=C[C@@H](OC(C)=O)CC1=O,1,central,3210
pretrain,train,C#CCN(C)[C@@H]1CCc2c(ccc(Cl)c2O)C1,1,central,1513
pretrain,train,C#CCN(C)[C@@H]1CCc2cccc(O)c2C1,1,central,1512
pretrain,train,C#CCN(C)[C@H](C)Cc1ccccc1,1,central,2073
pretrain,train,C#CCN(C)[C@H]1CCc2c(O)cccc2C1,1,central,1514
pretrain,train,C#CCN(CCC)[C@@H]1CCc2c(O)cccc2C1,1,central,1519
pretrain,train,C#CCO[C@H]1c2occc2CCC12SCCCS2,1,central,1571
pretrain,train,C#CC[C@H](C)OC(=O)c1ccccc1,1,central,3895
pretrain,train,C#CC[N@+](C)([O-])Cc1ccccc1,1,central,1319
pretrain,train,C#C[C@@H](C)OC(=O)Nc1cc([N+](=O)[O-])cc([N+](=O)[O-])c1,1,central,5062
pretrain,train,C#C[C@@H](C)OC(=O)Nc1cccc2ccccc12,1,central,5338
pretrain,train,C#C[C@@H](CC)OC(=O)Nc1cccc2ccccc12,1,central,5337
pretrain,train,C#C[C@@H](CCC)OC(=O)Nc1cc(C)c(C)c2ccccc12,1,central,5309
pretrain,train,C#C[C@@H](CCCC)OC(=O)Nc1cccc2ccccc12,1,central,5336
pretrain,train,C#C[C@@H](CCCCCCCC)OC(=O)Nc1cccc2ccccc12,1,central,5335
pretrain,train,C#C[C@H](C)OC(=O)c1ccccc1,1,central,3894
pretrain,train,C#C[C@H](CC)OC(=O)c1cc([N+](=O)[O-])cc([N+](=O)[O-])c1,1,central,5347
pretrain,train,C#C[C@H](CCC)OC(=O)Nc1cccc2ccccc12,1,central,5277
pretrain,train,C#C[C@H](CCC)OC(=O)Nc1ccccc1,1,central,5313
pretrain,train,C#C[C@H](CCC)OC(=O)c1cc([N+](=O)[O-])cc([N+](=O)[O-])c1,1,central,5346
pretrain,train,C#C[C@H](O)c1ccccc1,1,central,5173
pretrain,train,C#C[C@H]1CCCN1,1,central,5989
pretrain,train,C#C[C@](OC(=O)Nc1cc([N+](=O)[O-])cc([N+](=O)[O-])c1)(c1ccccc1)C(F)(F)F,1,central,4402
pretrain,train,C#C[C@]1(O)CCC2C3CCC4=CC(=O)CCC4C3CC[C@@]21CC,1,central,1762
pretrain,train,C#Cc1ccc(Oc2cccc([C@H](C)O)n2)cc1,1,central,5294
pretrain,train,C#Cc1ccc(Oc2cccc([C@H](C)OC(C)=O)n2)cc1,1,central,5466
pretrain,train,C(=C([C]1[CH][CH][CH][CH]1)c1ccccc1)=C([C]1[CH][CH][CH][CH]1)c1ccccc1.[CH]1[CH][CH][CH][CH]1.[CH]1[CH][CH][CH][CH]1.[Fe].[Fe],2,axial,-1
pretrain,train,C/C(=N/OC(=O)Nc1cc([N+](=O)[O-])cc([N+](=O)[O-])c1)[C@@H](C)c1ccccc1,1,central,4413
pretrain,train,C/C(=N/[C@@H](CO)C(C)C)c1ccc(O)cc1O,1,central,1668
pretrain,train,C/C(=N/[C@@H](CO)C(C)C)c1ccccc1O,1,central,1664
pretrain,train,C/C(=N\C[C@H](O)c1ccccc1)c1ccc(O)cc1O,1,central,1661
pretrain,train,C/C(=N\C[C@H](O)c1ccccc1)c1ccccc1O,1,central,1657
pretrain,train,C/C(=N\OC(=O)Nc1cc([N+](=O)[O-])cc([N+](=O)[O-])c1)[C@H](C)c1ccccc1,1,central,4424
pretrain,train,C/C([O-])=C(\C(=O)c1ccccc1)C1=[N+](Cc2ccccc2)CCCN1C(C)C,2,axial,1134
pretrain,train,C/C([S-])=C(\C(=O)c1ccccc1)C1=[N+](Cc2ccccc2)CCCN1C(C)C,2,axial,1137
pretrain,train,C/C([S-])=C(\C(=S)c1ccccc1)C1=[N+](Cc2ccccc2)CCCN1C(C)C,2,axial,1136
pretrain,train,C/C=C(\OC(=O)CC)[C@H](C)OCc1ccccc1,1,central,2877
pretrain,train,C/C=C/[C@@H](C)OC(=O)Nc1cccc2ccccc12,1,central,5339
pretrain,train,C/C=C/[C@@H](CC)OC(=O)Nc1cc([N+](=O)[O-])cc([N+](=O)[O-])c1,1,central,3392
pretrain,train,C/C=C/[C@H](O)CN(C)C(=O)Nc1cccc2ccccc12,1,central,2197
pretrain,train,C/C=C/[C@H](O)c1ccccc1,1,central,2620
pretrain,train,C/C=C1/CCCC[C@@H]1OC(=O)Nc1cc([N+](=O)[O-])cc([N+](=O)[O-])c1,1,central,3147
pretrain,train,C/C=C1\C2C=C(C)CC1(N)c1ccc(=O)[nH]c1C2,1,central,3076
pretrain,train,C/C=C\C(CCC)OC(=O)Nc1cc([N+](=O)[O-])cc([N+](=O)[O-])c1,1,central,3347
pretrain,train,C/C=C\[C@@H](OC(=O)Nc1cc([N+](=O)[O-])cc([N+](=O)[O-])c1)c1ccccc1,1,central,3346
pretrain,train,C/C=C\[C@H](O)c1ccccc1,1,central,2621
pretrain,train,C/C=C\[C@H](OC(=O)Nc1cc([N+](=O)[O-])cc([N+](=O)[O-])c1)C1CCCCC1,1,central,3348
pretrain,train,C/C=C\[C@H](OC(=O)Nc1cc([N+](=O)[O-])cc([N+](=O)[O-])c1)c1ccccc1F,1,central,3345
pretrain,train,C/S(=N\C(=O)c1ccccc1)c1ccccc1,1,central,5251
pretrain,train,C1=C(c2ccccc2)[C@@H]2C=C(c3ccccc3)[C@H]1CC2,1,central,6341
pretrain,train,C1=C(c2ccccc2)[C@H]2C=C(c3ccccc3)[C@@H]1CC2,1,central,6352
pretrain,train,C1=CC=C2CC(=C1)C=CC=C2C1=CC=CC2=CC=CC=C1C2,4,planar,5583
pretrain,train,C1=C[C@H]2C[C@@H]1[C@@H](P(c1ccccc1)c1ccccc1)[C@@H]2P(c1ccccc1)c1ccccc1,1,central,7011
pretrain,train,C1=C[C@H]2C[C@@H]1[C@H](P(c1ccccc1)c1ccccc1)[C@H]2P(c1ccccc1)c1ccccc1,1,central,7010
pretrain,train,C1=C\Cc2ccccc2-c2ccccc2C/1,2,axial,1071
pretrain,train,C1=C\c2ccccc2-c2ccccc2CC/1,2,axial,1073
pretrain,train,C1=C\c2ccccc2-c2ccccc2\C=C/1,2,axial,1072
pretrain,train,C1=Cc2cccc3c2-c2c(cccc2C1)C=CC3,2,axial,996
pretrain,train,C1=Cc2ccccc2N(P2Oc3cccc4c3C3(CC4)CCc4cccc(c43)O2)c2ccccc21,2,axial,5835
pretrain,train,C1=Cc2ccccc2N(p2oc3ccc4c(c3c3c5c(ccc3o2)CCCC5)CCCC4)c2ccccc21,2,axial,5827
pretrain,train,C1=Cc2ccccc2N(p2oc3ccc4ccccc4c3c3c(ccc4ccccc43)o2)c2ccccc21,2,axial,5818
pretrain,train,C1CCC([C@H]2COC(C3=N[C@@H](C4CCCCC4)CO3)=N2)CC1,1,central,6673
pretrain,train,C1CCN2C[C@@H]3C[C@@H](CN4CCCC[C@@H]34)[C@@H]2C1,2,axial,6263
pretrain,train,C1CCN2C[C@@H]3C[C@@H](CN4CCCC[C@@H]34)[C@H]2C1,2,axial,6290
pretrain,train,C1CN[C@@H](CN2CCCC2)C1,1,central,5942
pretrain,train,C1CN[C@@H](c2nn[nH]n2)C1,1,central,-1
pretrain,train,C1CN[C@H]([C@@H]2CCCN2)C1,1,central,6288
pretrain,train,C1CN[C@H]([C@H]2CCCN2)C1,1,central,6262
pretrain,train,C1CN[C@H](c2nn[nH]n2)C1,1,central,-1
pretrain,train,C=C(C(C)=O)[C@H](O)C1CCCCC1,1,central,2616
pretrain,train,C=C(C)C(=O)N[C@H](C)c1cccc2ccccc12,1,central,5015
pretrain,train,C=C(C)C(=O)OC(c1ccccc1)(c1ccccn1)c1ccccc1C,1,central,3033
pretrain,train,C=C(C)C(=O)O[C@@H](C)Cc1ccccc1,1,central,5261
pretrain,train,C=C(C)C(=O)O[C@@H](C)c1ccc2ccccc2c1,1,central,3038
pretrain,train,C=C(C)C(=O)O[C@@H](C)c1ccccc1,1,central,5262
pretrain,train,C=C(C)C(=O)O[C@@H](c1ccccc1)C(c1ccccc1)(c1ccccc1)c1ccccc1,1,central,3037
pretrain,train,C=C(C)C(=O)O[C@H](c1ccccc1)C(C)(C)C,1,central,5260
pretrain,train,C=C(C)[C@@H](C)OC(=O)Nc1cc([N+](=O)[O-])cc([N+](=O)[O-])c1,1,central,3115
pretrain,train,C=C(C)[C@@H](CC)OC(=O)Nc1cc([N+](=O)[O-])cc([N+](=O)[O-])c1,1,central,3114
pretrain,train,C=C(C)[C@@H]1CCC(=O)[C@H](C)C1,1,central,675
pretrain,train,C=C(C)[C@@H]1Cc2c(ccc3c2O[C@@H]2COc4cc(OC)c(OC)cc4[C@@H]2/C3=N/O)O1,1,central,949
pretrain,train,C=C(C)[C@@H]1Cc2c(ccc3c2O[C@@H]2COc4cc(OC)c(OC)cc4[C@@H]2C3=O)O1,1,central,917
pretrain,train,C=C(C)[C@@H]1Cc2c(ccc3c2O[C@@H]2COc4cc(OC)c(OC)cc4[C@]2(O)C3=O)O1,1,central,915
pretrain,train,C=C(C)[C@@]1(C2=NCCN2)COc2ccccc2O1,1,central,3222
pretrain,train,C=C(C)[C@H](OC(=O)Nc1cc([N+](=O)[O-])cc([N+](=O)[O-])c1)[C@@H](C)CO[Si](Cc1ccccc1)(Cc1ccccc1)Cc1ccccc1,1,central,364
pretrain,train,C=C(C)[C@H](OC(=O)Nc1cc([N+](=O)[O-])cc([N+](=O)[O-])c1)[C@H](C)CO[Si](Cc1ccccc1)(Cc1ccccc1)Cc1ccccc1,1,central,363
pretrain,train,C=C(C)[C@H]1Cc2c(ccc3c(=O)c4c(oc23)COc2cc(OC)c(OC)cc2-4)O1,1,central,5117
pretrain,train,C=C(C)[C@H]1Cc2c(ccc3c2O[C@@H]2COc4cc(OC)c(OC)cc4[C@@H]2/C3=N/O)O1,1,central,950
pretrain,train,C=C(C)[C@H]1Cc2c(ccc3c2O[C@@H]2COc4cc(OC)c(OC)cc4[C@@H]2C3=O)O1,1,central,918
pretrain,train,C=C(C)[C@H]1Cc2c(ccc3c2O[C@@H]2COc4cc(OC)c(OC)cc4[C@]2(O)C3=O)O1,1,central,916
pretrain,train,C=C(C)[C@H]1Cc2c(ccc3c2O[C@@H]2COc4cc(OC)c(OC)cc4[C@]2(OC)C3=O)O1,1,central,952
pretrain,train,C=C(C)[C@H]1Cc2c(ccc3c2O[C@H]2COc4cc(OC)c(OC)cc4[C@@]2(OC)C3=O)O1,1,central,951
pretrain,train,C=C(C)c1ccc(C(C)(C)NC(=O)O[C@H]2CCn3ccnc32)cc1,1,central,6152
pretrain,train,C=C(OCOC)[C@H](OC(=O)Nc1cc([N+](=O)[O-])cc([N+](=O)[O-])c1)[C@H](CO[Si](Cc1ccccc1)(Cc1ccccc1)Cc1ccccc1)OCOC,1,central,362
pretrain,train,C=C/C=C\[C@H]1C=CC[C@H]1C=C,1,central,199
pretrain,train,C=C1CCCC[C@@H]1c1ccccc1,1,central,5451
pretrain,train,C=C1C[C@@H](c2cc(OC)c(OC)c(OC)c2)N(C)C1=O,1,central,2690
pretrain,train,C=C1C[C@@H](c2ccccc2)N(c2ccc(OCC)cc2)C1=O,1,central,2893
pretrain,train,C=C1C[C@@H](c2ccccc2)OC1=O,1,central,2700
pretrain,train,C=C1C[C@@](CC(=C)C(=O)OCC)(c2cc(OC)c(OC)c(OC)c2)NC1=O,1,central,2510
pretrain,train,C=C1C[C@@](c2ccc3c(c2)OCO3)(c2cc(OC)c(OC)c(OC)c2)OC1=O,1,central,2698
pretrain,train,C=C1C[C@H](c2cc(OC)c(OC)c(OC)c2)N(C(C)C)C1=O,1,central,2689
pretrain,train,C=C1C[C@H](c2cc(OC)c(OC)c(OC)c2)N(c2ccc(OC)cc2)C1=O,1,central,2691
pretrain,train,C=C1C[C@H](c2cc(OC)c(OC)c(OC)c2)OC1=O,1,central,2699
pretrain,train,C=C1C[C@H](c2ccc(OC)cc2)N(C(C)C)C1=O,1,central,2688
pretrain,train,C=C1C[C@H](c2ccc(OC)cc2OC)N(C(C)C)C1=O,1,central,2687
pretrain,train,C=C1C[C@H](c2ccc3c(c2)OCO3)N(C)C1=O,1,central,2693
pretrain,train,C=C1C[C@H](c2ccc3c(c2)OCO3)N(c2ccc(OC)cc2)C1=O,1,central,2692
pretrain,train,C=C1C[C@H](c2ccc3c(c2)OCO3)OC1=O,1,central,2701
pretrain,train,C=C1C[C@H](c2ccccc2)N(c2ccc(F)cc2)C1=O,1,central,2696
pretrain,train,C=C1C[C@H](c2ccccc2)N(c2ccc(OC)cc2)C1=O,1,central,5223
pretrain,train,C=C1C[C@H](c2ccccc2)N(c2ccc(OC)cc2OC)C1=O,1,central,2694
pretrain,train,C=C1C[C@H](c2ccccc2)N(c2ccccc2)C1=O,1,central,2697
pretrain,train,C=C1C[C@H](c2ccccc2)N(c2ccccc2OCC)C1=O,1,central,2695
pretrain,train,C=C1C[C@H](c2ccccc2)NC1=O,1,central,5222
pretrain,train,C=C1C[C@](CC(=C)C(=O)OCC)(c2ccccc2)NC1=O,1,central,5221
pretrain,train,C=CC(=C)C[C@H](C=C(C)C)OC(=O)c1ccccc1,1,central,1871
pretrain,train,C=CC(=C)C[C@H](O)C=C(C)C,1,central,1872
pretrain,train,C=CC(=O)N(c1ccccc1)[C@@H](C)c1ccccc1,1,central,3044
pretrain,train,C=CC(=O)N[C@@H](Cc1ccccc1)C(=O)OCC,1,central,1761
pretrain,train,C=CC(=O)O[C@@H](c1ccccc1)C(c1ccccc1)(c1ccccc1)c1ccccc1,1,central,3036
pretrain,train,C=CC.O=S(c1c2ccccc2cc2ccccc12)C1CCCCC1O,1,central,-1
pretrain,train,C=CC1([C@H](C)CCC)C(=O)NC(=O)NC1=O,1,central,3727
pretrain,train,C=CC1CN2CCC1CC2[C@@H](N)c1ccnc2ccc(OC)cc12.Cl.Cl.Cl,1,central,-1
pretrain,train,C=CC1CN2CCC1CC2[C@H](NC(=O)Nc1cc(C(F)(F)F)cc(C(F)(F)F)c1)c1ccnc2ccccc12,1,central,-1
pretrain,train,C=CC1CN2CCC1CC2[C@H](NC(=S)Nc1cc(C(F)(F)F)cc(C(F)(F)F)c1)c1ccnc2ccccc12,1,central,-1
pretrain,train,C=CC1CN2CCC1CC2[C@H](c1ccc([C@H](c2ccnc3ccc(OC)cc23)C2CC3CCN2CC3C=C)c2c1C(=O)c1ccccc1C2=O)c1ccnc2ccc(OC)cc12,1,central,-1
pretrain,train,C=CC1CN2CCC1C[C@H]2[C@H](O)c1ccnc2ccc(OC)cc12,1,central,5556
pretrain,train,C=CCC(C)(C)[C@@H](NC(=O)c1cc([N+](=O)[O-])cc([N+](=O)[O-])c1)P(=O)(OC)OC,1,central,2495
pretrain,train,C=CCC1(C[C@H](C)O)C(=O)NC(=S)NC1=O,1,central,3119
pretrain,train,C=CCC1([C@H](C)CCC)C(=O)NC(=O)NC1=O,1,central,3121
pretrain,train,C=CCC1=C(C)C(OC(=O)C2C(C=C(C)C)C2(C)C)CC1=O,1,central,884
pretrain,train,C=CCC1=C(C)[C@@H](O)CC1=O,1,central,2311
pretrain,train,C=CCC1=C(C)[C@@H](OC(=O)[C@@H]2[C@@H](C=C(C)C)C2(C)C)CC1=O,1,central,873
pretrain,train,C=CCC1=C(C)[C@@H](OC(=O)[C@H]2[C@@H](C=C(C)C)C2(C)C)CC1=O,1,central,874
pretrain,train,C=CCC1=C(C)[C@H](OC(=O)C2C(C)(C)C2(C)C)CC1=O,1,central,2308
pretrain,train,C=CCC1=C(C)[C@H](OC(=O)Nc2cc([N+](=O)[O-])cc([N+](=O)[O-])c2)CC1=O,1,central,1601
pretrain,train,C=CCC1=C(C)[C@H](OC(=O)[C@@H]2[C@@H](C=C(C)C)C2(C)C)CC1=O,1,central,872
pretrain,train,C=CCC1=C(C)[C@H](OC(=O)[C@H]2[C@@H](C=C(C)C)C2(C)C)CC1=O,1,central,875
pretrain,train,C=CCCC(=O)N[C@@H](c1cccc2cc(C)c(C)cc12)C(C)C,1,central,3523
pretrain,train,C=CCCCCCCCCC(=O)N[C@@H](c1cccc2cc(C)c(C)cc12)C(C)C,1,central,3815
pretrain,train,C=CCCCCCCCCCC(=O)N[C@H](C)c1cccc2cc3ccccc3cc12,1,central,4982
pretrain,train,C=CCCCCCCCCCOC(=O)[C@@H](C)c1ccc2cc(OC)ccc2c1,1,central,1563
pretrain,train,C=CCCCCCCCCCOC(=O)[C@@H](Nc1ccc2ccccc2c1)C(C)C,1,central,3739
pretrain,train,C=CCCCCCCCCCOC(=O)[C@@H]([C@@H](NC(=O)c1cc([N+](=O)[O-])cc([N+](=O)[O-])c1)c1ccccc1)C(C)(C)C,1,central,695
pretrain,train,C=CCCCCCCCCCOC(=O)[C@H](C)Nc1ccc2ccccc2c1,1,central,3636
pretrain,train,C=CCCCCCCCCCOC(=O)[C@H](CC(C)C)Nc1cccc2ccccc12,1,central,1373
pretrain,train,C=CCCCCCCCCC[C@@H](NC(=O)C(C)(C)C)c1cccc2cc(C)c(C)cc12,1,central,3524
pretrain,train,C=CCCCCCCCCC[C@@H](NC(C)=O)c1cccc2cc(C)c(C)cc12,1,central,3525
pretrain,train,C=CCCCCCCCCC[C@@H]1CCc2ccc3ccccc3c2[C@@H]1NC(=O)c1cc([N+](=O)[O-])cc([N+](=O)[O-])c1,1,central,21
pretrain,train,C=CCCCCCCCCC[C@@]1(c2ccc(C)c3ccc(C)cc23)OC(=O)c2ccccc21,1,central,4559
pretrain,train,C=CCCCCCCCCC[C@H](NC(=O)OC)c1cccc2cc(C)c(C)cc12,1,central,3816
pretrain,train,C=CCCCCCCCCC[P@](=O)(c1ccccc1)c1cccc2ccccc12,1,central,5188
pretrain,train,C=CCCC[C@@H](NC(C)=O)c1cccc2cc(C)c(C)cc12,1,central,3526
pretrain,train,C=CCCC[C@@H](OCc1ccccc1)/C(=C/C)OC(=O)CC,1,central,2773
pretrain,train,C=CCCC[C@@H](OCc1ccccc1)C(=O)CC,1,central,2774
pretrain,train,C=CCCC[C@]1(c2cccc3ccccc23)NC(=O)NC1=O,1,central,3795
pretrain,train,C=CCCC[P@](=O)(c1ccccc1)c1cccc2ccccc12,1,central,5185
pretrain,train,C=CCC[C@@H]1CCCC(=O)O1,1,central,5366
pretrain,train,C=CCC[C@@]1(c2cccc3ccccc23)NC(=O)NC1=O,1,central,4172
pretrain,train,C=CCC[C@]1(c2ccc3ccccc3c2)NC(=O)NC1=O,1,central,4171
pretrain,train,C=CCC[P@](=O)(c1ccccc1)c1c(OC)ccc2ccccc12,1,central,5183
pretrain,train,C=CCC[P@](=O)(c1ccccc1)c1ccc(OC)c2ccccc12,1,central,1863
pretrain,train,C=CCN1C(=O)[C@H](C)[C@H]1C/C=C/c1ccccc1,1,central,216
pretrain,train,C=CCN1C(=O)[C@H](C)[C@H]1CCCc1ccccc1,1,central,213
pretrain,train,C=CCN1C(=O)[C@H](C)[C@H]1c1ccc2ccccc2c1,1,central,215
pretrain,train,C=CCN1C(=O)[C@H](C)[C@H]1c1cccc2ccccc12,1,central,217
pretrain,train,C=CCOCC[S@](=O)c1ccccc1,1,central,4276
pretrain,train,C=CCOc1cc2c(cc1OC)Cc1cc(OCC=C)c(OC)cc1Cc1cc(OCC=C)c(OC)cc1C2,3,helical,5538
pretrain,train,C=CCOc1ccc(C[C@@H](NC(=O)c2cc([N+](=O)[O-])cc([N+](=O)[O-])c2)C(=O)NC(C)(C)C)cc1,1,central,2515
pretrain,train,C=CCOc1ccc(C[C@@H](NC(=O)c2cc([N+](=O)[O-])cc([N+](=O)[O-])c2)C(=O)NC)cc1,1,central,2514
pretrain,train,C=CCOc1ccc(C[C@@H](NC(=O)c2cc([N+](=O)[O-])cc([N+](=O)[O-])c2)C(=O)NCCCC)cc1,1,central,2916
pretrain,train,C=CCOc1ccc(C[C@@H](NC(=O)c2cc([N+](=O)[O-])cc([N+](=O)[O-])c2)C(=O)OC)cc1,1,central,2884
pretrain,train,C=CCOc1ccc(OC[C@@H](O)CNC(C)C)cc1,1,central,1197
pretrain,train,C=CCOc1ccc([C@@H]2NC(=O)c3cccc4cccc2c34)cc1,1,central,2892
pretrain,train,C=CCOc1ccc([C@H](NC(=O)c2cc([N+](=O)[O-])cc([N+](=O)[O-])c2)P(=O)(OC)OC)cc1,1,central,5202
pretrain,train,C=CCOc1ccc([C@H]2NC(=O)c3ccccc32)cc1,1,central,2890
pretrain,train,C=CCOc1ccc([P@@](C)(=O)c2ccc(N(C)C)c3ccccc23)cc1,1,central,1862
pretrain,train,C=CCOc1ccc([P@@](C)(=O)c2ccccc2)c2ccccc12,1,central,1865
pretrain,train,C=CCOc1ccc2ccc(O)c(-c3c(O)ccc4ccc(OCC=C)cc34)c2c1,2,axial,1109
pretrain,train,C=CCOc1ccc2ccccc2c1-c1c(O)ccc2ccccc12,2,axial,1112
pretrain,train,C=CCOc1ccccc1OC[C@@H](CN(C(=O)Nc1cc([N+](=O)[O-])cc([N+](=O)[O-])c1)C(C)C)OC(=O)Nc1cc([N+](=O)[O-])cc([N+](=O)[O-])c1,1,central,4403
pretrain,train,C=CCOc1ccccc1OC[C@@H](O)CCl,1,central,1177
pretrain,train,C=CCOc1ccccc1OC[C@@H](O)CN(C(=O)Nc1ccccc1)C(C)C,1,central,2680
pretrain,train,C=CCOc1ccccc1OC[C@@H](O)CNC(C)C,1,central,1165
pretrain,train,C=CCOc1ccccc1OC[C@@H]1CN(C(C)C)C(=O)O1,1,central,1220
pretrain,train,C=CCOc1ccccc1OC[C@H](CCl)OC(C)=O,1,central,1168
pretrain,train,C=CCOc1ccccc1OC[C@H](CN(C(=O)NC(C)(C)C)C(C)C)OC(=O)NC(C)(C)C,1,central,3018
pretrain,train,C=CCOc1ccccc1OC[C@H](CN(C(=O)c1cc([N+](=O)[O-])cc([N+](=O)[O-])c1)C(C)C)OC(=O)c1cc([N+](=O)[O-])cc([N+](=O)[O-])c1,1,central,2037
pretrain,train,C=CCOc1ccccc1OC[C@H](O)CN(C(=O)CCCCCCCCCCC)C(C)C,1,central,4140
pretrain,train,C=CCOc1ccccc1OC[C@H](O)CN(C(=O)Nc1cccc2ccccc12)C(C)C,1,central,5196
pretrain,train,C=CCSC[C@H]1Nc2cc(Cl)c(S(N)(=O)=O)cc2S(=O)(=O)N1,1,central,3089
pretrain,train,C=CCS[S@](=O)CC=C,1,central,1797
pretrain,train,C=CC[C@@H](/C(=N\OC(=O)Nc1cc([N+](=O)[O-])cc([N+](=O)[O-])c1)c1ccccc1)c1ccccc1,1,central,4414
pretrain,train,C=CC[C@@H](/C(C)=N\OC(=O)Nc1cc([N+](=O)[O-])cc([N+](=O)[O-])c1)c1ccccc1,1,central,4409
pretrain,train,C=CC[C@@H](COC(C)=O)COC(=O)c1ccccc1,1,central,2578
pretrain,train,C=CC[C@@H](Cc1ccccc1)OC(=O)Nc1cc([N+](=O)[O-])cc([N+](=O)[O-])c1,1,central,4337
pretrain,train,C=CC[C@@H](NC(=O)OCc1ccccc1)C(=O)OCc1ccccc1,1,central,4815
pretrain,train,C=CC[C@@H](O)c1c2ccccc2cc2ccccc12,1,central,4551
pretrain,train,C=CC[C@@H](OC(=O)Nc1cc([N+](=O)[O-])cc([N+](=O)[O-])c1)C(C)(C)C,1,central,4335
pretrain,train,C=CC[C@@H](OC(=O)Nc1cc([N+](=O)[O-])cc([N+](=O)[O-])c1)C1CCCCC1,1,central,4336
pretrain,train,C=CC[C@@]1(C)C(=O)N(C)c2ccc(OC)cc21,1,central,2391
pretrain,train,C=CC[C@H](/C(=N/OC(=O)Nc1cc([N+](=O)[O-])cc([N+](=O)[O-])c1)c1ccccc1)c1ccccc1,1,central,4425
pretrain,train,C=CC[C@H](/C(C)=N/OC(=O)Nc1cc([N+](=O)[O-])cc([N+](=O)[O-])c1)c1ccccc1,1,central,4420
pretrain,train,C=CC[C@H](C)OC(=O)c1ccccc1,1,central,2098
pretrain,train,C=CC[C@H](CC(=O)OC)NC(=O)c1cc([N+](=O)[O-])cc([N+](=O)[O-])c1,1,central,4843
pretrain,train,C=CC[C@H](O)c1cc2ccccc2c2ccccc12,1,central,4553
pretrain,train,C=CC[C@H](O)c1ccc2c(c1)OCCO2,1,central,4552
pretrain,train,C=CC[C@H](O)c1ccccc1,1,central,3885
pretrain,train,C=CC[C@H](OC(=O)Nc1cc([N+](=O)[O-])cc([N+](=O)[O-])c1)c1ccccc1,1,central,4334
pretrain,train,C=CC[C@](OC)(C(=O)c1c(OCC)c(OCC)cc2ccccc12)c1ccccc1,1,central,2466
pretrain,train,C=CC[C@]1(C(C)C#CCC)C(=O)NC(=O)N(C)C1=O,1,central,635
pretrain,train,C=CC[C@]1(CO)CCCCCCN1C(=O)c1ccccc1,1,central,2406
pretrain,train,C=CC[P@](=O)(c1ccccc1)c1cccc2ccccc12,1,central,1864
pretrain,train,C=CC[S@@](=O)Sc1ccccc1,1,central,1796
pretrain,train,C=CC[S@](=O)c1ccccc1,1,central,4937
pretrain,train,C=CCc1ccccc1OC[C@@H](O)CCl,1,central,1180
pretrain,train,C=CCc1ccccc1OC[C@@H](O)CN,1,central,1160
pretrain,train,C=CCc1ccccc1OC[C@@H](O)CN(C(=O)CCCCCCCCCCC)C(C)C,1,central,4139
pretrain,train,C=CCc1ccccc1OC[C@@H](O)CN1CCCCC1,1,central,1158
pretrain,train,C=CCc1ccccc1OC[C@@H](O)CNC(C)C,1,central,1684
pretrain,train,C=CCc1ccccc1OC[C@@H](O)CNCCOc1ccc(C(N)=O)cc1,1,central,1159
pretrain,train,C=CCc1ccccc1OC[C@H](CCl)OC(C)=O,1,central,1171
pretrain,train,C=CCc1ccccc1OC[C@H](CN(C(=O)NC(C)(C)C)C(C)C)OC(=O)NC(C)(C)C,1,central,3019
pretrain,train,C=CCc1ccccc1OC[C@H](CN(C(=O)c1cc([N+](=O)[O-])cc([N+](=O)[O-])c1)C(C)C)OC(=O)c1cc([N+](=O)[O-])cc([N+](=O)[O-])c1,1,central,2039
pretrain,train,C=CCc1ccccc1OC[C@H](O)CN(C(=O)Nc1cccc2ccccc12)C(C)C,1,central,5195
pretrain,train,C=CCc1ccccc1OC[C@H]1CN(C(C)C)C(=O)O1,1,central,1221
pretrain,train,C=C[C@@H](C)OC(=O)Nc1cc([N+](=O)[O-])cc([N+](=O)[O-])c1,1,central,5063
pretrain,train,C=C[C@@H](C)OC(=O)Nc1ccccc1,1,central,4952
pretrain,train,C=C[C@@H](C)OC(=O)c1ccccc1,1,central,4042
pretrain,train,C=C[C@@H](C)[C@@H](Cc1ccccc1)OC(=O)Nc1cc([N+](=O)[O-])cc([N+](=O)[O-])c1,1,central,587
pretrain,train,C=C[C@@H](C)[C@@H](OC(=O)Nc1cc([N+](=O)[O-])cc([N+](=O)[O-])c1)C1CCCCC1,1,central,586
pretrain,train,C=C[C@@H](CC(=O)OC)NC(=O)c1cc([N+](=O)[O-])cc([N+](=O)[O-])c1,1,central,4844
pretrain,train,C=C[C@@H](CC)OC(=O)Nc1cc([N+](=O)[O-])cc([N+](=O)[O-])c1,1,central,3116
pretrain,train,C=C[C@@H](N)C(=O)O,1,central,4198
pretrain,train,C=C[C@@H](Nc1ccc(OC)cc1)c1cccc2ccccc12,1,central,2422
pretrain,train,C=C[C@@H](SC(=O)SCc1ccccc1)c1ccccc1,1,central,2398
pretrain,train,C=C[C@@H]1CC=C[C@@H]1/C=C\CC,1,central,152
pretrain,train,C=C[C@@H]1CN2CC[C@H]1C[C@H]2[C@@H](Nc1c(N[C@@H](c2ccnc3ccccc23)[C@@H]2C[C@@H]3CCN2C[C@H]3C=C)c(=O)c1=O)c1ccnc2ccccc12,1,central,6072
pretrain,train,C=C[C@@H]1CN2CC[C@H]1C[C@H]2[C@H](Nc1c(NCc2cc(C(F)(F)F)cc(C(F)(F)F)c2)c(=O)c1=O)c1ccnc2ccc(OC)cc12,1,central,6090
pretrain,train,C=C[C@@H]1CN2CC[C@H]1C[C@H]2[C@H](Nc1c(N[C@H](c2ccnc3ccc(OC)cc23)[C@@H]2C[C@@H]3CCN2C[C@H]3C=C)c(=O)c1=O)c1ccnc2ccc(OC)cc12,1,central,6073
pretrain,train,C=C[C@@](C)(CCC=C(C)C)SC(=O)SC,1,central,2395
pretrain,train,C=C[C@@](C)(O)C[S@@](=O)c1ccccc1,1,central,173
pretrain,train,C=C[C@H](C)N(Cc1ccccc1)C(=O)Nc1cc([N+](=O)[O-])cc([N+](=O)[O-])c1,1,central,3472
pretrain,train,C=C[C@H](C)OC(=O)c1cc(Cl)cc(Cl)c1,1,central,4380
pretrain,train,C=C[C@H](C)SC(=O)SC,1,central,2396
pretrain,train,C=C[C@H](C)SC(=O)SCc1ccccc1,1,central,2397
pretrain,train,C=C[C@H](C)[C@@H](Cc1ccccc1)OC(=O)Nc1cc([N+](=O)[O-])cc([N+](=O)[O-])c1,1,central,588
pretrain,train,C=C[C@H](C)[C@H](OC(=O)Nc1cc([N+](=O)[O-])cc([N+](=O)[O-])c1)C(C)(C)C,1,central,585
pretrain,train,C=C[C@H](C)[C@H](OC(=O)Nc1cc([N+](=O)[O-])cc([N+](=O)[O-])c1)c1ccccc1,1,central,584
pretrain,train,C=C[C@H](Nc1ccc(OC)cc1)c1ccccc1,1,central,3235
pretrain,train,C=C[C@H](O)c1ccccc1,1,central,3884
pretrain,train,C=C[C@H](SC(=O)SC)c1ccccc1,1,central,2400
pretrain,train,C=C[C@H](SC(=O)SCC)c1ccccc1,1,central,2399
pretrain,train,C=C[C@H]1CC=CC[C@@H]1/C=C/C,1,central,198
pretrain,train,C=C[C@H]1CN2CC[C@H]1C[C@@H]2[C@@H](O)c1ccnc2ccc(OC)cc12,1,central,6003
pretrain,train,C=C[C@H]1CN2CC[C@H]1C[C@@H]2[C@@H](O)c1ccnc2ccc(OC)cc12.C=C[C@H]1CN2CC[C@H]1C[C@@H]2[C@@H](O)c1ccnc2ccc(OC)cc12.O.O.O=S(=O)(O)O,1,central,-1
pretrain,train,C=C[C@H]1CN2CC[C@H]1C[C@@H]2[C@@H](O)c1ccnc2ccccc12,1,central,6019
pretrain,train,C=C[C@H]1CN2CC[C@H]1C[C@@H]2[C@H](NC(=O)c1ccccc1P(c1ccccc1)c1ccccc1)c1ccnc2ccc(OC)cc12,1,central,6985
pretrain,train,C=C[C@H]1CN2CC[C@H]1C[C@@H]2[C@H](NC(=S)Nc1cc(C(F)(F)F)cc(C(F)(F)F)c1)c1ccnc2ccc(OC)cc12,1,central,6082
pretrain,train,C=C[C@H]1CN2CC[C@H]1C[C@@H]2[C@H](Nc1c(Nc2cc(C(F)(F)F)cc(C(F)(F)F)c2)c(=O)c1=O)c1ccnc2ccc(OC)cc12,1,central,-1
pretrain,train,C=C[C@H]1CN2CC[C@H]1C[C@@H]2[C@H](Nc1c(Nc2cc(C(F)(F)F)cc(C(F)(F)F)c2)c(=O)c1=O)c1ccnc2ccccc12,1,central,-1
pretrain,train,C=C[C@H]1CN2CC[C@H]1C[C@H]2[C@@H](NC(=O)c1ccccc1P(c1ccccc1)c1ccccc1)c1ccnc2ccc(OC)cc12,1,central,-1
pretrain,train,C=C[C@H]1CN2CC[C@H]1C[C@H]2[C@@H](NC(=S)N[C@@H]1CCCC[C@H]1N)c1ccnc2ccc(OC)cc12,1,central,6069
pretrain,train,C=C[C@H]1CN2CC[C@H]1C[C@H]2[C@@H](NC(=S)Nc1cc(C(F)(F)F)cc(C(F)(F)F)c1)c1ccnc2ccc(OC)cc12,1,central,6089
pretrain,train,C=C[C@H]1CN2CC[C@H]1C[C@H]2[C@@H](Nc1c(Nc2cc(C(F)(F)F)cc(C(F)(F)F)c2)c(=O)c1=O)c1ccnc2ccc(OC)cc12,1,central,6049
pretrain,train,C=C[C@H]1CN2CC[C@H]1C[C@H]2[C@@H](Nc1c(Nc2cc(C(F)(F)F)cc(C(F)(F)F)c2)c(=O)c1=O)c1ccnc2ccccc12,1,central,6061
pretrain,train,C=C[C@H]1CN2CC[C@H]1C[C@H]2[C@@H](Nc1c(Nc2nc3ccccc3[nH]2)c(=O)c1=O)c1ccnc2ccc(OC)cc12,1,central,6075
pretrain,train,C=C[C@H]1CN2CC[C@H]1C[C@H]2[C@H](NC(=O)c1ccccc1P(c1ccccc1)c1ccccc1)c1ccnc2ccc(OC)cc12,1,central,6002
pretrain,train,C=C[C@H]1CN2CC[C@H]1C[C@H]2[C@H](O)c1ccnc2ccc(O)cc12,1,central,6017
pretrain,train,C=C[C@H]1CN2CC[C@H]1C[C@H]2[C@H](O)c1ccnc2ccc(OC)cc12,1,central,6000
pretrain,train,C=C[C@H]1CN2CC[C@H]1C[C@H]2[C@H](O)c1ccnc2ccc(OC)cc12.C=C[C@H]1CN2CC[C@H]1C[C@H]2[C@H](O)c1ccnc2ccc(OC)cc12.O.O.O.O.O=S(=O)(O)O,1,central,-1
pretrain,train,C=C[C@H]1CN2CC[C@H]1C[C@H]2[C@H](O)c1ccnc2ccccc12,1,central,6018
pretrain,train,C=C[C@H]1CN2CC[C@H]1C[C@H]2[C@H](OC(C)=O)c1ccnc2ccc(OC)cc12,1,central,6001
pretrain,train,C=C[C@H]1C[C@@H]1/C=C/C=C\CC,1,central,3075
pretrain,train,C=C[C@](C)(O)C[S@@](=O)c1ccccc1,1,central,174
pretrain,train,C=C[S@](=O)c1ccc(C)cc1,1,central,4314
pretrain,train,C=C[S@](=O)c1ccccc1,1,central,2371
pretrain,train,C=Cc1ccc(Oc2cccc([C@H](C)O)n2)cc1,1,central,5293
pretrain,train,C=Cc1ccc(Oc2cccc([C@H](C)OC(C)=O)n2)cc1,1,central,5465
pretrain,train,CC#C[C@@H](O)c1cccc(Oc2ccccc2)c1,1,central,5474
pretrain,train,CC#C[C@@H](OC(C)=O)c1ccccc1,1,central,3618
pretrain,train,CC#C[C@H](O)c1ccccc1,1,central,3597
pretrain,train,CC(/C=C/C=C(C)/C=C/[C@]12O[C@@]1(C)CCCC2(C)C)=C\C=O,1,central,14
pretrain,train,CC(=C/C(=O)O)/C=C/[C@@]1(O)[C@]2(C)CO[C@@]1(C)CC(=O)C2,1,central,909
pretrain,train,CC(=C/C(=O)O)/C=C/[C@@]1(O)[C@]2(C)CO[C@@]1(C)C[C@@H](O)C2,1,central,975
pretrain,train,CC(=C/C(=O)O)/C=C/[C@@]1(O)[C@]2(C)CO[C@@]1(C)C[C@H](O)C2,1,central,976
pretrain,train,CC(=C/C=O)/C=C/C=C(C)/C=C/[C@]12O[C@@]1(C)CCCC2(C)C,1,central,13
pretrain,train,CC(=C=CCCO)C(C)(C)C,2,axial,1013
pretrain,train,CC(=O)/C(C1=[N+](Cc2ccccc2)CCCN1C(C)C)=C(\C)[S-],2,axial,1138
pretrain,train,CC(=O)CC=C=C(c1ccccc1)C(C)(C)C,2,axial,1014
pretrain,train,CC(=O)C[C@@H](c1ccc(Cl)cc1)c1c(O)c2ccccc2oc1=O,1,central,3135
pretrain,train,CC(=O)C[C@@H](c1ccc(O)cc1)c1c(O)c2ccccc2oc1=O,1,central,3994
pretrain,train,CC(=O)C[C@@H](c1ccc([N+](=O)[O-])cc1)c1c(O)c2ccccc2oc1=O,1,central,4187
pretrain,train,CC(=O)C[C@@H](c1ccccc1)c1c(O)c2cc(O)ccc2oc1=O,1,central,3993
pretrain,train,CC(=O)C[C@@H](c1ccccc1)c1c(O)c2ccc(O)cc2oc1=O,1,central,3992
pretrain,train,CC(=O)C[C@@H](c1ccccc1)c1c(O)c2cccc(O)c2oc1=O,1,central,3991
pretrain,train,CC(=O)C[C@@H](c1ccccc1)c1c(O)c2ccccc2oc1=O,1,central,1229
pretrain,train,CC(=O)N(C)CC[C@@H](Oc1ccc(C(F)(F)F)cc1)c1ccccc1,1,central,4931
pretrain,train,CC(=O)N(C)CC[C@@H](Oc1cccc2ccccc12)c1cccs1,1,central,4935
pretrain,train,CC(=O)N(C)CC[C@@H](Oc1ccccc1C)c1ccccc1,1,central,4930
pretrain,train,CC(=O)N(C)[C@H](C#N)c1ccccc1,1,central,3026
pretrain,train,CC(=O)N(C)[C@H](C)Cc1ccccc1,1,central,3926
pretrain,train,CC(=O)N1C(=S)NC(=O)[C@H]1c1ccccc1,1,central,4169
pretrain,train,CC(=O)N1CCC[C@H]1C(=O)OC(C)(C)C,1,central,3497
pretrain,train,CC(=O)N1C[C@@H]2C[C@]2(c2ccc(C)cc2)C1,1,central,428
pretrain,train,CC(=O)N1c2ccccc2C[C@H]1C(=O)O,1,central,5157
pretrain,train,CC(=O)N[C@@H](C(=O)NC(C)(C)C)c1ccccc1,1,central,4748
pretrain,train,CC(=O)N[C@@H](C(=O)O)C(C)C,1,central,1987
pretrain,train,CC(=O)N[C@@H](C(=O)OC(C)(C)C)C(C)C,1,central,1612
pretrain,train,CC(=O)N[C@@H](C(=O)OC(C)(C)C)c1ccccc1,1,central,2500
pretrain,train,CC(=O)N[C@@H](C(=O)OC(C)C)C(C)C,1,central,1607
pretrain,train,CC(=O)N[C@@H](C(=O)OC(C)C)c1ccccc1,1,central,3475
pretrain,train,CC(=O)N[C@@H](C)C(=O)Nc1ccc2ccccc2c1,1,central,3434
pretrain,train,CC(=O)N[C@@H](C)C(=O)O,1,central,1495
pretrain,train,CC(=O)N[C@@H](C)C(=O)OC(C)(C)C,1,central,1613
pretrain,train,CC(=O)N[C@@H](C)C(=O)OC(C)C,1,central,1608
pretrain,train,CC(=O)N[C@@H](C)COc1c(C)cccc1C,1,central,3488
pretrain,train,CC(=O)N[C@@H](C)Cc1ccccc1,1,central,4057
pretrain,train,CC(=O)N[C@@H](C)c1ccc2c(c1)Cc1ccccc1-2,1,central,2355
pretrain,train,CC(=O)N[C@@H](C)c1cccc2ccccc12,1,central,1412
pretrain,train,CC(=O)N[C@@H](CC(C)C)C(=O)O,1,central,1727
pretrain,train,CC(=O)N[C@@H](Cc1c[nH]c2ccccc12)C(=O)O,1,central,1226
pretrain,train,CC(=O)N[C@@H](c1ccc2cc(C)c(C)cc2c1)C(C)C,1,central,3850
pretrain,train,CC(=O)N[C@@H](c1cccc2cc(C)c(C)cc12)C(C)C,1,central,3855
pretrain,train,CC(=O)N[C@@H](c1cccc2cc(C)c(C)cc12)C1CCCCC1,1,central,3853
pretrain,train,CC(=O)N[C@@H](c1cccc2ccccc12)C(C)C,1,central,3869
pretrain,train,CC(=O)N[C@@H]1CCc2ccccc2C1,1,central,5016
pretrain,train,CC(=O)N[C@@H]1Cc2cccc3cccc1c23,1,central,3848
pretrain,train,CC(=O)N[C@H](C#N)c1ccccc1,1,central,5017
pretrain,train,CC(=O)N[C@H](C)C(=O)OCc1ccccc1,1,central,4825
pretrain,train,CC(=O)N[C@H](C)C1CCCCC1,1,central,1960
pretrain,train,CC(=O)N[C@H](C)c1ccc([N+](=O)[O-])cc1,1,central,3925
pretrain,train,CC(=O)N[C@H](C)c1ccc2ccccc2c1,1,central,3861
pretrain,train,CC(=O)N[C@H](C)c1cccc2cc(C)c(C)cc12,1,central,3858
pretrain,train,CC(=O)N[C@H](C)c1ccccc1,1,central,1422
pretrain,train,CC(=O)N[C@H](CC(C)C)C(=O)Nc1ccc2ccccc2c1,1,central,3361
pretrain,train,CC(=O)N[C@H](CC(C)C)C(=O)OC(C)(C)C,1,central,1610
pretrain,train,CC(=O)N[C@H](CC(C)C)C(=O)OC(C)C,1,central,3589
pretrain,train,CC(=O)N[C@H](CCC(=O)OC(C)(C)C)C(=O)OC(C)(C)C,1,central,3498
pretrain,train,CC(=O)N[C@H](COC(C)(C)C)C(=O)OC(C)(C)C,1,central,3499
pretrain,train,CC(=O)N[C@H](CSCc1ccccc1)C(=O)OC(C)(C)C,1,central,2501
pretrain,train,CC(=O)N[C@H](Cc1ccc(C)cc1)c1ccccc1,1,central,1598
pretrain,train,CC(=O)N[C@H](Cc1ccc(OCc2ccccc2)cc1)C(=O)OC(C)(C)C,1,central,2498
pretrain,train,CC(=O)N[C@H](Cc1cccc(F)c1)C(=O)O,1,central,5243
pretrain,train,CC(=O)N[C@H](Cc1ccccc1)C(=O)O,1,central,1494
pretrain,train,CC(=O)N[C@H](Cc1ccccc1)C(=O)OC(C)(C)C,1,central,2499
pretrain,train,CC(=O)N[C@H](Cc1ccccc1)C(=O)OC(C)C,1,central,3476
pretrain,train,CC(=O)N[C@H](Cc1cn(C(C)(C)C)c2ccccc12)C(=O)OC(C)(C)C,1,central,2502
pretrain,train,CC(=O)N[C@H](c1ccc2c(c1)Cc1ccccc1-2)C(C)C,1,central,2340
pretrain,train,CC(=O)N[C@H](c1ccccc1)C(C)C,1,central,2831
pretrain,train,CC(=O)N[C@H]1CCCc2ccccc21,1,central,3438
pretrain,train,CC(=O)N[C@H]1CCc2ccccc21,1,central,3443
pretrain,train,CC(=O)Nc1cc2c(cc1[N+](=O)[O-])OC(C)(C)[C@H]1O[C@@H]21,1,central,104
pretrain,train,CC(=O)Nc1cc2c(cc1[N+](=O)[O-])[C@@H](O)[C@H](Br)CO2,1,central,653
pretrain,train,CC(=O)Nc1ccc(OC[C@@H](CN(C(C)=O)c2ccccc2C(=O)c2ccccc2)OC(C)=O)cc1,1,central,1741
pretrain,train,CC(=O)Nc1ccc(OC[C@H](CN(C(C)=O)c2ccc(Cl)cc2C(=O)c2ccccc2)OC(C)=O)cc1,1,central,1740
pretrain,train,CC(=O)Nc1ccc(OC[C@H](O)CNC(C)C)cc1,1,central,1194
pretrain,train,CC(=O)Nc1ccc([C@]2(C3CCCCC3)CCC(=O)NC2=O)cc1,1,central,1397
pretrain,train,CC(=O)OC(C)(C)[C@@H]1CCC(=O)[C@H](C)C1,1,central,676
pretrain,train,CC(=O)OC(C)(C)[C@@H]1CC[C@@H](OC(=O)c2ccccc2)[C@H](C)C1,1,central,936
pretrain,train,CC(=O)OC(C)(C)[C@@H]1CC[C@H](OC(=O)c2ccccc2)[C@H](C)C1,1,central,957
pretrain,train,CC(=O)OC1Cc2cccc(OCC(O)CN(C(=O)Nc3ccccc3)C(C)C)c2CC1OC(C)=O,1,central,855
pretrain,train,CC(=O)OCCCC[C@H](C)OC(C)=O,1,central,4060
pretrain,train,CC(=O)OCCC[C@H](C)OC(C)=O,1,central,4062
pretrain,train,CC(=O)OCC[C@@H](C)OC(C)=O,1,central,5218
pretrain,train,CC(=O)OCC[S@@](=O)c1ccccc1,1,central,4272
pretrain,train,CC(=O)OC[C@@H](C(=O)Nc1cc([N+](=O)[O-])cc([N+](=O)[O-])c1)c1ccccc1,1,central,3401
pretrain,train,CC(=O)OC[C@@H](CCc1ccc(Br)cc1)COC(=O)Nc1cccc2ccccc12,1,central,4987
pretrain,train,CC(=O)OC[C@@H](CO)C[C@](O)(Cn1cncn1)c1ccc(F)cc1F,1,central,2
pretrain,train,CC(=O)OC[C@@H](CO)Cc1cccc2ccccc12,1,central,2576
pretrain,train,CC(=O)OC[C@@H](CO)Cc1ccccc1,1,central,2577
pretrain,train,CC(=O)OC[C@@H](OC(C)=O)c1ccccc1,1,central,4044
pretrain,train,CC(=O)OC[C@@H]1CC(=O)N(c2ccccc2)O1,1,central,1967
pretrain,train,CC(=O)OC[C@H](C(=O)NCc1cccc2ccccc12)c1ccccc1,1,central,2385
pretrain,train,CC(=O)OC[C@H](C(=O)OCc1cccc2ccccc12)c1ccccc1,1,central,2383
pretrain,train,CC(=O)OC[C@H](C)COC(=O)c1ccccc1,1,central,2580
pretrain,train,CC(=O)OC[C@H](C)C[C@H](C)COC(=O)c1ccccc1,1,central,170
pretrain,train,CC(=O)OC[C@H](C)c1ccccc1,1,central,4051
pretrain,train,CC(=O)OC[C@H](COC(=O)c1ccccc1)C(C)C,1,central,2579
pretrain,train,CC(=O)OC[C@H](N)C(=O)O,1,central,1713
pretrain,train,CC(=O)OC[C@H](NC(=O)c1cc([N+](=O)[O-])cc([N+](=O)[O-])c1)c1ccccc1,1,central,4634
pretrain,train,CC(=O)OC[C@H]1CCC(=O)O1,1,central,5384
pretrain,train,CC(=O)OC[C]1[CH][CH][CH][CH][C]1CO.[C-]#[O+].[C-]#[O+].[C-]#[O+].[Cr],4,planar,-1
pretrain,train,CC(=O)O[C@@H](C(=O)O)c1ccccc1,1,central,5018
pretrain,train,CC(=O)O[C@@H](C(=O)c1ccc(C)cc1)c1ccccc1,1,central,3619
pretrain,train,CC(=O)O[C@@H](C)Cc1ccccc1,1,central,4058
pretrain,train,CC(=O)O[C@@H](C)[C@@H]1CC(c2ccccc2)=NO1,1,central,590
pretrain,train,CC(=O)O[C@@H](C)[C@H]1CC(c2ccccc2)=NO1,1,central,589
pretrain,train,CC(=O)O[C@@H](C)c1ccc([N+](=O)[O-])cc1,1,central,3616
pretrain,train,CC(=O)O[C@@H](C)c1cccc(Oc2ccc(Br)cc2)n1,1,central,5470
pretrain,train,CC(=O)O[C@@H](C)c1cccc(Oc2ccc(Cl)cc2)n1,1,central,5471
pretrain,train,CC(=O)O[C@@H](C)c1cccc(Oc2ccc(F)cc2)n1,1,central,5472
pretrain,train,CC(=O)O[C@@H](C)c1cccc(Oc2ccc(I)cc2)n1,1,central,5469
pretrain,train,CC(=O)O[C@@H](C)c1cccc(Oc2ccc([N+](=O)[O-])cc2)n1,1,central,5468
pretrain,train,CC(=O)O[C@@H](C)c1ccccc1,1,central,3628
pretrain,train,CC(=O)O[C@@H](C)c1ccncc1,1,central,4983
pretrain,train,CC(=O)O[C@@H](CCl)COc1ccc(C)cc1,1,central,1174
pretrain,train,CC(=O)O[C@@H](CCl)COc1ccc(CC#N)cc1,1,central,1169
pretrain,train,CC(=O)O[C@@H](CCl)COc1cccc(C)c1,1,central,1175
pretrain,train,CC(=O)O[C@@H](CCl)COc1ccccc1,1,central,1176
pretrain,train,CC(=O)O[C@@H](CCl)COc1ccccc1C,1,central,-1
pretrain,train,CC(=O)O[C@@H](CCl)COc1ccccc1C1CCCC1,1,central,1170
pretrain,train,CC(=O)O[C@@H](COc1ccc(CC(N)=O)cc1)CN(C(C)=O)C(C)C,1,central,5211
pretrain,train,CC(=O)O[C@@H](COc1cccc2ccccc12)CN(C(C)=O)c1ccccc1C(=O)c1ccccc1,1,central,1732
pretrain,train,CC(=O)O[C@@H](COc1ccccc1)CN(C(C)=O)c1ccc(Cl)cc1C(=O)c1ccccc1,1,central,1742
pretrain,train,CC(=O)O[C@@H](COc1ccccc1C(=O)c1ccccc1)CN(C(C)=O)c1ccc(Cl)cc1C(=O)c1ccccc1,1,central,1734
pretrain,train,CC(=O)O[C@@H](COc1ccccc1C(=O)c1ccccc1)CN(C(C)=O)c1ccccc1C(=O)c1ccccc1,1,central,1735
pretrain,train,CC(=O)O[C@@H](COc1ccccc1C(C)=O)CN(C(C)=O)c1ccccc1C(=O)c1ccccc1,1,central,1737
pretrain,train,CC(=O)O[C@@H](c1ccccc1)C(C)(C)C,1,central,3624
pretrain,train,CC(=O)O[C@@H](c1ccccc1)C(C)C,1,central,3625
pretrain,train,CC(=O)O[C@@H]1C(=O)OCC1(C)C,1,central,5376
pretrain,train,CC(=O)O[C@@H]1C(=O)c2ccccc2O[C@H]1c1ccccc1,1,central,716
pretrain,train,CC(=O)O[C@@H]1C=C[C@H](O)C[C@H](O)C1,1,central,922
pretrain,train,CC(=O)O[C@@H]1C=C[C@H]2[C@@H]1[C@H]1C=C[C@@H]2C1,1,central,5572
pretrain,train,CC(=O)O[C@@H]1CCCC[C@H]1OC(C)=O,1,central,533
pretrain,train,CC(=O)O[C@@H]1CCCc2c1ccc1ccccc21,1,central,3602
pretrain,train,CC(=O)O[C@@H]1CCOC1=O,1,central,5380
pretrain,train,CC(=O)O[C@@H]1CCc2ccccc21,1,central,3607
pretrain,train,CC(=O)O[C@@H]1CCn2ccnc21,1,central,6127
pretrain,train,CC(=O)O[C@@H]1N=C(c2ccccc2)c2cc(Cl)ccc2N(C(=O)N(C)C)C1=O,1,central,1372
pretrain,train,CC(=O)O[C@@H]1N=C(c2ccccc2)c2cc(Cl)ccc2NC1=O,1,central,1827
pretrain,train,CC(=O)O[C@@H]1NC(=O)C1(C)C,1,central,806
pretrain,train,CC(=O)O[C@@H]1NC(=O)[C@H]1C,1,central,805
pretrain,train,CC(=O)O[C@@H]1NC(=O)[C@H]1C(C)C,1,central,801
pretrain,train,CC(=O)O[C@@H]1c2c(ccc3ccccc23)C[C@]12Cc1ccc3ccccc3c1[C@@H]2OC(C)=O,1,central,933
pretrain,train,CC(=O)O[C@@H]1c2ccccc2CCC1(C)C,1,central,3604
pretrain,train,CC(=O)O[C@@H]1c2ccccc2CC[C@@H]1C,1,central,461
pretrain,train,CC(=O)O[C@@H]1c2ccccc2CC[C@H]1Br,1,central,458
pretrain,train,CC(=O)O[C@@H]1c2ccccc2CC[C@H]1Cl,1,central,456
pretrain,train,CC(=O)O[C@@H]1c2ccccc2C[C@@H]1Br,1,central,465
pretrain,train,CC(=O)O[C@@H]1c2ccccc2C[C@@H]1C,1,central,467
pretrain,train,CC(=O)O[C@@H]1c2ccccc2C[C@@H]1Cl,1,central,463
pretrain,train,CC(=O)O[C@@H]1c2ccccc2C[C@H]1C,1,central,466
pretrain,train,CC(=O)O[C@@]1(C)N=C(c2ccccc2)c2cc(Cl)ccc2NC1=O,1,central,3686
pretrain,train,CC(=O)O[C@H](C(=O)c1ccccc1)c1ccccc1,1,central,3620
pretrain,train,CC(=O)O[C@H](C(N)=O)c1ccccc1,1,central,5021
pretrain,train,CC(=O)O[C@H](C)c1c(C)cc(C)cc1C,1,central,3614
pretrain,train,CC(=O)O[C@H](C)c1ccc(C)cc1,1,central,3617
pretrain,train,CC(=O)O[C@H](C)c1ccc2ccc3ccccc3c2c1,1,central,3610
pretrain,train,CC(=O)O[C@H](C)c1ccc2ccccc2c1,1,central,3611
pretrain,train,CC(=O)O[C@H](C)c1cccc(Oc2ccccc2)n1,1,central,5473
pretrain,train,CC(=O)O[C@H](C)c1cccc2ccccc12,1,central,3612
pretrain,train,CC(=O)O[C@H](C)c1cccnc1,1,central,4835
pretrain,train,CC(=O)O[C@H](C)c1ccco1,1,central,3609
pretrain,train,CC(=O)O[C@H](C)c1cccs1,1,central,3608
pretrain,train,CC(=O)O[C@H](CCl)COS(=O)(=O)c1ccc(C)cc1,1,central,2649
pretrain,train,CC(=O)O[C@H](CNC(C)C)COc1cccc2ccccc12,1,central,2684
pretrain,train,CC(=O)O[C@H](COc1ccc(Cl)cc1)CN(C(C)=O)c1ccccc1C(=O)c1ccccc1,1,central,1739
pretrain,train,CC(=O)O[C@H](COc1cccc2ccccc12)CN(C(C)=O)c1ccc(Cl)cc1C(=O)c1ccccc1,1,central,1733
pretrain,train,CC(=O)O[C@H](COc1ccccc1C(C)=O)CN(C(C)=O)c1ccc(Cl)cc1C(=O)c1ccccc1,1,central,1736
pretrain,train,CC(=O)O[C@H](C[C@@H](OC(C)=O)c1ccccc1)c1ccccc1,1,central,596
pretrain,train,CC(=O)O[C@H](Cc1ccccc1)c1ccccc1,1,central,3621
pretrain,train,CC(=O)O[C@H](c1ccccc1)C(F)(F)F,1,central,3623
pretrain,train,CC(=O)O[C@H]1C=CC(=O)C1,1,central,5266
pretrain,train,CC(=O)O[C@H]1C=C[C@H]2[C@@H]1[C@H]1C=C[C@@H]2C1,1,central,5571
pretrain,train,CC(=O)O[C@H]1CC(=O)N1,1,central,1945
pretrain,train,CC(=O)O[C@H]1CCCC[C@@H]1OC(=O)Nc1cc([N+](=O)[O-])cc([N+](=O)[O-])c1,1,central,479
pretrain,train,CC(=O)O[C@H]1CCCC[C@@H]1OC(=O)c1ccccc1,1,central,163
pretrain,train,CC(=O)O[C@H]1CCCC[C@@H]1c1ccccc1,1,central,530
pretrain,train,CC(=O)O[C@H]1CCCc2cc3ccccc3cc21,1,central,3603
pretrain,train,CC(=O)O[C@H]1CCCc2ccc3ccccc3c21,1,central,3601
pretrain,train,CC(=O)O[C@H]1CCCc2ccccc21,1,central,3605
pretrain,train,CC(=O)O[C@H]1CCn2ccnc21,1,central,6131
pretrain,train,CC(=O)O[C@H]1N=C(c2ccccc2)c2cc(Cl)ccc2N(C(C)=O)C1=O,1,central,4344
pretrain,train,CC(=O)O[C@H]1N=C(c2ccccc2)c2cc(Cl)ccc2N(C)C1=O,1,central,3722
pretrain,train,CC(=O)O[C@H]1N=C(c2ccccc2)c2ccccc2NC1=O,1,central,3702
pretrain,train,CC(=O)O[C@H]1N=C(c2ccccc2Cl)c2cc(Cl)ccc2N(C(C)=O)C1=O,1,central,2358
pretrain,train,CC(=O)O[C@H]1N=C(c2ccccc2Cl)c2cc(Cl)ccc2N(C)C1=O,1,central,1828
pretrain,train,CC(=O)O[C@H]1N=C(c2ccccc2Cl)c2cc(Cl)ccc2NC1=O,1,central,1832
pretrain,train,CC(=O)O[C@H]1NC(=O)[C@H]1C,1,central,804
pretrain,train,CC(=O)O[C@H]1NC(=O)[C@H]1C(C)C,1,central,800
pretrain,train,CC(=O)O[C@H]1c2ccccc2CC1(C)C,1,central,3606
pretrain,train,CC(=O)O[C@H]1c2ccccc2CC[C@@H]1C,1,central,460
pretrain,train,CC(=O)O[C@H]1c2ccccc2CC[C@H]1Br,1,central,459
pretrain,train,CC(=O)O[C@H]1c2ccccc2CC[C@H]1Cl,1,central,457
pretrain,train,CC(=O)O[C@H]1c2ccccc2C[C@@H]1Br,1,central,464
pretrain,train,CC(=O)O[C@H]1c2ccccc2C[C@@H]1Cl,1,central,462
pretrain,train,CC(=O)O[C]1[CH][CH][CH][CH][CH]C1=O.[C-]#[O+].[C-]#[O+].[C-]#[O+].[Fe],1,central,-1
pretrain,train,CC(=O)Oc1c(C)c(C)c2c(c1C)CC[C@@](C)(CCC[C@@H](C)CCC[C@@H](C)CCCC(C)C)O2,1,central,861
pretrain,train,CC(=O)Oc1c(C)c(C)c2c(c1C)CC[C@@](C)(CCC[C@@H](C)CCC[C@H](C)CCCC(C)C)O2,1,central,860
pretrain,train,CC(=O)Oc1c(C)c(C)c2c(c1C)CC[C@@](C)(CCC[C@H](C)CCC[C@@H](C)CCCC(C)C)O2,1,central,862
pretrain,train,CC(=O)Oc1c(C)c(C)c2c(c1C)CC[C@@](C)(CCC[C@H](C)CCC[C@H](C)CCCC(C)C)O2,1,central,863
pretrain,train,CC(=O)Oc1cc2c(cc1C)OC(C)(CCCC(C)CCCC(C)CCCC(C)C)CC2,1,central,923
pretrain,train,CC(=O)Oc1ccc([C@@H]2Oc3cc(OC(C)=O)cc(OC(C)=O)c3C(=O)[C@H]2OC(C)=O)cc1,1,central,710
pretrain,train,CC(=O)Oc1ccc([C@@H]2Oc3cccc(OC(C)=O)c3C(=O)[C@H]2OC(C)=O)cc1,1,central,712
pretrain,train,CC(=O)Oc1ccc([S@](C)=O)cc1,1,central,5428
pretrain,train,CC(=O)Oc1ccc2c(c1)O[C@H](c1ccc(OC(C)=O)c(OC(C)=O)c1)[C@@H](OC(C)=O)C2=O,1,central,711
pretrain,train,CC(=O)Oc1ccc2ccccc2c1-c1c(O)ccc2ccccc12,2,axial,1106
pretrain,train,CC(=O)S[C@@H]1C=CCCC1,1,central,4989
pretrain,train,CC(=O)[C@@]1(C)CCOC1=O,1,central,5377
pretrain,train,CC(=O)[C@H](C)Cl,1,central,3323
pretrain,train,CC(=O)[C@H]1CC(c2ccccc2)=NO1,1,central,4345
pretrain,train,CC(=O)[C@H]1CCC(=O)O1,1,central,4940
pretrain,train,CC(=O)[C@]12C=C[C@H](C(=O)C1)c1ccccc12,1,central,696
pretrain,train,CC(=O)c1c2c(c[nH]c1=O)C[C@H](c1ccncc1)CC2,1,central,3049
pretrain,train,CC(=O)c1c2c(cc3c1[C@@H]([C@@H]1c4c(cc5c(c4C(C)=O)OCO5)CCN1C)N(C)CC3)OCO2,1,central,816
pretrain,train,CC(=O)c1cccc(O[C@@H](C)C(=O)NCc2cccc3ccccc23)c1,1,central,2905
pretrain,train,CC(=O)c1cccc(O[C@@H](C)C(=O)O)c1,1,central,2951
pretrain,train,CC(C(=O)OC(C)(C)C)[S@](=O)Nc1ccccc1,1,central,311
pretrain,train,CC(C)(C(=O)O)c1ccc([C@@H](O)CCCN2CCC(C(O)(c3ccccc3)c3ccccc3)CC2)cc1,1,central,2074
pretrain,train,CC(C)(C)C(=O)N1CC(=O)O[C@@H]1c1ccccc1,1,central,5285
pretrain,train,CC(C)(C)C(=O)N1CCOCCOc2ccc3ccccc3c2-c2c(ccc3ccccc23)OCCOCC1,2,axial,1090
pretrain,train,CC(C)(C)C(=O)O[C@@H]1N=C(c2ccccc2)c2cc(Cl)ccc2NC1=O,1,central,3282
pretrain,train,CC(C)(C)C(=O)Oc1ccc2ccccc2c1-c1c(O)ccc2ccccc12,2,axial,1105
pretrain,train,CC(C)(C)C(=O)[C@@H](Cc1ccc(Cl)cc1)n1cncn1,1,central,4986
pretrain,train,CC(C)(C)C(=O)[C@H](Cc1ccc(Cl)cc1Cl)n1cncn1,1,central,3929
pretrain,train,CC(C)(C)C(=O)[C@H](Oc1ccc(Cl)cc1)n1cncn1,1,central,3930
pretrain,train,CC(C)(C)CC(C)(C)NC(=O)O[C@H]1CCn2ccnc21,1,central,6148
pretrain,train,CC(C)(C)N(C[C@@H](O)COc1cccc2c1CC(O)C(O)C2)C(=O)Nc1ccccc1,1,central,927
pretrain,train,CC(C)(C)N(C[C@@H](O)COc1cccc2c1C[C@H](O)[C@H](O)C2)C(=O)Nc1cccc2ccccc12,1,central,829
pretrain,train,CC(C)(C)N(C[C@H](O)COc1cccc2c1C[C@H](O)[C@H](O)C2)C(=O)Nc1cccc2ccccc12,1,central,828
pretrain,train,CC(C)(C)N(C[C@H](O)COc1nsnc1N1CCOCC1)C(=O)Nc1cccc2ccccc12,1,central,5193
pretrain,train,CC(C)(C)N(C[C@H](O)COc1nsnc1N1CCOCC1)C(=O)Nc1ccccc1,1,central,2681
pretrain,train,CC(C)(C)N1C[C@@H](COc2ccccc2C2CCCC2)OC1=O,1,central,4099
pretrain,train,CC(C)(C)N1C[C@H](c2cc(O)cc(O)c2)OC1=O,1,central,4101
pretrain,train,CC(C)(C)NC(=O)C[C@@H](O)c1ccccc1,1,central,3960
pretrain,train,CC(C)(C)NC(=O)O[C@H]1CCn2ccnc21,1,central,6132
pretrain,train,CC(C)(C)NC(=O)[C@@H](Cc1ccccc1)NC(=O)c1cc([N+](=O)[O-])cc([N+](=O)[O-])c1,1,central,1377
pretrain,train,CC(C)(C)NC(=O)[C@@H](NC(=O)c1cc([N+](=O)[O-])cc([N+](=O)[O-])c1)c1ccccc1,1,central,1376
pretrain,train,CC(C)(C)NC(=O)[C@H](CO)c1ccccc1,1,central,3963
pretrain,train,CC(C)(C)NCC(O)COc1cccc2c1CC(O)C(O)C2,1,central,842
pretrain,train,CC(C)(C)NCC(O)COc1ccccc1OCC1CCCO1,1,central,39
pretrain,train,CC(C)(C)NC[C@@H](COc1ccccc1C1CCCC1)OC(=O)Nc1ccccc1,1,central,4106
pretrain,train,CC(C)(C)NC[C@@H](O)COc1cccc2c1CCC(=O)N2,1,central,2420
pretrain,train,CC(C)(C)NC[C@@H](O)COc1cccc2c1C[C@@H](O)[C@@H](O)C2,1,central,941
pretrain,train,CC(C)(C)NC[C@@H](O)COc1nsnc1N1CCOCC1,1,central,1688
pretrain,train,CC(C)(C)NC[C@@H](O)c1cc(O)cc(O)c1,1,central,5030
pretrain,train,CC(C)(C)NC[C@@H](O)c1cc(O)ccc1O,1,central,3784
pretrain,train,CC(C)(C)NC[C@@H](O)c1ccc(O)cc1,1,central,3783
pretrain,train,CC(C)(C)NC[C@@H](O)c1ccccc1,1,central,3781
pretrain,train,CC(C)(C)NC[C@@H](O)c1ccccc1O,1,central,3782
pretrain,train,CC(C)(C)NC[C@@](C)(O)c1cc(O)cc(O)c1,1,central,3780
pretrain,train,CC(C)(C)NC[C@H](O)COc1cccc2c1CC(O)C(O)C2,1,central,955
pretrain,train,CC(C)(C)NC[C@H](O)COc1cccc2c1C[C@@H](O)[C@@H](O)C2,1,central,942
pretrain,train,CC(C)(C)NC[C@H](O)COc1cccc2ccccc12,1,central,1677
pretrain,train,CC(C)(C)NC[C@H](O)COc1ccccc1C#N,1,central,3679
pretrain,train,CC(C)(C)NC[C@H](O)COc1ccccc1C1CCCC1,1,central,1687
pretrain,train,CC(C)(C)NC[C@H](O)c1cc(Cl)c(N)c(Cl)c1,1,central,2070
pretrain,train,CC(C)(C)NC[C@H](O)c1cc2ccccc2o1,1,central,2491
pretrain,train,CC(C)(C)NC[C@H](O)c1ccc(O)c(CO)c1,1,central,1207
pretrain,train,CC(C)(C)OC(=O)C(=[N+]=[N-])C(=O)C[C@H]1CC(=O)N1,1,central,5190
pretrain,train,CC(C)(C)OC(=O)C(C)(C)[S@@](=O)Nc1ccccc1,1,central,2897
pretrain,train,CC(C)(C)OC(=O)C[S@@](=O)Nc1ccc(C(F)(F)F)cc1,1,central,2919
pretrain,train,CC(C)(C)OC(=O)C[S@@](=O)Nc1ccc(Cl)cc1,1,central,2918
pretrain,train,CC(C)(C)OC(=O)C[S@@](=O)Nc1ccc([N+](=O)[O-])cc1,1,central,3376
pretrain,train,CC(C)(C)OC(=O)N1CC(=O)O[C@H]1c1ccccc1,1,central,2370
pretrain,train,CC(C)(C)OC(=O)N1C[C@@H](O)C[C@@H]1CO,1,central,5972
pretrain,train,CC(C)(C)OC(=O)N1C[C@@H](P(c2ccccc2)c2ccccc2)C[C@H]1CP(c1ccccc1)c1ccccc1,1,central,7006
pretrain,train,CC(C)(C)OC(=O)N1C[C@H](O)C[C@H]1CO,1,central,5980
pretrain,train,CC(C)(C)OC(=O)NC[C@H]1CCCN1,1,central,5979
pretrain,train,CC(C)(C)OC(=O)N[C@@H](CCC(N)=O)c1nc(C(=O)O)cs1,1,central,1696
pretrain,train,CC(C)(C)OC(=O)N[C@@H](Cc1c[nH]c2ccccc12)C(=O)O,1,central,1996
pretrain,train,CC(C)(C)OC(=O)N[C@@H](Cc1ccccc1)C(=O)Nc1ccccc1,1,central,4221
pretrain,train,CC(C)(C)OC(=O)N[C@@H](Cc1ccccc1)C(=O)O,1,central,1224
pretrain,train,CC(C)(C)OC(=O)N[C@@H]1CCCC[C@@H]1N,1,central,6193
pretrain,train,CC(C)(C)OC(=O)N[C@@H]1CCCC[C@H]1N,1,central,6213
pretrain,train,CC(C)(C)OC(=O)N[C@H](CCCNC(=O)OCc1ccccc1)C(=O)O,1,central,1714
pretrain,train,CC(C)(C)OC(=O)N[C@H](Cc1ccccc1)C(=O)Oc1ccc([N+](=O)[O-])cc1,1,central,2044
pretrain,train,CC(C)(C)OC(=O)N[C@H]1CCCC[C@@H]1N,1,central,6215
pretrain,train,CC(C)(C)OC(=O)N[C@H]1COC[C@@H]1O,1,central,6273
pretrain,train,CC(C)(C)OC(=O)O[C@H]1CCn2ccnc21,1,central,6147
pretrain,train,CC(C)(C)OC(=O)[C@@H](N=C(c1ccccc1)c1ccccc1)[C@@H](CCc1ccccc1)OC(=O)Nc1cc([N+](=O)[O-])cc([N+](=O)[O-])c1,1,central,193
pretrain,train,CC(C)(C)OC(=O)[C@@H](N=C(c1ccccc1)c1ccccc1)[C@H](CCc1ccccc1)OC(=O)Nc1cc([N+](=O)[O-])cc([N+](=O)[O-])c1,1,central,192
pretrain,train,CC(C)(C)OC[C@@H](N)C(=O)O,1,central,1712
pretrain,train,CC(C)(C)OC[C@@H](NC(=O)OCc1ccccc1)C(=O)O,1,central,1720
pretrain,train,CC(C)(C)P(c1ccccc1[C@@H](NS(=O)C(C)(C)C)c1ccccc1)C(C)(C)C,1,central,-1
pretrain,train,CC(C)(C)P(c1ccccc1[C@H](N[S@](=O)C(C)(C)C)c1ccccc1)C(C)(C)C,1,central,5734
pretrain,train,CC(C)(C)P1COc2cccc(-c3c(Oc4ccccc4)cccc3Oc3ccccc3)c21,1,central,5642
pretrain,train,CC(C)(C)P1Cc2ccccc2[C@@H]1[C@H]1c2ccccc2CP1C(C)(C)C,1,central,7004
pretrain,train,CC(C)(C)P1Cc2ccccc2[C@H]1[C@@H]1c2ccccc2CP1C(C)(C)C,1,central,7015
pretrain,train,CC(C)(C)P1c2c(cccc2-c2c3ccccc3cc3ccccc23)O[C@@H]1[C@H]1Oc2cccc(-c3c4ccccc4cc4ccccc34)c2P1C(C)(C)C,1,central,5686
pretrain,train,CC(C)(C)P1c2c(cccc2-c2c3ccccc3cc3ccccc23)O[C@H]1[C@@H]1Oc2cccc(-c3c4ccccc4cc4ccccc34)c2P1C(C)(C)C,1,central,5671
pretrain,train,CC(C)(C)S(=O)N[C@@H](CP(c1ccccc1)c1ccccc1)c1ccccc1O[Si](c1ccccc1)(c1ccccc1)C(C)(C)C,1,central,5776
pretrain,train,CC(C)(C)S(=O)N[C@@H](c1cc(C(F)(F)F)cc(C(F)(F)F)c1)c1ccccc1P(c1ccccc1)c1ccccc1,1,central,-1
pretrain,train,CC(C)(C)S(=O)N[C@@H](c1cc2c(cc1P(c1ccccc1)c1ccccc1)OCO2)c1cccc2ccccc12,1,central,5725
pretrain,train,CC(C)(C)S(=O)N[C@@H](c1ccc2ccccc2c1)c1cccc(OCc2ccccc2)c1P(C1CCCCC1)C1CCCCC1,1,central,-1
pretrain,train,CC(C)(C)S(=O)N[C@@H](c1ccccc1)c1cc2c(cc1P(c1ccccc1)c1ccccc1)OCO2,1,central,5717
pretrain,train,CC(C)(C)S(=O)N[C@@H](c1ccccc1)c1cccc(OCc2ccccc2)c1P(C1CCCCC1)C1CCCCC1,1,central,-1
pretrain,train,CC(C)(C)S(=O)N[C@@H](c1ccccc1)c1ccccc1P(C12CC3CC(CC(C3)C1)C2)C12CC3CC(CC(C3)C1)C2,1,central,5764
pretrain,train,CC(C)(C)S(=O)N[C@@H](c1ccccc1)c1ccccc1P(C1CCCCC1)C1CCCCC1,1,central,-1
pretrain,train,CC(C)(C)S(=O)N[C@@H](c1ccccc1)c1ccccc1P(c1ccccc1)c1ccccc1,1,central,-1
pretrain,train,CC(C)(C)S(=O)N[C@@H](c1ccccc1P(c1ccccc1)c1ccccc1)c1cccc2ccccc12,1,central,5720
pretrain,train,CC(C)(C)S(=O)N[C@H](CP(c1ccccc1)c1ccccc1)c1ccccc1,1,central,5768
pretrain,train,CC(C)(C)S(=O)N[C@H](CP(c1ccccc1)c1ccccc1)c1ccccc1-c1c2ccccc2cc2ccccc12,1,central,5772
pretrain,train,CC(C)(C)S(=O)N[C@H](CP(c1ccccc1)c1ccccc1)c1ccccc1O[Si](c1ccccc1)(c1ccccc1)C(C)(C)C,1,central,5777
pretrain,train,CC(C)(C)S(=O)N[C@H](CP(c1ccccc1)c1ccccc1)c1ccccc1P(c1ccccc1)c1ccccc1,1,central,-1
pretrain,train,CC(C)(C)S(=O)N[C@H](c1cc2c(cc1P(c1ccccc1)c1ccccc1)OCO2)c1cccc2ccccc12,1,central,-1
pretrain,train,CC(C)(C)S(=O)N[C@H](c1ccc2ccccc2c1)c1ccccc1P(C1CCCCC1)C1CCCCC1,1,central,5748
pretrain,train,CC(C)(C)S(=O)N[C@H](c1ccccc1)c1cccc(OCc2ccccc2)c1P(C1CCCCC1)C1CCCCC1,1,central,5753
pretrain,train,CC(C)(C)S(=O)N[C@H](c1ccccc1)c1ccccc1P(C12CC3CC(CC(C3)C1)C2)C12CC3CC(CC(C3)C1)C2,1,central,-1
pretrain,train,CC(C)(C)S(=O)N[C@H](c1ccccc1)c1ccccc1P(C1CCCCC1)C1CCCCC1,1,central,5741
pretrain,train,CC(C)(C)S(=O)N[C@H](c1ccccc1)c1ccccc1P(c1ccccc1)c1ccccc1,1,central,5712
pretrain,train,CC(C)(C)S(=O)N[C@H](c1ccccc1P(C1CCCCC1)C1CCCCC1)c1cccc2ccccc12,1,central,-1
pretrain,train,CC(C)(C)S(=O)N[C@H](c1ccccc1P(c1ccccc1)c1ccccc1)c1cccc2ccccc12,1,central,-1
pretrain,train,CC(C)(C)SC(=O)C[C@@H](O)/C=C/c1ccccc1,1,central,2604
pretrain,train,CC(C)(C)SC(=O)C[C@@H](O)c1ccc(Cl)cc1,1,central,2607
pretrain,train,CC(C)(C)SC(=O)C[C@@H](O)c1ccc2ccccc2c1,1,central,2605
pretrain,train,CC(C)(C)SC(=O)C[C@@H](O)c1cccc2ccccc12,1,central,2606
pretrain,train,CC(C)(C)SC(=O)C[C@@H](O)c1ccccc1,1,central,2608
pretrain,train,CC(C)(C)[C@@H](Br)C(=O)Nc1cc([N+](=O)[O-])cc([N+](=O)[O-])c1,1,central,1590
pretrain,train,CC(C)(C)[C@@H](N)C(=O)Nc1ccccn1,1,central,6045
pretrain,train,CC(C)(C)[C@@H](N)C(=O)O,1,central,2293
pretrain,train,CC(C)(C)[C@@H](N)CP(c1ccccc1)c1ccccc1,1,central,5862
pretrain,train,CC(C)(C)[C@@H](NS(=O)C(C)(C)C)c1ccccc1P(c1ccccc1)c1ccccc1,1,central,5711
pretrain,train,CC(C)(C)[C@@H](O)/C(=C\c1ccc(Cl)cc1)n1cncn1,1,central,2306
pretrain,train,CC(C)(C)[C@@H](O)/C(=C\c1ccc(Cl)cc1Cl)n1cncn1,1,central,2307
pretrain,train,CC(C)(C)[C@@H](O)C#Cc1ccccc1,1,central,2205
pretrain,train,CC(C)(C)[C@@H](O)C(CCOc1ccccc1)n1cncn1,1,central,337
pretrain,train,CC(C)(C)[C@@H](O)C(Oc1ccc(-c2ccccc2)cc1)n1cncn1,1,central,334
pretrain,train,CC(C)(C)[C@@H](O)[C@@H](Cc1ccc(Cl)cc1)n1cncn1,1,central,353
pretrain,train,CC(C)(C)[C@@H](O)[C@@H](Cc1ccc(Cl)cc1Cl)n1cncn1,1,central,338
pretrain,train,CC(C)(C)[C@@H](O)[C@@H](Oc1ccc(Cl)cc1)n1cncn1,1,central,333
pretrain,train,CC(C)(C)[C@@H](O)c1cccc(-c2ccccc2)n1,1,central,2532
pretrain,train,CC(C)(C)[C@@H](OC(=O)c1ccccc1)C(Cl)(Cl)Cl,1,central,1918
pretrain,train,CC(C)(C)[C@@H]1CN2C(=N1)Sc1ccccc12,1,central,6036
pretrain,train,CC(C)(C)[C@@H]1COC(/C(C#N)=C2\N[C@H](C(C)(C)C)CO2)=N1,1,central,6759
pretrain,train,CC(C)(C)[C@@H]1COC(C(Cc2ccccc2)(Cc2ccccc2)C2=N[C@@H](C(C)(C)C)CO2)=N1,1,central,6722
pretrain,train,CC(C)(C)[C@@H]1COC(C(Cc2ccccc2)(Cc2ccccc2)C2=N[C@H](C(C)(C)C)CO2)=N1,1,central,6724
pretrain,train,CC(C)(C)[C@@H]1COC(C2(C3=N[C@H](C(C)(C)C)CO3)CC2)=N1,1,central,-1
pretrain,train,CC(C)(C)[C@@H]1COC(C2(C3=N[C@H](C(C)(C)C)CO3)CCC2)=N1,1,central,-1
pretrain,train,CC(C)(C)[C@@H]1COC(C2(C3=N[C@H](C(C)(C)C)CO3)CCCC2)=N1,1,central,-1
pretrain,train,CC(C)(C)[C@@H]1COC(C2(C3=N[C@H](C(C)(C)C)CO3)CCCCC2)=N1,1,central,6632
pretrain,train,CC(C)(C)[C@@H]1COC(C2(C3=N[C@H](C(C)(C)C)CO3)CCCCCC2)=N1,1,central,6622
pretrain,train,CC(C)(C)[C@@H]1COC(C2(C3=N[C@H](C(C)(C)C)CO3)Cc3ccccc3C2)=N1,1,central,6767
pretrain,train,CC(C)(C)[C@@H]1COC(CC2=N[C@H](C(C)(C)C)CO2)=N1,1,central,6681
pretrain,train,CC(C)(C)[C@@H]1COC(c2c(Cl)cccc2P(c2ccccc2)c2ccccc2)=N1,1,central,6578
pretrain,train,CC(C)(C)[C@@H]1COC(c2cc(C(F)(F)F)ccc2P(c2ccc(C(F)(F)F)cc2)c2ccc(C(F)(F)F)cc2)=N1,1,central,6582
pretrain,train,CC(C)(C)[C@@H]1COC(c2cc3ccccc3s2)=N1,1,central,6607
pretrain,train,CC(C)(C)[C@@H]1COC(c2ccc(C(F)(F)F)cn2)=N1,1,central,6390
pretrain,train,CC(C)(C)[C@@H]1COC(c2ccc(Cl)cn2)=N1,1,central,6420
pretrain,train,CC(C)(C)[C@@H]1COC(c2ccc(F)cn2)=N1,1,central,6426
pretrain,train,CC(C)(C)[C@@H]1COC(c2ccc3c(n2)CCCC3)=N1,1,central,6545
pretrain,train,CC(C)(C)[C@@H]1COC(c2ccc3ccccc3n2)=N1,1,central,6472
pretrain,train,CC(C)(C)[C@@H]1COC(c2ccc3cccnc3n2)=N1,1,central,6520
pretrain,train,CC(C)(C)[C@@H]1COC(c2cccc(-c3ccccc3)n2)=N1,1,central,6442
pretrain,train,CC(C)(C)[C@@H]1COC(c2cccc(-c3ccccn3)n2)=N1,1,central,6532
pretrain,train,CC(C)(C)[C@@H]1COC(c2cccc(C(c3ccccc3)c3ccccc3)n2)=N1,1,central,6456
pretrain,train,CC(C)(C)[C@@H]1COC(c2cccc(C3=N[C@H](C(C)(C)C)CO3)c2)=N1,1,central,6797
pretrain,train,CC(C)(C)[C@@H]1COC(c2cccc(C3=N[C@H](C(C)(C)C)CO3)n2)=N1,1,central,6844
pretrain,train,CC(C)(C)[C@@H]1COC(c2cccc3c2oc2c(C4=N[C@H](C(C)(C)C)CO4)cccc23)=N1,1,central,6788
pretrain,train,CC(C)(C)[C@@H]1COC(c2cccc3cccnc23)=N1,1,central,6496
pretrain,train,CC(C)(C)[C@@H]1COC(c2ccccc2Nc2ccccc2C2=N[C@H](C(C)(C)C)CO2)=N1,1,central,6779
pretrain,train,CC(C)(C)[C@@H]1COC(c2ccccc2O)=N1,1,central,6885
pretrain,train,CC(C)(C)[C@@H]1COC(c2ccccc2P(c2cc(C(F)(F)F)cc(C(F)(F)F)c2)c2cc(C(F)(F)F)cc(C(F)(F)F)c2)=N1,1,central,6871
pretrain,train,CC(C)(C)[C@@H]1COC(c2ccccc2P(c2ccccc2)c2ccccc2)=N1,1,central,6561
pretrain,train,CC(C)(C)[C@@H]1COC(c2ccccn2)=N1,1,central,6359
pretrain,train,CC(C)(C)[C@@H]1COC(c2nccc3ccccc23)=N1,1,central,6486
pretrain,train,CC(C)(C)[C@@H]1COC(c2ncccn2)=N1,1,central,6504
pretrain,train,CC(C)(C)[C@@H]1N=C(c2ccccc2P(c2ccccc2)c2ccccc2)OC1(c1ccccc1)c1ccccc1,1,central,6576
pretrain,train,CC(C)(C)[C@@H]1OC(=O)CN1C(=O)OCc1ccccc1,1,central,5289
pretrain,train,CC(C)(C)[C@@H]1OC(=O)CN1C(=O)Oc1ccccc1,1,central,1245
pretrain,train,CC(C)(C)[C@@H]1OC(=O)CN1C(=O)c1ccccc1,1,central,5291
pretrain,train,CC(C)(C)[C@@H]1OC=C(Br)C(=O)O1,1,central,2366
pretrain,train,CC(C)(C)[C@@H]1OC[C@H](C/C=C\CCC(=O)O)[C@H](c2ccccc2O)O1,1,central,903
pretrain,train,CC(C)(C)[C@H](CN1CC2CCC(CC2)C1)OC(=O)Nc1cc([N+](=O)[O-])cc([N+](=O)[O-])c1,1,central,3117
pretrain,train,CC(C)(C)[C@H](CN1CCCC1)OC(=O)Nc1cc([N+](=O)[O-])cc([N+](=O)[O-])c1,1,central,4881
pretrain,train,CC(C)(C)[C@H](CN1CCCCC1)OC(=O)Nc1cc([N+](=O)[O-])cc([N+](=O)[O-])c1,1,central,4880
pretrain,train,CC(C)(C)[C@H](CN1CCOCC1)OC(=O)Nc1cc([N+](=O)[O-])cc([N+](=O)[O-])c1,1,central,3398
pretrain,train,CC(C)(C)[C@H](N)CP(c1ccccc1)c1ccccc1,1,central,5867
pretrain,train,CC(C)(C)[C@H](NC(=O)c1cc([N+](=O)[O-])cc([N+](=O)[O-])c1)C(=O)O,1,central,3669
pretrain,train,CC(C)(C)[C@H](NS(=O)C(C)(C)C)c1ccccc1P(C(C)(C)C)C(C)(C)C,1,central,-1
pretrain,train,CC(C)(C)[C@H](NS(=O)C(C)(C)C)c1ccccc1P(C1CCCCC1)C1CCCCC1,1,central,-1
pretrain,train,CC(C)(C)[C@H](O)/C(=C/C1CCCCC1)n1cncn1,1,central,3065
pretrain,train,CC(C)(C)[C@H](O)C(Cc1ccc(Cl)cc1)n1cncn1,1,central,336
pretrain,train,CC(C)(C)[C@H](O)[C@@H](Cc1ccc(Cl)cc1)n1cncn1,1,central,335
pretrain,train,CC(C)(C)[C@H](O)[C@@H](Oc1ccc(Cl)cc1)n1cncn1,1,central,332
pretrain,train,CC(C)(C)[C@H](O)c1ccc(C(F)(F)F)cc1,1,central,4900
pretrain,train,CC(C)(C)[C@H](O)c1ccc(Cl)c(Cl)c1,1,central,4741
pretrain,train,CC(C)(C)[C@H](O)c1ccc(Cl)cc1,1,central,4887
pretrain,train,CC(C)(C)[C@H](O)c1ccccc1,1,central,2762
pretrain,train,CC(C)(C)[C@H](OC(=O)c1cc([N+](=O)[O-])cc([N+](=O)[O-])c1)c1ccccc1,1,central,3810
pretrain,train,CC(C)(C)[C@H]([NH3+])C(=O)O.OCl,1,central,-1
pretrain,train,CC(C)(C)[C@H]1CN2C[C@H](C(C)(C)C)NC2=N1,1,central,-1
pretrain,train,CC(C)(C)[C@H]1COC(/C(C#N)=C2\N[C@@H](C(C)(C)C)CO2)=N1,1,central,6760
pretrain,train,CC(C)(C)[C@H]1COC(C(Cc2ccccc2)(Cc2ccccc2)C2=N[C@@H](C(C)(C)C)CO2)=N1,1,central,6725
pretrain,train,CC(C)(C)[C@H]1COC(C2(C3=N[C@@H](C(C)(C)C)CO3)CC2)=N1,1,central,-1
pretrain,train,CC(C)(C)[C@H]1COC(C2(C3=N[C@@H](C(C)(C)C)CO3)CCC2)=N1,1,central,-1
pretrain,train,CC(C)(C)[C@H]1COC(C2(C3=N[C@@H](C(C)(C)C)CO3)CCCCC2)=N1,1,central,6631
pretrain,train,CC(C)(C)[C@H]1COC(C2(C3=N[C@@H](C(C)(C)C)CO3)CCCCCC2)=N1,1,central,6621
pretrain,train,CC(C)(C)[C@H]1COC(C2(C3=N[C@@H](C(C)(C)C)CO3)Cc3ccccc3C2)=N1,1,central,6768
pretrain,train,CC(C)(C)[C@H]1COC(C2=N[C@@H](C(C)(C)C)CO2)=N1,1,central,6676
pretrain,train,CC(C)(C)[C@H]1COC(CC2=N[C@@H](C(C)(C)C)CO2)=N1,1,central,6682
pretrain,train,CC(C)(C)[C@H]1COC([C@@H]2CCCC[C@H]2C2=N[C@@H](C(C)(C)C)CO2)=N1,1,central,6810
pretrain,train,CC(C)(C)[C@H]1COC([CH]c2[nH]c([CH]C3=N[C@@H](C(C)(C)C)CO3)c3ccccc23)=N1,1,central,6783
pretrain,train,CC(C)(C)[C@H]1COC(c2c(Cl)cccc2P(c2ccccc2)c2ccccc2)=N1,1,central,6579
pretrain,train,CC(C)(C)[C@H]1COC(c2cc(C(F)(F)F)ccc2P(c2ccc(C(F)(F)F)cc2)c2ccc(C(F)(F)F)cc2)=N1,1,central,6583
pretrain,train,CC(C)(C)[C@H]1COC(c2cc(C(F)(F)F)ccn2)=N1,1,central,6404
pretrain,train,CC(C)(C)[C@H]1COC(c2cc3ccccc3s2)=N1,1,central,6608
pretrain,train,CC(C)(C)[C@H]1COC(c2ccc(Br)cn2)=N1,1,central,6410
pretrain,train,CC(C)(C)[C@H]1COC(c2ccc(C(F)(F)F)cn2)=N1,1,central,6391
pretrain,train,CC(C)(C)[C@H]1COC(c2ccc(Cl)cn2)=N1,1,central,6421
pretrain,train,CC(C)(C)[C@H]1COC(c2ccc(F)cn2)=N1,1,central,6427
pretrain,train,CC(C)(C)[C@H]1COC(c2ccc3c(n2)CCCC3)=N1,1,central,6546
pretrain,train,CC(C)(C)[C@H]1COC(c2ccc3ccc4ccccc4c3n2)=N1,1,central,6552
pretrain,train,CC(C)(C)[C@H]1COC(c2ccc3ccccc3n2)=N1,1,central,6473
pretrain,train,CC(C)(C)[C@H]1COC(c2ccc3cccnc3n2)=N1,1,central,6521
pretrain,train,CC(C)(C)[C@H]1COC(c2cccc(-c3cccc(C4=N[C@@H](C(C)(C)C)CO4)n3)n2)=N1,1,central,6819
pretrain,train,CC(C)(C)[C@H]1COC(c2cccc(-c3ccccc3)n2)=N1,1,central,6443
pretrain,train,CC(C)(C)[C@H]1COC(c2cccc(-c3ccccn3)n2)=N1,1,central,6533
pretrain,train,CC(C)(C)[C@H]1COC(c2cccc(C(c3ccccc3)c3ccccc3)n2)=N1,1,central,6457
pretrain,train,CC(C)(C)[C@H]1COC(c2cccc(C3=N[C@@H](C(C)(C)C)CO3)c2)=N1,1,central,6798
pretrain,train,CC(C)(C)[C@H]1COC(c2cccc(C3=N[C@@H](C(C)(C)C)CO3)n2)=N1,1,central,6845
pretrain,train,CC(C)(C)[C@H]1COC(c2cccc(Cc3ccccc3)n2)=N1,1,central,6544
pretrain,train,CC(C)(C)[C@H]1COC(c2cccc3c2oc2c(C4=N[C@@H](C(C)(C)C)CO4)cccc23)=N1,1,central,6789
pretrain,train,CC(C)(C)[C@H]1COC(c2cccc3cccnc23)=N1,1,central,6497
pretrain,train,CC(C)(C)[C@H]1COC(c2ccccc2NS(=O)(=O)Cc2ccccc2)=N1,1,central,6878
pretrain,train,CC(C)(C)[C@H]1COC(c2ccccc2O)=N1,1,central,6884
pretrain,train,CC(C)(C)[C@H]1COC(c2ccccc2P(c2cc(C(F)(F)F)cc(C(F)(F)F)c2)c2cc(C(F)(F)F)cc(C(F)(F)F)c2)=N1,1,central,6868
pretrain,train,CC(C)(C)[C@H]1COC(c2ccccc2P(c2ccccc2)c2ccccc2C2=N[C@@H](C(C)(C)C)CO2)=N1,1,central,6822
pretrain,train,CC(C)(C)[C@H]1COC(c2ccccn2)=N1,1,central,6360
pretrain,train,CC(C)(C)[C@H]1COC(c2cnccn2)=N1,1,central,6514
pretrain,train,CC(C)(C)[C@H]1COC(c2nccc3ccccc23)=N1,1,central,6487
pretrain,train,CC(C)(C)[C@H]1COC(c2ncccn2)=N1,1,central,6505
pretrain,train,CC(C)(C)[C@H]1OC(=O)CN1C(=O)c1ccc2ccccc2c1,1,central,5272
pretrain,train,CC(C)(C)[C@H]1OC(=O)CN1C(=O)c1cccc2ccccc12,1,central,5290
pretrain,train,CC(C)(C)[C@H]1OC=CC(=O)O1,1,central,2368
pretrain,train,CC(C)(C)[C@]1(c2ccccc2)SCC[S@@]1=O,1,central,783
pretrain,train,CC(C)(C)[C@]1(c2ccccc2)SCC[S@]1=O,1,central,784
pretrain,train,CC(C)(C)[P@@]1COc2cccc(-c3c4c(cc5c3OCC5)CCO4)c21,1,central,-1
pretrain,train,CC(C)(C)[P@@]1COc2cccc(-c3c4ccccc4cc4ccccc34)c21,1,central,-1
pretrain,train,CC(C)(C)[P@@]1COc2cccc(-c3cccc4c3[P@@](C(C)(C)C)CO4)c21,1,central,-1
pretrain,train,CC(C)(C)[P@@]1COc2cccc(-n3c(-c4ccccc4)ccc3-c3ccccc3)c21,1,central,-1
pretrain,train,CC(C)(C)[P@@]1c2c(cccc2-c2c3ccccc3cc3ccccc23)O[C@H]1c1ccccn1,1,central,-1
pretrain,train,CC(C)(C)[P@@]1c2c(cccc2-c2ccccc2)O[C@H]1[C@@H]1Oc2cccc(-c3ccccc3)c2[P@]1C(C)(C)C,1,central,-1
pretrain,train,CC(C)(C)[P@]1COc2cccc(-c3c(Oc4ccccc4)cccc3Oc3ccccc3)c21,1,central,-1
pretrain,train,CC(C)(C)[P@]1COc2cccc(-c3c4c(cc5c3OCC5)CCO4)c21,1,central,-1
pretrain,train,CC(C)(C)[P@]1COc2cccc(-c3c4ccccc4cc4ccccc34)c21,1,central,-1
pretrain,train,CC(C)(C)[P@]1COc2cccc(-c3cccc4c3[P@](C(C)(C)C)CO4)c21,1,central,-1
pretrain,train,CC(C)(C)[P@]1COc2cccc(-n3c(-c4ccccc4)ccc3-c3ccccc3)c21,1,central,-1
pretrain,train,CC(C)(C)[P@]1c2c(cccc2-c2c3ccccc3cc3ccccc23)O[C@@H]1c1ccccn1,1,central,-1
pretrain,train,CC(C)(C)[P@]1c2c(cccc2-c2ccccc2)O[C@@H]1[C@H]1Oc2cccc(-c3ccccc3)c2[P@@]1C(C)(C)C,1,central,-1
pretrain,train,CC(C)(C)[P@]1c2ccccc2O[C@@H]1[C@@H]1Oc2ccccc2[P@]1C(C)(C)C,1,central,-1
pretrain,train,CC(C)(C)[P@]1c2ccccc2O[C@@H]1[C@H]1Oc2ccccc2[P@@]1C(C)(C)C,1,central,-1
pretrain,train,CC(C)(C)[S@@](=O)N[C@@H]1CCCC[C@H]1NC(=O)Nc1cc(C(F)(F)F)cc(C(F)(F)F)c1,1,central,-1
pretrain,train,CC(C)(C)[S@@](=O)c1ccccc1,1,central,4156
pretrain,train,CC(C)(C)[Si](C)(C)OC(c1cc(C(F)(F)F)cc(C(F)(F)F)c1)(c1cc(C(F)(F)F)cc(C(F)(F)F)c1)[C@@H]1CCCN1,1,central,5939
pretrain,train,CC(C)(C)[Si](C)(C)OC(c1cc(C(F)(F)F)cc(C(F)(F)F)c1)(c1cc(C(F)(F)F)cc(C(F)(F)F)c1)[C@H]1CCCN1,1,central,5953
pretrain,train,CC(C)(C)[Si](C)(C)OC(c1ccccc1)(c1ccccc1)[C@@H]1CCCN1,1,central,5970
pretrain,train,CC(C)(C)[Si](C)(C)OC(c1ccccc1)(c1ccccc1)[C@H]1CCCN1,1,central,5958
pretrain,train,CC(C)(C)[Si](C)(C)O[C@H](CC(=O)OCc1ccccc1)c1ccco1,1,central,2612
pretrain,train,CC(C)(C)[Si](C)(C)O[C@H]1C=CC(=O)C1,1,central,5265
pretrain,train,CC(C)(C)[Si](C)(C)O[C@H]1CCn2ccnc21,1,central,6134
pretrain,train,CC(C)(C)[Si](OC[C@@H]1CCCN1)(c1ccccc1)c1ccccc1,1,central,5964
pretrain,train,CC(C)(C)[Si](O[C@H]1C=CC(=O)C1)(c1ccccc1)c1ccccc1,1,central,5268
pretrain,train,CC(C)(C)c1cc(-c2cc3ccccc3c3c2C[N+]2(Cc4ccc5ccccc5c4-c4c(ccc5ccccc45)C2)Cc2c(-c4cc(C(C)(C)C)cc(C(C)(C)C)c4)cc4ccccc4c2-3)cc(C(C)(C)C)c1.[Br-],2,axial,-1
pretrain,train,CC(C)(C)c1cc(-c2cc3ccccc3c3c2OP(=O)(O)Oc2c(-c4cc(C(C)(C)C)cc(C(C)(C)C)c4)cc4ccccc4c2-3)cc(C(C)(C)C)c1,2,axial,5892
pretrain,train,CC(C)(C)c1cc(-c2ccccc2[C@@H](CP(c2ccccc2)c2ccccc2)NS(=O)C(C)(C)C)cc(C(C)(C)C)c1,1,central,5773
pretrain,train,CC(C)(C)c1cc(/C=N\[C@H]2CCCC[C@@H]2/N=C/c2cc(C(C)(C)C)cc(C(C)(C)C)c2O)c(O)c(C(C)(C)C)c1,1,central,6255
pretrain,train,CC(C)(C)c1cc(C(C)(C)C)c(P=C=Cc2ccccc2)c(C(C)(C)C)c1,2,axial,1065
pretrain,train,CC(C)(C)c1cc(C(C)(C)C)c(P=C=Pc2c(C(C)(C)C)cc(C(C)(C)C)cc2C(C)(C)C)c(C(C)(C)C)c1,2,axial,1098
pretrain,train,CC(C)(C)c1cc(C(C)(C)C)c([Se](=O)c2ccccc2)c(C(C)(C)C)c1,1,central,5160
pretrain,train,CC(C)(C)c1cc(C(C)(C)C)c2c(ccc3cc(OCc4ccccc4)cc(OCc4ccccc4)c32)c1,3,helical,5528
pretrain,train,CC(C)(C)c1cc(C=N[C@@H]2CCCC[C@H]2N=Cc2cc(C(C)(C)C)cc(C(C)(C)C)c2O)c(O)c(C(C)(C)C)c1,1,central,-1
pretrain,train,CC(C)(C)c1cc(P(c2cc(C(C)(C)C)cc(C(C)(C)C)c2)c2cccc3c2[C@@]2(CCc4cccc(C5=NCCO5)c42)CC3)cc(C(C)(C)C)c1,2,axial,6876
pretrain,train,CC(C)(C)c1cc(P(c2cc(C(C)(C)C)cc(C(C)(C)C)c2)c2cccc3c2[C@@]2(CCc4cccc(C5=N[C@@H](Cc6ccccc6)CO5)c42)CC3)cc(C(C)(C)C)c1,2,axial,6875
pretrain,train,CC(C)(C)c1cc([C@H](N)CO)cc(C(C)(C)C)c1,1,central,6279
pretrain,train,CC(C)(C)c1cc2c(OCc3ccccn3)c(c1)Cc1cc(C(C)(C)C)cc(c1OCc1ccc3ccccc3n1)Cc1cc(C(C)(C)C)cc(c1OCc1ccc3ccccc3n1)Cc1cc(C(C)(C)C)cc(c1OCc1ccccn1)C2,3,helical,5506
pretrain,train,CC(C)(C)c1ccc(-c2cc3c(c4c2OP(=O)(O)Oc2c(-c5ccc(C(C)(C)C)cc5)cc5c(c2-4)CCCC5)CCCC3)cc1,2,axial,5914
pretrain,train,CC(C)(C)c1ccc(-c2cc3ccccc3c(-c3c(O)c(-c4ccc(C(C)(C)C)cc4)cc4ccccc34)c2O)cc1,2,axial,6332
pretrain,train,CC(C)(C)c1ccc(-c2cc3ccccc3c3c2OP(=O)(NS(=O)(=O)C(F)(F)F)Oc2c(-c4ccc(C(C)(C)C)cc4)cc4ccccc4c2-3)cc1,2,axial,6102
pretrain,train,CC(C)(C)c1ccc(-c2cc3ccccc3c3c2OP(=O)(O)Oc2c(-c4ccc(C(C)(C)C)cc4)cc4ccccc4c2-3)cc1,2,axial,5887
pretrain,train,CC(C)(C)c1ccc(CC(C2=N[C@@H](C(C)(C)C)CO2)C2=N[C@@H](C(C)(C)C)CO2)cc1,1,central,6834
pretrain,train,CC(C)(C)c1ccc(CC(Cc2ccc(C(C)(C)C)cc2)(C2=N[C@@H](Cc3ccccc3)CO2)C2=N[C@@H](Cc3ccccc3)CO2)cc1,1,central,6742
pretrain,train,CC(C)(C)c1ccc(CC(Cc2ccc(C(C)(C)C)cc2)(C2=N[C@@H](c3ccccc3)CO2)C2=N[C@@H](c3ccccc3)CO2)cc1,1,central,6740
pretrain,train,CC(C)(C)c1ccc(CC(Cc2ccc(C(C)(C)C)cc2)(C2=N[C@@H](c3ccccc3)[C@@H](c3ccccc3)O2)C2=N[C@@H](c3ccccc3)[C@@H](c3ccccc3)O2)cc1,1,central,6745
pretrain,train,CC(C)(C)c1ccc(CC(Cc2ccc(C(C)(C)C)cc2)(C2=N[C@@H]3c4ccccc4C[C@@H]3O2)C2=N[C@@H]3c4ccccc4C[C@@H]3O2)cc1,2,axial,6743
pretrain,train,CC(C)(C)c1ccc(CC(Cc2ccc(C(C)(C)C)cc2)(C2=N[C@H](Cc3ccccc3)CO2)C2=N[C@H](Cc3ccccc3)CO2)cc1,1,central,6741
pretrain,train,CC(C)(C)c1ccc(CC(Cc2ccc(C(C)(C)C)cc2)(C2=N[C@H](c3ccccc3)CO2)C2=N[C@H](c3ccccc3)CO2)cc1,1,central,6739
pretrain,train,CC(C)(C)c1ccc(CC(Cc2ccc(C(C)(C)C)cc2)(C2=N[C@H](c3ccccc3)[C@H](c3ccccc3)O2)C2=N[C@H](c3ccccc3)[C@H](c3ccccc3)O2)cc1,1,central,6744
pretrain,train,CC(C)(C)c1ccc(O)c(C=N[C@@H]2CCCC[C@H]2N=Cc2cc(C(C)(C)C)ccc2O)c1,1,central,-1
pretrain,train,CC(C)(C)c1ccc(O)c(C=N[C@H]2CCCC[C@@H]2N=Cc2cc(C(C)(C)C)ccc2O)c1,1,central,-1
pretrain,train,CC(C)(C)c1ccc(S(=O)c2ccccc2C2=N[C@H](c3ccccc3)CO2)cc1,1,central,-1
pretrain,train,CC(C)(C)c1ccc([C@@H](NS(=O)C(C)(C)C)c2cccc3c2Oc2c(P(c4ccccc4)c4ccccc4)cccc2C3(C)C)cc1,1,central,-1
pretrain,train,CC(C)(C)c1ccc([C@@H](O)CCCN2CCC(C(O)(c3ccccc3)c3ccccc3)CC2)cc1,1,central,1551
pretrain,train,CC(C)(C)c1ccc([C@H](NS(=O)C(C)(C)C)c2cccc3c2Oc2c(P(c4ccccc4)c4ccccc4)cccc2C3(C)C)cc1,1,central,-1
pretrain,train,CC(C)(C)c1ccc([S@](=O)c2ccccc2C2=N[C@@H](c3ccccc3)CO2)cc1,1,central,6551
pretrain,train,CC(C)(C)c1ccc2[nH]c([S@@](=O)Cc3ccccn3)nc2c1,1,central,2633
pretrain,train,CC(C)(C)c1csc(=S)n1-c1cccc(C(F)(F)F)c1,2,axial,1150
pretrain,train,CC(C)(C)c1csc(=S)n1-c1cccc(Cl)c1,2,axial,1147
pretrain,train,CC(C)(C1=N[C@@H](C(C)(C)C)CO1)C1=N[C@@H](C(C)(C)C)CO1,1,central,6696
pretrain,train,CC(C)(C1=N[C@@H](Cc2ccccc2)CO1)C1=N[C@@H](Cc2ccccc2)CO1,1,central,6701
pretrain,train,CC(C)(C1=N[C@@H](c2ccccc2)CO1)C1=N[C@@H](c2ccccc2)CO1,1,central,6699
pretrain,train,CC(C)(C1=N[C@@H](c2ccccc2)[C@@H](c2ccccc2)O1)C1=N[C@@H](c2ccccc2)[C@@H](c2ccccc2)O1,1,central,6705
pretrain,train,CC(C)(C1=N[C@@H]2c3ccccc3C[C@@H]2O1)C1=N[C@@H]2c3ccccc3C[C@@H]2O1,2,axial,6702
pretrain,train,CC(C)(C1=N[C@H](C(C)(C)C)CO1)C1=N[C@H](C(C)(C)C)CO1,1,central,6695
pretrain,train,CC(C)(C1=N[C@H](Cc2ccccc2)CO1)C1=N[C@H](Cc2ccccc2)CO1,1,central,6700
pretrain,train,CC(C)(C1=N[C@H](c2ccccc2)CO1)C1=N[C@H](c2ccccc2)CO1,1,central,6698
pretrain,train,CC(C)(C1=N[C@H](c2ccccc2)[C@@H](c2ccccc2)O1)C1=N[C@H](c2ccccc2)[C@@H](c2ccccc2)O1,1,central,6706
pretrain,train,CC(C)(C1=N[C@H](c2ccccc2)[C@H](c2ccccc2)O1)C1=N[C@H](c2ccccc2)[C@H](c2ccccc2)O1,1,central,6704
pretrain,train,CC(C)(C1=N[C@H]2c3ccccc3C[C@H]2O1)C1=N[C@H]2c3ccccc3C[C@H]2O1,2,axial,6703
pretrain,train,CC(C)(CCc1cccnc1)[C@H]1OC[C@@H](C/C=C\CCC(=O)O)[C@@H](c2ccccc2O)O1,1,central,910
pretrain,train,CC(C)(CO)[C@@H](O)/C=C/c1ccccc1,1,central,2060
pretrain,train,CC(C)(CO)[C@@H](O)C(=O)NCCC(=O)O,1,central,2067
pretrain,train,CC(C)(CO)[C@@H](O)C(=O)NCCC(=O)[O-].[Ca+2],1,central,-1
pretrain,train,CC(C)(CO)[C@@H](O)C(=O)O,1,central,2066
pretrain,train,CC(C)(CO)[C@@H](O)c1ccccc1,1,central,2062
pretrain,train,CC(C)(CO)[C@H](O)CCc1ccccc1,1,central,2059
pretrain,train,CC(C)(COC(=O)c1cc([N+](=O)[O-])cc([N+](=O)[O-])c1)[C@@H](OC(=O)c1cc([N+](=O)[O-])cc([N+](=O)[O-])c1)C(=O)NCCCOC(=O)c1cc([N+](=O)[O-])cc([N+](=O)[O-])c1,1,central,4764
pretrain,train,CC(C)(Cc1cccnc1)C1OC[C@H](C/C=C\CCC(=O)O)[C@H](c2ccccc2O)O1,1,central,904
pretrain,train,CC(C)(O)C[C@H](CO)Cc1ccc2c(c1)OCO2,1,central,3464
pretrain,train,CC(C)(O)[C@@H]1CC=C(CCO)[C@H](O)C1,1,central,227
pretrain,train,CC(C)(O)[C@@H]1CCCN1,1,central,5966
pretrain,train,CC(C)(O)[C@H](NC(=O)c1cc([N+](=O)[O-])cc([N+](=O)[O-])c1)c1ccccc1,1,central,4592
pretrain,train,CC(C)(O)[C@H]1CC=C(CCO)[C@H](O)C1,1,central,226
pretrain,train,CC(C)(Oc1ccc([C@H](O)c2ccc(Cl)cc2)cc1)C(=O)O,1,central,5212
pretrain,train,CC(C)(Oc1ccc([C@H]2CC2(Cl)Cl)cc1)C(=O)O,1,central,3918
pretrain,train,CC(C)(Oc1ccccc1)[C@H]1OC[C@@H](C/C=C\CCC(=O)Nc2cccc3ccccc23)[C@@H](c2ccccc2O)O1,1,central,913
pretrain,train,CC(C)(Oc1ccccc1)[C@H]1OC[C@@H](C/C=C\CCC(=O)O)[C@@H](c2ccccc2O)O1,1,central,912
pretrain,train,CC(C)(c1cccnc1)C1OC[C@H](C/C=C\CCC(=O)O)[C@H](c2ccccc2O)O1,1,central,906
pretrain,train,CC(C)=CC1C(C(=O)OCN2C(=O)C3=C(CCCC3)C2=O)C1(C)C,1,central,29
pretrain,train,CC(C)=CCC[C@@H](C(=O)Nc1cc([N+](=O)[O-])cc([N+](=O)[O-])c1)c1ccccc1,1,central,1417
pretrain,train,CC(C)=CCC[C@@]1(C)O[C@H]1COC(=O)c1ccccc1,1,central,495
pretrain,train,CC(C)=CCC[C@](C)(O)C1CC=C(C)CC1,1,central,3924
pretrain,train,CC(C)=CCC[C@]1(C)O[C@H]1COC(=O)c1ccccc1,1,central,326
pretrain,train,CC(C)=CCN1CC[C@]2(C)c3cc(O)ccc3CC1[C@H]2C,1,central,5567
pretrain,train,CC(C)=C[C@@H]1[C@@H](C(=O)Nc2cc([N+](=O)[O-])cc([N+](=O)[O-])c2)C1(C)C,1,central,25
pretrain,train,CC(C)=C[C@@H]1[C@@H](C(=O)OCN2C(=O)C3=C(CCCC3)C2=O)C1(C)C,1,central,142
pretrain,train,CC(C)=C[C@@H]1[C@@H](C(=O)OCc2cccc(Oc3ccccc3)c2)C1(C)C,1,central,144
pretrain,train,CC(C)=C[C@@H]1[C@H](C(=O)Nc2cc(Cl)cc(Cl)c2)C1(C)C,1,central,28
pretrain,train,CC(C)=C[C@H]1[C@@H](C(=O)Nc2cc([N+](=O)[O-])cc([N+](=O)[O-])c2)C1(C)C,1,central,26
pretrain,train,CC(C)=C[C@H]1[C@@H](C(=O)OCN2C(=O)C3=C(CCCC3)C2=O)C1(C)C,1,central,141
pretrain,train,CC(C)=C[C@H]1[C@@H](C(=O)OCc2cccc(Oc3ccccc3)c2)C1(C)C,1,central,143
pretrain,train,CC(C)=C[C@H]1[C@@H](C(=O)OCc2coc(Cc3ccccc3)c2)C1(C)C,1,central,238
pretrain,train,CC(C)=C[C@H]1[C@H](C(=O)Nc2cc(Cl)cc(Cl)c2)C1(C)C,1,central,27
pretrain,train,CC(C)=C[C@H]1[C@H](C(=O)OCc2coc(Cc3ccccc3)c2)C1(C)C,1,central,237
pretrain,train,CC(C)C(/C=C/[C@@H]1C[C@@H](O)CC(=O)O1)=C(c1ccc(F)cc1)c1ccc(F)cc1,1,central,202
pretrain,train,CC(C)C(=O)N[C@@H](C)c1cccc2ccccc12,1,central,1409
pretrain,train,CC(C)C(=O)N[C@@H](C)c1ccccc1,1,central,1597
pretrain,train,CC(C)C(=O)O[C@@H]1N=C(c2ccccc2)c2cc(Cl)ccc2NC1=O,1,central,3698
pretrain,train,CC(C)C(=O)[C@@H](C)[C@@H](O)c1cccc2ccccc12,1,central,668
pretrain,train,CC(C)C(=O)[C@@H](C)[C@H](O)c1cccc2ccccc12,1,central,669
pretrain,train,CC(C)C1=C[C@H](C)c2ccccc21,1,central,5402
pretrain,train,CC(C)CC(=O)O[C@H]1N=C(c2ccccc2)c2cc(Cl)ccc2NC1=O,1,central,3697
pretrain,train,CC(C)CC(N)C(=O)NC(CC(C)C)C(=O)O,1,central,114
pretrain,train,CC(C)CCC[C@H](C)NC(=O)c1cc([N+](=O)[O-])cc([N+](=O)[O-])c1,1,central,2565
pretrain,train,CC(C)CCC[C@H](C)NC(=O)c1ccc2ccccc2c1,1,central,4538
pretrain,train,CC(C)CCC[C@H](C)NC(=O)c1ccccc1,1,central,5414
pretrain,train,CC(C)CCOC(=O)[C@H](O)c1ccccc1,1,central,5463
pretrain,train,CC(C)CCO[C@@H](C(=O)O)c1ccccc1,1,central,2590
pretrain,train,CC(C)CCO[C@H]1N=C(c2ccccc2)c2cc(Cl)ccc2NC1=O,1,central,3705
pretrain,train,CC(C)CC[C@@H](C)NC(=O)c1ccc2ccccc2c1,1,central,4539
pretrain,train,CC(C)CC[C@@H](N)C(=O)O,1,central,4201
pretrain,train,CC(C)CC[C@H](C)NC(=O)c1ccccc1,1,central,5281
pretrain,train,CC(C)CN(C(=O)C(F)(F)F)[C@@H]1CCS(=O)(=O)c2sccc21,1,central,2183
pretrain,train,CC(C)CN(CC(C)C)C[C@@H](Cn1cnc2c1c(=O)n(C)c(=O)n2C)OC(=O)c1ccccc1,1,central,3910
pretrain,train,CC(C)CNC[C@H](O)c1cc2ccccc2o1,1,central,2489
pretrain,train,CC(C)CN[C@@H]1CCS(=O)(=O)c2sc(S(N)(=O)=O)cc21,1,central,3074
pretrain,train,CC(C)COC(=O)[C@H]1O[C@@H]1COC(=O)Nc1cccc2ccccc12,1,central,87
pretrain,train,CC(C)COC[C@H](CN(Cc1ccccc1)c1ccccc1)N1CCCC1,1,central,2863
pretrain,train,CC(C)C[C@@H](C)OC(=O)Nc1cccc2ccccc12,1,central,5340
pretrain,train,CC(C)C[C@@H](CC[C@H](C)OC(=O)Nc1cc([N+](=O)[O-])cc([N+](=O)[O-])c1)OC(=O)Nc1cc([N+](=O)[O-])cc([N+](=O)[O-])c1,1,central,339
pretrain,train,CC(C)C[C@@H](COC(=O)c1cc([N+](=O)[O-])cc([N+](=O)[O-])c1)NC(=O)c1cc([N+](=O)[O-])cc([N+](=O)[O-])c1,1,central,1896
pretrain,train,CC(C)C[C@@H](N)C(=O)NC(Cc1ccccc1)C(=O)O,1,central,122
pretrain,train,CC(C)C[C@@H](N)C(=O)NCC(=O)NCC(=O)O,1,central,2245
pretrain,train,CC(C)C[C@@H](NC(=O)OC(C)(C)C)C(=O)O,1,central,1715
pretrain,train,CC(C)C[C@@H](NC(=O)OCC1c2ccccc2-c2ccccc21)C(=O)Nc1ccccc1,1,central,4229
pretrain,train,CC(C)C[C@@H](NC(=O)OCc1ccccc1)C(=O)Nc1ccccc1,1,central,4215
pretrain,train,CC(C)C[C@@H](NC(=O)OCc1ccccc1)P(=O)(Oc1ccccc1)Oc1ccccc1,1,central,2233
pretrain,train,CC(C)C[C@@H](NC(=O)[C@@H](N)Cc1c[nH]c2ccccc12)C(=O)O,1,central,435
pretrain,train,CC(C)C[C@@H](NC(=O)[C@@H](N)Cc1ccc(O)cc1)C(=O)O,1,central,439
pretrain,train,CC(C)C[C@@H](NC(=O)[C@H](N)Cc1c[nH]c2ccccc12)C(=O)O,1,central,434
pretrain,train,CC(C)C[C@@H](NC(=O)[C@H](N)Cc1ccc(O)cc1)C(=O)O,1,central,438
pretrain,train,CC(C)C[C@@H](NC(=O)[C@H](N)Cc1ccccc1)C(=O)O,1,central,441
pretrain,train,CC(C)C[C@@H](NC(=O)c1cc([N+](=O)[O-])cc([N+](=O)[O-])c1)C(=O)NC(C)(C)C,1,central,1375
pretrain,train,CC(C)C[C@@H](NC(=O)c1cc([N+](=O)[O-])cc([N+](=O)[O-])c1)C(=O)NCCCCCCCCCCC(N)=O,1,central,1532
pretrain,train,CC(C)C[C@@H](NC(=O)c1cc([N+](=O)[O-])cc([N+](=O)[O-])c1)C(=O)NCCCCCCCCCCNC(=O)[C@@H](CC(C)C)NC(=O)c1cc([N+](=O)[O-])cc([N+](=O)[O-])c1,1,central,523
pretrain,train,CC(C)C[C@@H](NC(=O)c1cc([N+](=O)[O-])cc([N+](=O)[O-])c1)C(=O)NCCCCCCNC(=O)[C@@H](CC(C)C)NC(=O)c1cc([N+](=O)[O-])cc([N+](=O)[O-])c1,1,central,519
pretrain,train,CC(C)C[C@@H](NC(=O)c1cc([N+](=O)[O-])cc([N+](=O)[O-])c1)C(=O)NCCCCCNC(=O)[C@@H](CC(C)C)NC(=O)c1cc([N+](=O)[O-])cc([N+](=O)[O-])c1,1,central,518
pretrain,train,CC(C)C[C@@H](NC(=O)c1cc([N+](=O)[O-])cc([N+](=O)[O-])c1)C(=O)NCCCNC(=O)[C@@H](CC(C)C)NC(=O)c1cc([N+](=O)[O-])cc([N+](=O)[O-])c1,1,central,516
pretrain,train,CC(C)C[C@@H](NC(=O)c1cc([N+](=O)[O-])cc([N+](=O)[O-])c1)C(=O)NCCNC(=O)[C@@H](CC(C)C)NC(=O)c1cc([N+](=O)[O-])cc([N+](=O)[O-])c1,1,central,515
pretrain,train,CC(C)C[C@@H](NC(=O)c1cc([N+](=O)[O-])cc([N+](=O)[O-])c1)C(=O)NCc1ccccc1,1,central,2982
pretrain,train,CC(C)C[C@@H](NC(=O)c1cc([N+](=O)[O-])cc([N+](=O)[O-])c1)C(=O)N[C@@H](C)C(=O)NC1CCCCC1,1,central,316
pretrain,train,CC(C)C[C@@H](NC(=O)c1cc([N+](=O)[O-])cc([N+](=O)[O-])c1)C(=O)N[C@@H](C)C(=O)Nc1ccc2ccccc2c1,1,central,314
pretrain,train,CC(C)C[C@@H](NC(=O)c1cc([N+](=O)[O-])cc([N+](=O)[O-])c1)C(=O)N[C@@H](C)C(=O)Nc1ccccc1,1,central,320
pretrain,train,CC(C)C[C@@H](NC(=O)c1cc([N+](=O)[O-])cc([N+](=O)[O-])c1)C(=O)N[C@@H](C)c1ccccc1,1,central,475
pretrain,train,CC(C)C[C@@H](NC(=O)c1cc([N+](=O)[O-])cc([N+](=O)[O-])c1)C(=O)N[C@@H](c1ccccc1)C(C)C,1,central,477
pretrain,train,CC(C)C[C@@H](NC(=O)c1cc([N+](=O)[O-])cc([N+](=O)[O-])c1)C(=O)N[C@H](C)C(=O)NC1CCCCC1,1,central,317
pretrain,train,CC(C)C[C@@H](NC(=O)c1cc([N+](=O)[O-])cc([N+](=O)[O-])c1)C(=O)N[C@H](C)C(=O)Nc1ccc2ccccc2c1,1,central,315
pretrain,train,CC(C)C[C@@H](NC(=O)c1cc([N+](=O)[O-])cc([N+](=O)[O-])c1)C(=O)N[C@H](C)C(=O)Nc1ccccc1,1,central,321
pretrain,train,CC(C)C[C@@H](NC(=O)c1cc([N+](=O)[O-])cc([N+](=O)[O-])c1)C(=O)N[C@H](C)c1ccccc1,1,central,476
pretrain,train,CC(C)C[C@@H](NC(=O)c1cc([N+](=O)[O-])cc([N+](=O)[O-])c1)C(=O)N[C@H](CC(C)C)C(=O)Nc1ccccc1,1,central,319
pretrain,train,CC(C)C[C@@H](NC(=O)c1cc([N+](=O)[O-])cc([N+](=O)[O-])c1)C(=O)O,1,central,2529
pretrain,train,CC(C)C[C@@H](NC(=O)c1cc([N+](=O)[O-])cc([N+](=O)[O-])c1)C(=O)OC(C)C,1,central,2438
pretrain,train,CC(C)C[C@@H](NC(=O)c1ccc([N+](=O)[O-])cc1)C(=O)OC(C)C,1,central,3936
pretrain,train,CC(C)C[C@@H](NC(=O)c1ccccc1)C(=O)O,1,central,1988
pretrain,train,CC(C)C[C@@H](NC(=O)n1c2ccccc2c2ccccc21)C(=O)O,1,central,3414
pretrain,train,CC(C)C[C@@H](NS(=O)(=O)c1cccc2c(N(C)C)cccc12)C(=O)O,1,central,1711
pretrain,train,CC(C)C[C@@H]1COC(C2=N[C@H](CC(C)C)CO2)=N1,1,central,6666
pretrain,train,CC(C)C[C@@H]1COC(c2cccc(C3=N[C@H](CC(C)C)CO3)c2)=N1,1,central,6800
pretrain,train,CC(C)C[C@@H]1COC(c2cccc(C3=N[C@H](CC(C)C)CO3)n2)=N1,1,central,6847
pretrain,train,CC(C)C[C@@H]1COC(c2ccccc2P(c2ccccc2)c2ccccc2)=N1,1,central,6559
pretrain,train,CC(C)C[C@@H]1COC(c2ccccn2)=N1,1,central,6365
pretrain,train,CC(C)C[C@@H]1NC(=O)CNC1=O,1,central,2648
pretrain,train,CC(C)C[C@@H]1NC(=S)N(C)C1=O,1,central,1757
pretrain,train,CC(C)C[C@@H]1NC(=S)N(c2ccccc2)C1=O,1,central,1749
pretrain,train,CC(C)C[C@@H]1Nc2cc(Cl)c(S(N)(=O)=O)cc2S(=O)(=O)N1,1,central,1459
pretrain,train,CC(C)C[C@@H]1c2ccccc2CCN1C(=O)c1cccc2ccccc12,1,central,4132
pretrain,train,CC(C)C[C@@](C)(N)C(=O)O,1,central,2151
pretrain,train,CC(C)C[C@H](C)NC(=O)c1cc([N+](=O)[O-])cc([N+](=O)[O-])c1,1,central,2567
pretrain,train,CC(C)C[C@H](C)NC(=O)c1ccc2ccccc2c1,1,central,4540
pretrain,train,CC(C)C[C@H](C)NC(=O)c1cccc2ccccc12,1,central,3519
pretrain,train,CC(C)C[C@H](C)NC(=O)c1ccccc1,1,central,5415
pretrain,train,CC(C)C[C@H](C)OC(=O)Nc1cc([N+](=O)[O-])cc([N+](=O)[O-])c1,1,central,1635
pretrain,train,CC(C)C[C@H](C)OC(=O)Nc1ccc2ccccc2c1,1,central,5310
pretrain,train,CC(C)C[C@H](CC[C@H](C)OC(=O)Nc1cc([N+](=O)[O-])cc([N+](=O)[O-])c1)OC(=O)Nc1cc([N+](=O)[O-])cc([N+](=O)[O-])c1,1,central,340
pretrain,train,CC(C)C[C@H](CO)NC(=O)c1cc([N+](=O)[O-])cc([N+](=O)[O-])c1,1,central,2709
pretrain,train,CC(C)C[C@H](COC(=O)Nc1cc([N+](=O)[O-])cc([N+](=O)[O-])c1)OC(=O)Nc1cc([N+](=O)[O-])cc([N+](=O)[O-])c1,1,central,4328
pretrain,train,CC(C)C[C@H](N)C(=O)N[C@@H](Cc1c[nH]c2ccccc12)C(=O)O,1,central,436
pretrain,train,CC(C)C[C@H](N)C(=O)N[C@@H](Cc1ccc(O)cc1)C(=O)O,1,central,112
pretrain,train,CC(C)C[C@H](N)C(=O)N[C@@H](Cc1ccccc1)C(=O)O,1,central,113
pretrain,train,CC(C)C[C@H](N)C(=O)N[C@H](Cc1c[nH]c2ccccc12)C(=O)O,1,central,437
pretrain,train,CC(C)C[C@H](N)C(=O)N[C@H](Cc1ccc(O)cc1)C(=O)O,1,central,440
pretrain,train,CC(C)C[C@H](N)C(=O)N[C@H](Cc1ccccc1)C(=O)O,1,central,443
pretrain,train,CC(C)C[C@H](N)C(=O)O,1,central,1474
pretrain,train,CC(C)C[C@H](NC(=O)C(F)(F)F)C(=O)OC(C)C,1,central,1616
pretrain,train,CC(C)C[C@H](NC(=O)CN)C(=O)O,1,central,2142
pretrain,train,CC(C)C[C@H](NC(=O)OC(C)(C)C)C(=O)Nc1ccccc1,1,central,4222
pretrain,train,CC(C)C[C@H](NC(=O)OCC1c2ccccc2-c2ccccc21)C(=O)O,1,central,4072
pretrain,train,CC(C)C[C@H](NC(=O)OCc1ccccc1)C(=O)O,1,central,1721
pretrain,train,CC(C)C[C@H](NC(=O)OCc1ccccc1)C(=O)OCc1ccccc1,1,central,4798
pretrain,train,CC(C)C[C@H](NC(=O)Oc1ccccc1)C(=O)O,1,central,4017
pretrain,train,CC(C)C[C@H](NC(=O)[C@@H](CC(C)C)NC(=O)c1cc([N+](=O)[O-])cc([N+](=O)[O-])c1)C(=O)Nc1ccccc1,1,central,318
pretrain,train,CC(C)C[C@H](NC(=O)[C@H](N)Cc1ccccc1)C(=O)O,1,central,442
pretrain,train,CC(C)C[C@H](NC(=O)c1cc([N+](=O)[O-])cc([N+](=O)[O-])c1)C(=O)NC12CC3CC(CC(C3)C1)C2,1,central,1374
pretrain,train,CC(C)C[C@H](NC(=O)c1cc([N+](=O)[O-])cc([N+](=O)[O-])c1)C(=O)NCCCCCCCCCCCCNC(=O)[C@H](CC(C)C)NC(=O)c1cc([N+](=O)[O-])cc([N+](=O)[O-])c1,1,central,524
pretrain,train,CC(C)C[C@H](NC(=O)c1cc([N+](=O)[O-])cc([N+](=O)[O-])c1)C(=O)NCCCCCCCCCNC(=O)[C@H](CC(C)C)NC(=O)c1cc([N+](=O)[O-])cc([N+](=O)[O-])c1,1,central,522
pretrain,train,CC(C)C[C@H](NC(=O)c1cc([N+](=O)[O-])cc([N+](=O)[O-])c1)C(=O)NCCCCCCCCNC(=O)[C@H](CC(C)C)NC(=O)c1cc([N+](=O)[O-])cc([N+](=O)[O-])c1,1,central,521
pretrain,train,CC(C)C[C@H](NC(=O)c1cc([N+](=O)[O-])cc([N+](=O)[O-])c1)C(=O)NCCCCCCCNC(=O)[C@H](CC(C)C)NC(=O)c1cc([N+](=O)[O-])cc([N+](=O)[O-])c1,1,central,520
pretrain,train,CC(C)C[C@H](NC(=O)c1cc([N+](=O)[O-])cc([N+](=O)[O-])c1)C(=O)NCCCCNC(=O)[C@H](CC(C)C)NC(=O)c1cc([N+](=O)[O-])cc([N+](=O)[O-])c1,1,central,517
pretrain,train,CC(C)C[C@H](NC(=O)c1cc([N+](=O)[O-])cc([N+](=O)[O-])c1)C(=O)N[C@@H](c1ccccc1)C(C)C,1,central,474
pretrain,train,CC(C)C[C@H](NC(=O)c1cc([N+](=O)[O-])cc([N+](=O)[O-])n1)C(=O)O,1,central,1878
pretrain,train,CC(C)C[C@H](NC(=O)c1cccc2ccccc12)C(=O)O,1,central,1879
pretrain,train,CC(C)C[C@H](NC(=O)c1ccccc1)C(=O)Nc1ccc2ccccc2c1,1,central,3460
pretrain,train,CC(C)C[C@H](OC(=O)Nc1ccc2ccccc2c1)c1ccccc1,1,central,5311
pretrain,train,CC(C)C[C@H](OC(=O)Nc1cccc2ccccc12)c1ccccc1,1,central,5324
pretrain,train,CC(C)C[C@H](OC(=O)c1cc([N+](=O)[O-])cc([N+](=O)[O-])c1)c1ccccc1,1,central,5349
pretrain,train,CC(C)C[C@H]1CN(c2cccc(C(C)(C)C)c2)[C]([C]2[N][C@@H](CC(C)C)CN2c2cccc(C(C)(C)C)c2)[N]1,1,central,6251
pretrain,train,CC(C)C[C@H]1CN(c2cccc(C(C)C)c2)[C]([C]2[N][C@@H](CC(C)C)CN2c2cccc(C(C)C)c2)[N]1,1,central,6248
pretrain,train,CC(C)C[C@H]1COC(C(C)(C)C2=N[C@@H](CC(C)C)CO2)=N1,1,central,6697
pretrain,train,CC(C)C[C@H]1COC(C2=N[C@@H](CC(C)C)CO2)=N1,1,central,6667
pretrain,train,CC(C)C[C@H]1COC(CC2=N[C@@H](CC(C)C)CO2)=N1,1,central,6683
pretrain,train,CC(C)C[C@H]1COC(c2cccc(C3=N[C@@H](CC(C)C)CO3)c2)=N1,1,central,6801
pretrain,train,CC(C)C[C@H]1COC(c2cccc(C3=N[C@@H](CC(C)C)CO3)n2)=N1,1,central,6848
pretrain,train,CC(C)C[C@H]1COC(c2ccccc2P(c2ccccc2)c2ccccc2)=N1,1,central,6560
pretrain,train,CC(C)C[C@H]1COC(c2ccccc2P(c2ccccc2)c2ccccc2C2=N[C@@H](CC(C)C)CO2)=N1,1,central,6823
pretrain,train,CC(C)C[C@H]1COC(c2ccccn2)=N1,1,central,6366
pretrain,train,CC(C)C[C@H]1N=C(c2ccccc2)c2cc(Cl)ccc2NC1=O,1,central,3718
pretrain,train,CC(C)C[C@H]1N=C(c2ccccc2)c2ccccc2NC1=O,1,central,3712
pretrain,train,CC(C)C[C@](N)(C(=O)O)C(F)(F)F,1,central,1701
pretrain,train,CC(C)Cc1ccc([C@@H](C)C(=O)N(C)c2ccccc2)cc1,1,central,4441
pretrain,train,CC(C)Cc1ccc([C@@H](C)C(=O)NCc2cccc3ccccc23)cc1,1,central,1435
pretrain,train,CC(C)Cc1ccc([C@H](C)C(=O)N(C)C)cc1,1,central,4126
pretrain,train,CC(C)Cc1ccc([C@H](C)C(=O)N(C)Cc2ccccc2)cc1,1,central,4124
pretrain,train,CC(C)Cc1ccc([C@H](C)C(=O)N(c2ccccc2)c2ccccc2)cc1,1,central,2508
pretrain,train,CC(C)Cc1ccc([C@H](C)C(=O)NC2CCCCC2)cc1,1,central,4127
pretrain,train,CC(C)Cc1ccc([C@H](C)C(=O)NC2c3ccccc3-c3ccccc32)cc1,1,central,2781
pretrain,train,CC(C)Cc1ccc([C@H](C)C(=O)NCc2ccccc2)cc1,1,central,4125
pretrain,train,CC(C)Cc1ccc([C@H](C)C(=O)Nc2cc([N+](=O)[O-])cc([N+](=O)[O-])c2)cc1,1,central,3405
pretrain,train,CC(C)Cc1ccc([C@H](C)C(=O)Nc2ccc(Br)cc2)cc1,1,central,4114
pretrain,train,CC(C)Cc1ccc([C@H](C)C(=O)Nc2ccc(Cl)cc2)cc1,1,central,4115
pretrain,train,CC(C)Cc1ccc([C@H](C)C(=O)Nc2ccc([N+](=O)[O-])cc2)cc1,1,central,4892
pretrain,train,CC(C)Cc1ccc([C@H](C)C(=O)Nc2cccc3ccccc23)cc1,1,central,1436
pretrain,train,CC(C)Cc1ccc([C@H](C)C(=O)Nc2ccccc2)cc1,1,central,2880
pretrain,train,CC(C)Cc1ccc([C@H](C)C(=O)O)cc1,1,central,1222
pretrain,train,CC(C)Cc1ccc([C@H](C)C(=O)OCCCl)cc1,1,central,1940
pretrain,train,CC(C)Cc1ccc([C@H](C)C(=O)OCc2c3ccccc3cc3ccccc23)cc1,1,central,4121
pretrain,train,CC(C)Cc1ccc([C@H](C)C(=O)OCc2cccc3ccccc23)cc1,1,central,4123
pretrain,train,CC(C)Cc1ccc([C@H](C)C(=O)OCc2ccccc2)cc1,1,central,4122
pretrain,train,CC(C)Cc1ccc([C@H](C)C(=O)OCc2ccccn2)cc1,1,central,3382
pretrain,train,CC(C)Cc1ccc([C@H](C)C(N)=O)cc1,1,central,1775
pretrain,train,CC(C)N(C(=O)O[C@H]1CCn2ccnc21)C(C)C,1,central,6136
pretrain,train,CC(C)N(C(C)C)P1Oc2cccc3c2C2(CC3)CCc3cccc(c32)O1,2,axial,5833
pretrain,train,CC(C)N(C(C)C)p1oc2ccc3c(c2c2c4c(ccc2o1)CCCC4)CCCC3,2,axial,5824
pretrain,train,CC(C)N(C(C)C)p1oc2ccc3ccccc3c2c2c(ccc3ccccc32)o1,2,axial,5800
pretrain,train,CC(C)N(C(c1ccccc1)c1ccccc1)p1oc2ccc3ccccc3c2c2c(ccc3ccccc32)o1,2,axial,5821
pretrain,train,CC(C)N(CC(O)COc1cccc2c1CC(O)C(O)C2)C(=O)Nc1ccccc1,1,central,856
pretrain,train,CC(C)N(CC[C@@](C(N)=O)(c1ccccc1)c1ccccn1)C(C)C,1,central,3017
pretrain,train,CC(C)N(C[C@@H](COc1cccc2[nH]ccc12)OC(=O)c1cc([N+](=O)[O-])cc([N+](=O)[O-])c1)C(=O)c1cc([N+](=O)[O-])cc([N+](=O)[O-])c1,1,central,2036
pretrain,train,CC(C)N(C[C@@H](COc1cccc2ccccc12)OC(=O)NC(C)(C)C)C(=O)NC(C)(C)C,1,central,-1
pretrain,train,CC(C)N(C[C@@H](COc1cccc2ccccc12)OC(=O)c1cc([N+](=O)[O-])cc([N+](=O)[O-])c1)C(=O)c1cc([N+](=O)[O-])cc([N+](=O)[O-])c1,1,central,1955
pretrain,train,CC(C)N(C[C@@H](O)COc1ccc(CC(N)=O)cc1)C(=O)Nc1ccccc1,1,central,2676
pretrain,train,CC(C)N(C[C@@H](O)COc1cccc2[nH]ccc12)C(=O)c1cc([N+](=O)[O-])cc([N+](=O)[O-])c1,1,central,1404
pretrain,train,CC(C)N(C[C@@H](O)COc1cccc2cc[nH]c12)C(=O)c1cc([N+](=O)[O-])cc([N+](=O)[O-])c1,1,central,4991
pretrain,train,CC(C)N(C[C@@H](O)COc1cccc2ccccc12)C(=O)NC1CCCCC1,1,central,3428
pretrain,train,CC(C)N(C[C@@H](O)COc1cccc2ccccc12)C(=O)Nc1ccc([N+](=O)[O-])cc1,1,central,3420
pretrain,train,CC(C)N(C[C@@H](O)COc1cccc2ccccc12)C(=O)Nc1cccc2ccccc12,1,central,3418
pretrain,train,CC(C)N(C[C@@H](O)COc1cccc2ccccc12)C(=O)Nc1ccccc1,1,central,3426
pretrain,train,CC(C)N(C[C@@H](O)COc1cccc2ccccc12)C(=S)NC1CCCCC1,1,central,3427
pretrain,train,CC(C)N(C[C@@H](O)COc1cccc2ccccc12)C(=S)Nc1ccc(F)cc1,1,central,3421
pretrain,train,CC(C)N(C[C@@H](O)COc1cccc2ccccc12)C(=S)Nc1ccc([N+](=O)[O-])cc1,1,central,3419
pretrain,train,CC(C)N(C[C@@H](O)COc1cccc2ccccc12)C(=S)Nc1cccc2ccccc12,1,central,3417
pretrain,train,CC(C)N(C[C@@H](O)COc1cccc2ccccc12)C(=S)Nc1ccccc1,1,central,3425
pretrain,train,CC(C)N(C[C@@H](O)COc1ccccc1)C(=O)Nc1cccc2ccccc12,1,central,5194
pretrain,train,CC(C)N(C[C@@H](O)COc1ccccc1)C(=O)Nc1ccccc1,1,central,2674
pretrain,train,CC(C)N(C[C@H](COc1cccc2ccccc12)OC(=O)Nc1cc([N+](=O)[O-])cc([N+](=O)[O-])c1)C(=O)Nc1cc([N+](=O)[O-])cc([N+](=O)[O-])c1,1,central,-1
pretrain,train,CC(C)N(C[C@H](COc1cccc2ccccc12)OC(=O)Nc1cccc2ccccc12)C(=O)Nc1cccc2ccccc12,1,central,3020
pretrain,train,CC(C)N(C[C@H](COc1cccc2ccccc12)OC(=O)Nc1ccccc1)C(=O)Nc1ccccc1,1,central,3021
pretrain,train,CC(C)N(C[C@H](COc1cccc2ccccc12)OC(=O)c1cccc2ccccc12)C(=O)c1cccc2ccccc12,1,central,3670
pretrain,train,CC(C)N(C[C@H](O)COc1cccc2[nH]ccc12)C(=O)Nc1ccccc1,1,central,2678
pretrain,train,CC(C)N(C[C@H](O)COc1cccc2ccccc12)C(=O)Nc1ccc(F)cc1,1,central,3422
pretrain,train,CC(C)N(C[C@H](O)COc1cccc2ccccc12)C(=O)c1cc([N+](=O)[O-])cc([N+](=O)[O-])c1,1,central,1405
pretrain,train,CC(C)N(C[C@H](O)COc1cccc2ccccc12)C(=O)c1cccc2ccccc12,1,central,1446
pretrain,train,CC(C)N(C[C@H](O)COc1cccc2ccccc12)C(C)C,1,central,1676
pretrain,train,CC(C)N(C[C@H](OC(=O)Nc1cc([N+](=O)[O-])cc([N+](=O)[O-])c1)C(C)(C)C)C(C)C,1,central,3118
pretrain,train,CC(C)N([C@H](C)Cc1ccc(O)cn1)S(=O)(=O)c1cccc2c(N(C)C)cccc12,1,central,1860
pretrain,train,CC(C)N1C(=O)[C@@](O)(c2ccccc2)C1(C)C,1,central,2652
pretrain,train,CC(C)N1CCC[N+](Cc2ccccc2)=C1C1=C([S-])CC(C)(C)CC1=O,2,axial,1135
pretrain,train,CC(C)N1CCC[N+](Cc2ccccc2)=C1c1c(-c2ccccc2)nn(-c2ccccc2)c1[O-],2,axial,1133
pretrain,train,CC(C)N1C[C@@H](c2ccc(NS(C)(=O)=O)cc2)OC1=O,1,central,1211
pretrain,train,CC(C)N1C[C@@H](c2ccc3ccccc3c2)OC1=O,1,central,1217
pretrain,train,CC(C)N1C[C@H](COc2ccc(CC(N)=O)cc2)OC1=O,1,central,1213
pretrain,train,CC(C)N1C[C@H](COc2ccc(CCOCC3CC3)cc2)OC1=O,1,central,1219
pretrain,train,CC(C)N1C[C@H](COc2cccc3[nH]c4ccccc4c23)OC1=O,1,central,4091
pretrain,train,CC(C)N1C[C@H](COc2cccc3[nH]ccc23)OC1=O,1,central,1214
pretrain,train,CC(C)N1C[C@H](COc2cccc3ccccc23)OC1=O,1,central,1215
pretrain,train,CC(C)N1C[C@H](COc2ccccc2)OC1=O,1,central,4092
pretrain,train,CC(C)N1C[C@H](c2ccc(O)c(O)c2)OC1=O,1,central,4104
pretrain,train,CC(C)N1C[C@H](c2cccc3ccccc23)OC1=O,1,central,5105
pretrain,train,CC(C)NC(=O)N(CC(O)COc1cccc2c1CC(O)C(O)C2)C(C)(C)C,1,central,843
pretrain,train,CC(C)NC(=O)O[C@H](COc1cccc2c1ccn2C(=O)NC(C)C)CN(C(=O)NC(C)C)C(C)C,1,central,4554
pretrain,train,CC(C)NC(=O)O[C@H]1CCn2ccnc21,1,central,6149
pretrain,train,CC(C)NC(=O)[C@@H](c1ccc(Cl)cc1)C(C)C,1,central,3582
pretrain,train,CC(C)NC(=O)[C@H](C)c1ccccc1,1,central,3927
pretrain,train,CC(C)NC(=O)n1cncc1C[C@@H]1NC(=O)N(C(C)C)C1=O,1,central,4112
pretrain,train,CC(C)NCC[C@@](C(N)=O)(c1ccccc1)c1ccccn1,1,central,1698
pretrain,train,CC(C)NC[C@@H](O)COc1ccc(CCOCC2CC2)cc1,1,central,2901
pretrain,train,CC(C)NC[C@@H](O)COc1ccc(OCCOCC2CC2)cc1,1,central,5420
pretrain,train,CC(C)NC[C@@H](O)COc1ccccc1,1,central,3171
pretrain,train,CC(C)NC[C@@H](O)c1cc2ccccc2o1,1,central,2490
pretrain,train,CC(C)NC[C@@H]1CCc2cc(C(=O)O)c([N+](=O)[O-])cc2N1,1,central,3200
pretrain,train,CC(C)NC[C@@H]1CCc2cc(CO)c([N+](=O)[O-])cc2N1,1,central,3201
pretrain,train,CC(C)NC[C@H](O)COc1ccc(CC#N)cc1,1,central,1188
pretrain,train,CC(C)NC[C@H](O)COc1ccc(CC(N)=O)cc1,1,central,1195
pretrain,train,CC(C)NC[C@H](O)COc1ccc(O)cc1,1,central,1204
pretrain,train,CC(C)NC[C@H](O)COc1ccc([N+](=O)[O-])cc1,1,central,1187
pretrain,train,CC(C)NC[C@H](O)COc1ccc2ccccc2c1,1,central,1683
pretrain,train,CC(C)NC[C@H](O)COc1cccc2[nH]c3ccccc3c12,1,central,1766
pretrain,train,CC(C)NC[C@H](O)COc1cccc2[nH]ccc12,1,central,2444
pretrain,train,CC(C)NC[C@H](O)COc1cccc2c1C=CC2,1,central,1685
pretrain,train,CC(C)NC[C@H](O)COc1cccc2c1NCC2,1,central,2418
pretrain,train,CC(C)NC[C@H](O)COc1cccc2cc[nH]c12,1,central,2419
pretrain,train,CC(C)NC[C@H](O)COc1cccc2ccccc12,1,central,1232
pretrain,train,CC(C)NC[C@H](O)c1cc(O)cc(O)c1,1,central,2262
pretrain,train,CC(C)NC[C@H](O)c1ccc(Cl)c(Cl)c1,1,central,5301
pretrain,train,CC(C)NC[C@H](O)c1ccc(NS(C)(=O)=O)cc1,1,central,2682
pretrain,train,CC(C)NC[C@H](O)c1ccc(O)c(O)c1,1,central,5477
pretrain,train,CC(C)NC[C@H](O)c1ccc2ccccc2c1,1,central,2488
pretrain,train,CC(C)NC[C@H](O)c1ccccc1Cl,1,central,3474
pretrain,train,CC(C)OC(=O)C(C(=O)OC(C)C)=C1SCC[S@@]1=O,1,central,2596
pretrain,train,CC(C)OC(=O)CC[C@@H](NC(=O)c1ccc([N+](=O)[O-])cc1)C(=O)OC(C)C,1,central,3951
pretrain,train,CC(C)OC(=O)C[C@@H](NC(=O)c1ccc([N+](=O)[O-])cc1)C(=O)OC(C)C,1,central,3952
pretrain,train,CC(C)OC(=O)N1C(=S)NC=C(C(=O)OCCN(C)Cc2ccccc2)[C@H]1c1cccc([N+](=O)[O-])c1,1,central,3919
pretrain,train,CC(C)OC(=O)[C@@H](C)N(C(=O)c1ccccc1)c1ccc(F)c(Cl)c1,1,central,5097
pretrain,train,CC(C)OC(=O)[C@@H](C)NC(=O)c1ccc(F)cc1,1,central,2425
pretrain,train,CC(C)OC(=O)[C@@H](C)NC(=O)c1ccc([N+](=O)[O-])cc1,1,central,2423
pretrain,train,CC(C)OC(=O)[C@@H](C)NC(=O)c1ccccc1,1,central,2429
pretrain,train,CC(C)OC(=O)[C@@H](C)O,1,central,3320
pretrain,train,CC(C)OC(=O)[C@@H](CC(=O)O)NC(=O)c1cc([N+](=O)[O-])cc([N+](=O)[O-])c1,1,central,3486
pretrain,train,CC(C)OC(=O)[C@@H](CCC(=O)O)NC(=O)c1cc([N+](=O)[O-])cc([N+](=O)[O-])c1,1,central,3485
pretrain,train,CC(C)OC(=O)[C@@H](CCCCN)NC(=O)c1cc([N+](=O)[O-])cc([N+](=O)[O-])c1,1,central,3482
pretrain,train,CC(C)OC(=O)[C@@H](CCc1ccccc1)NC(=O)c1cc([N+](=O)[O-])cc([N+](=O)[O-])c1,1,central,2436
pretrain,train,CC(C)OC(=O)[C@@H](CO)NC(=O)c1cc([N+](=O)[O-])cc([N+](=O)[O-])c1,1,central,3484
pretrain,train,CC(C)OC(=O)[C@@H](COC(=O)c1ccc([N+](=O)[O-])cc1)NC(=O)c1ccc([N+](=O)[O-])cc1,1,central,3953
pretrain,train,CC(C)OC(=O)[C@@H](CSC(=O)c1ccc([N+](=O)[O-])cc1)NC(=O)c1ccc([N+](=O)[O-])cc1,1,central,3948
pretrain,train,CC(C)OC(=O)[C@@H](Cc1c[nH]c2ccccc12)NC(=O)c1ccc([N+](=O)[O-])cc1,1,central,3950
pretrain,train,CC(C)OC(=O)[C@@H](Cc1ccc(O)cc1)NC(=O)c1cc([N+](=O)[O-])cc([N+](=O)[O-])c1,1,central,3483
pretrain,train,CC(C)OC(=O)[C@@H](Cc1ccc(OC(=O)c2ccc([N+](=O)[O-])cc2)cc1)NC(=O)c1ccc([N+](=O)[O-])cc1,1,central,3949
pretrain,train,CC(C)OC(=O)[C@@H](Cc1ccccc1)NC(=O)c1cc([N+](=O)[O-])cc([N+](=O)[O-])c1,1,central,2216
pretrain,train,CC(C)OC(=O)[C@@H](Cc1ccccc1)NC(=O)c1ccc([N+](=O)[O-])cc1,1,central,3956
pretrain,train,CC(C)OC(=O)[C@@H](Cc1ccccc1)NC(=O)c1ccccc1,1,central,3477
pretrain,train,CC(C)OC(=O)[C@@H](NC(=O)c1c(F)c(F)c(F)c(F)c1F)C(C)C,1,central,3480
pretrain,train,CC(C)OC(=O)[C@@H](Nc1ccc2ccccc2c1)c1ccccc1,1,central,3647
pretrain,train,CC(C)OC(=O)[C@@H](OC(=O)Nc1ccccc1)C(C)C,1,central,4749
pretrain,train,CC(C)OC(=O)[C@@H]1COC(C2(C3=N[C@H](C(=O)OC(C)C)CO3)CC2)=N1,1,central,6655
pretrain,train,CC(C)OC(=O)[C@H](C)NC(=O)c1cc([N+](=O)[O-])cc([N+](=O)[O-])c1,1,central,2442
pretrain,train,CC(C)OC(=O)[C@H](C)NC(=O)c1ccc(-c2ccccc2)cc1,1,central,2426
pretrain,train,CC(C)OC(=O)[C@H](C)NC(=O)c1ccc(Cl)cc1,1,central,2424
pretrain,train,CC(C)OC(=O)[C@H](Cc1ccccc1)NC(=O)c1c(F)c(F)c(F)c(F)c1F,1,central,3479
pretrain,train,CC(C)OC(=O)[C@H](NC(=O)c1cc([N+](=O)[O-])cc([N+](=O)[O-])c1)C(C)C,1,central,2439
pretrain,train,CC(C)OC(=O)[C@H](NC(=O)c1cc([N+](=O)[O-])cc([N+](=O)[O-])c1)[C@H](C)O,1,central,410
pretrain,train,CC(C)OC(=O)[C@H](NC(=O)c1cc([N+](=O)[O-])cc([N+](=O)[O-])c1)c1ccccc1,1,central,2437
pretrain,train,CC(C)OC(=O)[C@H](NC(=O)c1ccc([N+](=O)[O-])cc1)C(C)C,1,central,3957
pretrain,train,CC(C)OC(=O)[C@H](NC(=O)c1ccc([N+](=O)[O-])cc1)[C@H](C)OC(=O)c1ccc([N+](=O)[O-])cc1,1,central,505
pretrain,train,CC(C)OC(=O)[C@H](NC(=O)c1ccccc1)c1ccccc1,1,central,3478
pretrain,train,CC(C)OC(=O)[C@H](OC(=O)Nc1cc([N+](=O)[O-])cc([N+](=O)[O-])c1)c1ccccc1,1,central,4754
pretrain,train,CC(C)OC(=O)[C@H]1CCCN1C(=O)c1cc([N+](=O)[O-])cc([N+](=O)[O-])c1,1,central,2435
pretrain,train,CC(C)OC(=O)[C@H]1CCCN1C(=O)c1ccc([N+](=O)[O-])cc1,1,central,3946
pretrain,train,CC(C)OC(=O)[C@H]1Cc2ccc3ccccc3c2N1,1,central,3654
pretrain,train,CC(C)OC(=O)[C@](O)(c1ccsc1)C1CCCCC1,1,central,4282
pretrain,train,CC(C)OCCOCc1ccc(OC[C@@H]2CN(C(C)C)C(=O)O2)cc1,1,central,3889
pretrain,train,CC(C)O[C@@H](C(=O)N(C)c1ccccc1)c1ccccc1,1,central,4442
pretrain,train,CC(C)O[C@@H](C(=O)N1CCCc2ccccc21)c1ccccc1,1,central,4864
pretrain,train,CC(C)O[C@@H](C(=O)Nc1ccccc1)c1ccccc1,1,central,4443
pretrain,train,CC(C)O[C@@H](C(N)=O)c1ccccc1,1,central,5113
pretrain,train,CC(C)O[C@H](C(=O)Nc1cccc2ccccc12)c1ccccc1,1,central,4865
pretrain,train,CC(C)Oc1ccc2c(c1)OC[C@@H](c1ccccc1)C2=O,1,central,1298
pretrain,train,CC(C)Oc1ccc2c(c1)[C@]1(CCC2)CC(=O)N(CCCN(C)C)C1=O,1,central,4665
pretrain,train,CC(C)Oc1ccc2ccccc2c1-c1c(O)ccc2ccccc12,2,axial,1107
pretrain,train,CC(C)Oc1ccc2ccccc2c1-c1c(P(c2ccccc2)c2ccccc2)ccc2ccccc12,2,axial,6965
pretrain,train,CC(C)Oc1cccc(OC(C)C)c1-c1cccc2c1[P@@](C(C)(C)C)CO2,1,central,-1
pretrain,train,CC(C)Oc1cccc(OC(C)C)c1-c1cccc2c1[P@](C(C)(C)C)CO2,1,central,-1
pretrain,train,CC(C)[C@@H](C#N)NC(=O)c1cc([N+](=O)[O-])cc([N+](=O)[O-])c1,1,central,5238
pretrain,train,CC(C)[C@@H](C(=O)NC(C)(C)C)[C@@H](O)c1ccccc1,1,central,507
pretrain,train,CC(C)[C@@H](C(=O)NC(C)(C)C)c1ccc(Cl)cc1,1,central,1636
pretrain,train,CC(C)[C@@H](C(=O)Nc1cc([N+](=O)[O-])cc([N+](=O)[O-])c1)c1ccc(Cl)cc1,1,central,1629
pretrain,train,CC(C)[C@@H](C(=O)O)c1ccc(Cl)cc1,1,central,1995
pretrain,train,CC(C)[C@@H](C(=O)O[C@@H](C#N)c1cccc(Oc2ccccc2)c1)c1ccc(Cl)cc1,1,central,233
pretrain,train,CC(C)[C@@H](C)N,1,central,3897
pretrain,train,CC(C)[C@@H](C)NC(=O)c1ccc2ccccc2c1,1,central,4541
pretrain,train,CC(C)[C@@H](C)NC(=O)c1cccc2ccccc12,1,central,3520
pretrain,train,CC(C)[C@@H](C)OC(=O)Nc1ccccc1,1,central,4951
pretrain,train,CC(C)[C@@H](C)OC(=O)c1cc(Cl)cc(Cl)c1,1,central,4383
pretrain,train,CC(C)[C@@H](CNC(=S)Nc1cc(C(F)(F)F)cc(C(F)(F)F)c1)N(C)C,1,central,6065
pretrain,train,CC(C)[C@@H](C[C@@H](OC(=O)c1ccccc1)C(C)C)OC(=O)c1ccccc1,1,central,365
pretrain,train,CC(C)[C@@H](N)CP(c1ccccc1)c1ccccc1,1,central,5863
pretrain,train,CC(C)[C@@H](NC(=O)C(F)(F)F)C(=O)O,1,central,1724
pretrain,train,CC(C)[C@@H](NC(=O)C(F)(F)F)c1cccc2ccccc12,1,central,3862
pretrain,train,CC(C)[C@@H](NC(=O)CN)C(=O)O,1,central,2144
pretrain,train,CC(C)[C@@H](NC(=O)OC(C)(C)C)C(=O)O,1,central,1716
pretrain,train,CC(C)[C@@H](NC(=O)OCc1ccccc1)C(=O)Nc1ccccc1,1,central,4217
pretrain,train,CC(C)[C@@H](NC(=O)Oc1ccccc1)C(=O)O,1,central,4016
pretrain,train,CC(C)[C@@H](NC(=O)c1cc([N+](=O)[O-])cc([N+](=O)[O-])c1)C(=O)NCCCCCCCCCCNC(=O)[C@H](NC(=O)c1cc([N+](=O)[O-])cc([N+](=O)[O-])c1)C(C)C,1,central,80
pretrain,train,CC(C)[C@@H](NC(=O)c1cc([N+](=O)[O-])cc([N+](=O)[O-])c1)C(=O)O,1,central,2530
pretrain,train,CC(C)[C@@H](NC(=O)c1cc([N+](=O)[O-])cc([N+](=O)[O-])c1)c1ccccc1,1,central,3811
pretrain,train,CC(C)[C@@H](NC(=O)c1cccc2ccccc12)c1ccccc1,1,central,3515
pretrain,train,CC(C)[C@@H](NC(=O)c1ccccc1)C(=O)O,1,central,2464
pretrain,train,CC(C)[C@@H](NC(=O)n1c2ccccc2c2ccccc21)C(=O)O,1,central,3415
pretrain,train,CC(C)[C@@H](NC(=S)Nc1cc(C(F)(F)F)cc(C(F)(F)F)c1)N(C)C,1,central,6079
pretrain,train,CC(C)[C@@H](NC=O)c1ccccc1,1,central,3878
pretrain,train,CC(C)[C@@H](NS(=O)(=O)c1cccc2c(N(C)C)cccc12)C(=O)O,1,central,1745
pretrain,train,CC(C)[C@@H](Nc1ccc(C(F)(F)F)cc1Cl)C(=O)O[C@@H](C#N)c1cccc(Oc2ccccc2)c1,1,central,513
pretrain,train,CC(C)[C@@H](Nc1ccc(C(F)(F)F)cc1Cl)C(=O)O[C@H](C#N)c1cccc(Oc2ccccc2)c1,1,central,514
pretrain,train,CC(C)[C@@H](O)CC[C@H](O)C(C)C,1,central,6348
pretrain,train,CC(C)[C@@H](O)[C]1[CH][CH][CH][CH]1.[CH]1[CH][CH][CH][CH]1.[Fe],1,central,-1
pretrain,train,CC(C)[C@@H](OC(=O)Nc1cc([N+](=O)[O-])cc([N+](=O)[O-])c1)c1ccccc1,1,central,2534
pretrain,train,CC(C)[C@@H](Oc1ccc(Cl)cc1)C(=O)O,1,central,1844
pretrain,train,CC(C)[C@@H](SC(=O)c1cc([N+](=O)[O-])cc([N+](=O)[O-])c1)c1cccc2ccccc12,1,central,4622
pretrain,train,CC(C)[C@@H](SC(=O)c1cc([N+](=O)[O-])cc([N+](=O)[O-])c1)c1ccccc1,1,central,4596
pretrain,train,CC(C)[C@@H]1C(=O)N[C@@H]1c1ccccc1,1,central,662
pretrain,train,CC(C)[C@@H]1CC[C@@H](C)C[C@@H]1P(c1ccccc1)c1ccccc1,1,central,6997
pretrain,train,CC(C)[C@@H]1CC[C@@H](C)C[C@H]1O,1,central,824
pretrain,train,CC(C)[C@@H]1CC[C@@H](C)C[C@H]1OC(=O)Nc1cc([N+](=O)[O-])cc([N+](=O)[O-])c1,1,central,830
pretrain,train,CC(C)[C@@H]1CN2C(=N1)Sc1ccccc12,1,central,-1
pretrain,train,CC(C)[C@@H]1CN2C(=N[C@@H]1c1ccccc1)Sc1ccccc12,1,central,6063
pretrain,train,CC(C)[C@@H]1COC(C(C)(C)C2=N[C@H](C(C)C)CO2)=N1,1,central,6691
pretrain,train,CC(C)[C@@H]1COC(C(C)(Cc2ccccc2)C2=N[C@H](C(C)C)CO2)=N1,1,central,6748
pretrain,train,CC(C)[C@@H]1COC(C(Cc2ccc(C(C)(C)C)cc2)(Cc2ccc(C(C)(C)C)cc2)C2=N[C@@H](C(C)C)CO2)=N1,1,central,6738
pretrain,train,CC(C)[C@@H]1COC(C(Cc2ccc(C(C)(C)C)cc2)(Cc2ccc(C(C)(C)C)cc2)C2=N[C@H](C(C)C)CO2)=N1,1,central,6736
pretrain,train,CC(C)[C@@H]1COC(C2(C3=N[C@H](C(C)C)CO3)CCC2)=N1,1,central,6654
pretrain,train,CC(C)[C@@H]1COC(C2(C3=N[C@H](C(C)C)CO3)CCCC2)=N1,1,central,6644
pretrain,train,CC(C)[C@@H]1COC(C2(C3=N[C@H](C(C)C)CO3)CCCCC2)=N1,1,central,6634
pretrain,train,CC(C)[C@@H]1COC(C2(C3=N[C@H](C(C)C)CO3)CCCCCC2)=N1,1,central,6624
pretrain,train,CC(C)[C@@H]1COC(C2(C3=N[C@H](C(C)C)CO3)Cc3ccccc3C2)=N1,1,central,6765
pretrain,train,CC(C)[C@@H]1COC(C2=N[C@H](C(C)C)CO2)=N1,1,central,6664
pretrain,train,CC(C)[C@@H]1COC(CC2=N[C@H](C(C)C)CO2)=N1,1,central,6680
pretrain,train,CC(C)[C@@H]1COC([C@@H]2CCCCN2P(c2ccccc2)c2ccccc2)=N1,1,central,6587
pretrain,train,CC(C)[C@@H]1COC([C@@H]2CCCC[C@H]2C2=N[C@H](C(C)C)CO2)=N1,1,central,6808
pretrain,train,CC(C)[C@@H]1COC([C@H]2CCCCN2P(c2ccccc2)c2ccccc2)=N1,1,central,6585
pretrain,train,CC(C)[C@@H]1COC(c2c(Cl)cccc2P(c2ccccc2)c2ccccc2)=N1,1,central,6577
pretrain,train,CC(C)[C@@H]1COC(c2cc3ccccc3s2)=N1,1,central,6605
pretrain,train,CC(C)[C@@H]1COC(c2ccc(Br)cn2)=N1,1,central,6408
pretrain,train,CC(C)[C@@H]1COC(c2ccc(C(F)(F)F)cn2)=N1,1,central,6388
pretrain,train,CC(C)[C@@H]1COC(c2ccc(Cl)cn2)=N1,1,central,6418
pretrain,train,CC(C)[C@@H]1COC(c2ccc3ccccc3n2)=N1,1,central,6470
pretrain,train,CC(C)[C@@H]1COC(c2ccc3cccnc3n2)=N1,1,central,6518
pretrain,train,CC(C)[C@@H]1COC(c2cccc(-c3ccccc3)n2)=N1,1,central,6440
pretrain,train,CC(C)[C@@H]1COC(c2cccc(-c3ccccn3)n2)=N1,1,central,6530
pretrain,train,CC(C)[C@@H]1COC(c2cccc(C(c3ccccc3)c3ccccc3)n2)=N1,1,central,6454
pretrain,train,CC(C)[C@@H]1COC(c2cccc(C3=N[C@H](C(C)C)CO3)c2)=N1,1,central,6795
pretrain,train,CC(C)[C@@H]1COC(c2cccc(C3=N[C@H](C(C)C)CO3)n2)=N1,1,central,6842
pretrain,train,CC(C)[C@@H]1COC(c2cccc3c2oc2c(C4=N[C@H](C(C)C)CO4)cccc23)=N1,1,central,6786
pretrain,train,CC(C)[C@@H]1COC(c2cccc3cccnc23)=N1,1,central,6494
pretrain,train,CC(C)[C@@H]1COC(c2ccccc2Br)=N1,1,central,6555
pretrain,train,CC(C)[C@@H]1COC(c2ccccc2O)=N1,1,central,6882
pretrain,train,CC(C)[C@@H]1COC(c2ccccc2P(c2cc(C(F)(F)F)cc(C(F)(F)F)c2)c2cc(C(F)(F)F)cc(C(F)(F)F)c2)=N1,1,central,6870
pretrain,train,CC(C)[C@@H]1COC(c2ccccc2P(c2ccccc2)c2ccccc2)=N1,1,central,6557
pretrain,train,CC(C)[C@@H]1COC(c2ccccn2)=N1,1,central,6357
pretrain,train,CC(C)[C@@H]1COC(c2cnccn2)=N1,1,central,6512
pretrain,train,CC(C)[C@@H]1COC(c2nccc3ccccc23)=N1,1,central,6484
pretrain,train,CC(C)[C@@H]1COC(c2ncccn2)=N1,1,central,6502
pretrain,train,CC(C)[C@@H]1N=C(c2cccc(C3=N[C@@H](C(C)C)C(c4ccccc4)(c4ccccc4)O3)n2)OC1(c1ccccc1)c1ccccc1,1,central,6862
pretrain,train,CC(C)[C@@H]1N=C(c2ccccc2P(c2ccccc2)c2ccccc2)OC1(C)C,1,central,6867
pretrain,train,CC(C)[C@@H]1N=C(c2ccccc2P(c2ccccc2)c2ccccc2)OC1(c1ccccc1)c1ccccc1,1,central,6575
pretrain,train,CC(C)[C@@H]1NC(=O)N(c2ccccc2)C1=O,1,central,2212
pretrain,train,CC(C)[C@@H]1NC(=O)c2ccccc21,1,central,2926
pretrain,train,CC(C)[C@@H]1NC(=S)N(C)C1=O,1,central,1758
pretrain,train,CC(C)[C@@H]1Oc2cccc(-c3c4ccccc4cc4ccccc34)c2[P@]1C(C)(C)C,1,central,-1
pretrain,train,CC(C)[C@@H]1Oc2cccc(-c3cccc4c3[P@](C(C)(C)C)[C@H](C(C)C)O4)c2[P@]1C(C)(C)C,1,central,-1
pretrain,train,CC(C)[C@@](C)(N)C(=O)O,1,central,2152
pretrain,train,CC(C)[C@@](C)(OO)c1ccccc1,1,central,1544
pretrain,train,CC(C)[C@@](O)(C(=O)O)c1ccsc1,1,central,4292
pretrain,train,CC(C)[C@H](C(=O)NC(C)(C)C)[C@@H](O)c1ccccc1,1,central,506
pretrain,train,CC(C)[C@H](C(=O)Nc1cc(Cl)cc(Cl)c1)c1ccc(Cl)cc1,1,central,1630
pretrain,train,CC(C)[C@H](C(=O)Nc1ccccc1)c1ccc(Cl)cc1,1,central,1631
pretrain,train,CC(C)[C@H](C(=O)O[C@@H](C#N)c1cccc(Oc2ccccc2)c1)c1ccc(Cl)cc1,1,central,234
pretrain,train,CC(C)[C@H](C(N)=O)c1ccccc1,1,central,5065
pretrain,train,CC(C)[C@H](C)NC(=O)c1cc([N+](=O)[O-])cc([N+](=O)[O-])c1,1,central,3562
pretrain,train,CC(C)[C@H](C)NC(=O)c1ccccc1,1,central,5416
pretrain,train,CC(C)[C@H](C)OS(C)(=O)=O,1,central,2080
pretrain,train,CC(C)[C@H](CC[C@@H](C)OC(=O)Nc1cc([N+](=O)[O-])cc([N+](=O)[O-])c1)OC(=O)Nc1cc([N+](=O)[O-])cc([N+](=O)[O-])c1,1,central,342
pretrain,train,CC(C)[C@H](CC[C@H](C)OC(=O)Nc1cc([N+](=O)[O-])cc([N+](=O)[O-])c1)OC(=O)Nc1cc([N+](=O)[O-])cc([N+](=O)[O-])c1,1,central,341
pretrain,train,CC(C)[C@H](CO)/N=C(/c1ccccc1)c1ccccc1O,1,central,1662
pretrain,train,CC(C)[C@H](CO)/N=C/c1ccccc1O,1,central,2279
pretrain,train,CC(C)[C@H](CO)/N=C\c1ccc(O)cc1O,1,central,1667
pretrain,train,CC(C)[C@H](CO)/N=C\c1ccccc1O,1,central,1663
pretrain,train,CC(C)[C@H](CO)C(=O)NC(C)(C)C,1,central,3962
pretrain,train,CC(C)[C@H](CO)NC(=O)c1cc([N+](=O)[O-])cc([N+](=O)[O-])c1,1,central,2710
pretrain,train,CC(C)[C@H](COC(=O)c1cc([N+](=O)[O-])cc([N+](=O)[O-])c1)NC(=O)c1cc([N+](=O)[O-])cc([N+](=O)[O-])c1,1,central,1895
pretrain,train,CC(C)[C@H](N)C(=O)O,1,central,1482
pretrain,train,CC(C)[C@H](N)CP(c1ccccc1)c1ccccc1,1,central,6970
pretrain,train,CC(C)[C@H](NC(=O)OC(C)(C)C)C(=O)Nc1ccccc1,1,central,4224
pretrain,train,CC(C)[C@H](NC(=O)OCC1c2ccccc2-c2ccccc21)C(=O)Nc1ccccc1,1,central,4231
pretrain,train,CC(C)[C@H](NC(=O)OCC1c2ccccc2-c2ccccc21)C(=O)O,1,central,1718
pretrain,train,CC(C)[C@H](NC(=O)OCc1ccccc1)C(=O)O,1,central,1500
pretrain,train,CC(C)[C@H](NC(=O)OCc1ccccc1)C(=O)OCc1ccccc1,1,central,4802
pretrain,train,CC(C)[C@H](NC(=O)OCc1ccccc1)P(=O)(Oc1ccccc1)Oc1ccccc1,1,central,2232
pretrain,train,CC(C)[C@H](NC=O)c1ccc2c(c1)Cc1ccccc1-2,1,central,2341
pretrain,train,CC(C)[C@H](O)CC(=O)NC(C)(C)C,1,central,3959
pretrain,train,CC(C)[C@H](O)CN(C)C(=O)Nc1cccc2ccccc12,1,central,2199
pretrain,train,CC(C)[C@H](O)c1ccccc1,1,central,4702
pretrain,train,CC(C)[C@H](OC(=O)c1cc([N+](=O)[O-])cc([N+](=O)[O-])c1)c1ccccc1,1,central,4627
pretrain,train,CC(C)[C@H](SCCO)[C]1[CH][CH][CH][CH]1.[CH]1[CH][CH][CH][CH]1.[Fe],1,central,-1
pretrain,train,CC(C)[C@H]([NH3+])C(=O)O.OCl,1,central,-1
pretrain,train,CC(C)[C@H]1C=Cc2ccccc21,1,central,5401
pretrain,train,CC(C)[C@H]1CC(=O)c2ccccc21,1,central,5396
pretrain,train,CC(C)[C@H]1CC[C@H](C(=O)N[C@H](Cc2ccccc2)C(=O)O)CC1,1,central,940
pretrain,train,CC(C)[C@H]1CC[C@H](C(=O)N[C@H](Cc2ccccc2)C(=O)OC(C)(C)C)CC1,1,central,939
pretrain,train,CC(C)[C@H]1CC[C@H](C(=O)N[C@H](Cc2ccccc2)C(=O)OCc2ccccc2)CC1,1,central,937
pretrain,train,CC(C)[C@H]1CC[C@H](C(C)C)P1CCP1[C@@H](C(C)C)CC[C@@H]1C(C)C,1,central,5691
pretrain,train,CC(C)[C@H]1CC[C@H](C(C)C)P1c1cc[cH-]c1.CC(C)[C@H]1CC[C@H](C(C)C)P1c1cc[cH-]c1.[Fe+2],4,planar,-1
pretrain,train,CC(C)[C@H]1CC[C@H](C(C)C)P1c1ccccc1P1[C@@H](C(C)C)CC[C@@H]1C(C)C,1,central,5699
pretrain,train,CC(C)[C@H]1CC[C@H](C)C/C1=N\OC(=O)Nc1cc([N+](=O)[O-])cc([N+](=O)[O-])c1,1,central,606
pretrain,train,CC(C)[C@H]1CC[C@H](C)C[C@@H]1OC(=O)c1ccccc1,1,central,929
pretrain,train,CC(C)[C@H]1CN(C(C)C)[C]([C]2[N][C@@H](C(C)C)CN2C(C)C)[N]1,1,central,6257
pretrain,train,CC(C)[C@H]1CN(C2CCCCC2)[C]([C]2[N][C@@H](C(C)C)CN2C2CCCCC2)[N]1,1,central,6250
pretrain,train,CC(C)[C@H]1CN(c2ccc(-c3ccccc3)cc2)[C]([C]2[N][C@@H](C(C)C)CN2c2ccc(-c3ccccc3)cc2)[N]1,1,central,6261
pretrain,train,CC(C)[C@H]1CN(c2ccc(C(F)(F)F)cc2)[C]([C]2[N][C@@H](C(C)C)CN2c2ccc(C(F)(F)F)cc2)[N]1,1,central,6260
pretrain,train,CC(C)[C@H]1CN(c2cccc(C(C)(C)C)c2)[C]([C]2[N][C@@H](C(C)C)CN2c2cccc(C(C)(C)C)c2)[N]1,1,central,6246
pretrain,train,CC(C)[C@H]1CN(c2ccccc2)[C]([C]2[N][C@@H](C(C)C)CN2c2ccccc2)[N]1,1,central,6244
pretrain,train,CC(C)[C@H]1CN2C(=N1)Sc1ccccc12,1,central,6034
pretrain,train,CC(C)[C@H]1CN2C(=N[C@H]1c1ccccc1)Sc1ccccc12,1,central,6074
pretrain,train,CC(C)[C@H]1CN2C[C@H](C(C)C)NC2=N1,1,central,-1
pretrain,train,CC(C)[C@H]1COC(C(C)(C)C2=N[C@@H](C(C)C)CO2)=N1,1,central,6692
pretrain,train,CC(C)[C@H]1COC(C(C)(C)CP(c2ccccc2)c2ccccc2)=N1,1,central,6584
pretrain,train,CC(C)[C@H]1COC(C(C)(Cc2ccccc2)C2=N[C@@H](C(C)C)CO2)=N1,1,central,6749
pretrain,train,CC(C)[C@H]1COC(C(Cc2ccc(C(C)(C)C)cc2)(Cc2ccc(C(C)(C)C)cc2)C2=N[C@@H](C(C)C)CO2)=N1,1,central,6737
pretrain,train,CC(C)[C@H]1COC(C(Cc2ccccc2)(Cc2ccccc2)C2=N[C@@H](C(C)C)CO2)=N1,1,central,6723
pretrain,train,CC(C)[C@H]1COC(C2(C3=N[C@@H](C(C)C)CO3)CCC2)=N1,1,central,6653
pretrain,train,CC(C)[C@H]1COC(C2(C3=N[C@@H](C(C)C)CO3)CCCC2)=N1,1,central,6643
pretrain,train,CC(C)[C@H]1COC(C2(C3=N[C@@H](C(C)C)CO3)CCCCC2)=N1,1,central,6633
pretrain,train,CC(C)[C@H]1COC(C2(C3=N[C@@H](C(C)C)CO3)CCCCCC2)=N1,1,central,6623
pretrain,train,CC(C)[C@H]1COC(C2(C3=N[C@@H](C(C)C)CO3)Cc3ccccc3C2)=N1,1,central,6766
pretrain,train,CC(C)[C@H]1COC(C2=N[C@@H](C(C)C)CO2)=N1,1,central,6665
pretrain,train,CC(C)[C@H]1COC(CC(C)(C2=N[C@@H](C(C)C)CO2)C2=N[C@@H](C(C)C)CO2)=N1,1,central,6865
pretrain,train,CC(C)[C@H]1COC(CC2=N[C@@H](C(C)C)CO2)=N1,1,central,6679
pretrain,train,CC(C)[C@H]1COC(Cc2ccccn2)=N1,1,central,6466
pretrain,train,CC(C)[C@H]1COC([C@@H]2CCCCN2P(c2ccccc2)c2ccccc2)=N1,1,central,6586
pretrain,train,CC(C)[C@H]1COC([C@@H]2CCCC[C@H]2C2=N[C@@H](C(C)C)CO2)=N1,1,central,6809
pretrain,train,CC(C)[C@H]1COC([CH]c2[nH]c([CH]C3=N[C@@H](C(C)C)CO3)c3ccccc23)=N1,1,central,6782
pretrain,train,CC(C)[C@H]1COC(c2cc(Br)cc(C3=N[C@@H](C(C)C)CO3)n2)=N1,1,central,6863
pretrain,train,CC(C)[C@H]1COC(c2cc(C(F)(F)F)ccn2)=N1,1,central,6403
pretrain,train,CC(C)[C@H]1COC(c2cc3ccccc3s2)=N1,1,central,6606
pretrain,train,CC(C)[C@H]1COC(c2ccc(Br)cn2)=N1,1,central,6409
pretrain,train,CC(C)[C@H]1COC(c2ccc(C(F)(F)F)cn2)=N1,1,central,6389
pretrain,train,CC(C)[C@H]1COC(c2ccc(Cl)cn2)=N1,1,central,6419
pretrain,train,CC(C)[C@H]1COC(c2ccc(F)cn2)=N1,1,central,6425
pretrain,train,CC(C)[C@H]1COC(c2ccc3ccc4cccnc4c3n2)=N1,1,central,6548
pretrain,train,CC(C)[C@H]1COC(c2ccc3ccccc3n2)=N1,1,central,6471
pretrain,train,CC(C)[C@H]1COC(c2ccc3cccnc3n2)=N1,1,central,6519
pretrain,train,CC(C)[C@H]1COC(c2cccc(-c3cccc(C4=N[C@@H](C(C)C)CO4)n3)n2)=N1,1,central,6818
pretrain,train,CC(C)[C@H]1COC(c2cccc(-c3ccccc3)n2)=N1,1,central,6441
pretrain,train,CC(C)[C@H]1COC(c2cccc(-c3ccccn3)n2)=N1,1,central,6531
pretrain,train,CC(C)[C@H]1COC(c2cccc(C(c3ccccc3)c3ccccc3)n2)=N1,1,central,6455
pretrain,train,CC(C)[C@H]1COC(c2cccc(C3=N[C@@H](C(C)C)CO3)c2)=N1,1,central,6796
pretrain,train,CC(C)[C@H]1COC(c2cccc(C3=N[C@@H](C(C)C)CO3)n2)=N1,1,central,6843
pretrain,train,CC(C)[C@H]1COC(c2cccc3c2oc2c(C4=N[C@@H](C(C)C)CO4)cccc23)=N1,1,central,6787
pretrain,train,CC(C)[C@H]1COC(c2cccc3cccnc23)=N1,1,central,6495
pretrain,train,CC(C)[C@H]1COC(c2ccccc2Br)=N1,1,central,6556
pretrain,train,CC(C)[C@H]1COC(c2ccccc2Nc2ccccc2C2=N[C@@H](C(C)C)CO2)=N1,1,central,6778
pretrain,train,CC(C)[C@H]1COC(c2ccccc2O)=N1,1,central,6600
pretrain,train,CC(C)[C@H]1COC(c2ccccc2P(c2cc(C(F)(F)F)cc(C(F)(F)F)c2)c2cc(C(F)(F)F)cc(C(F)(F)F)c2)=N1,1,central,6873
pretrain,train,CC(C)[C@H]1COC(c2ccccc2P(c2ccccc2)c2ccccc2)=N1,1,central,6558
pretrain,train,CC(C)[C@H]1COC(c2ccccn2)=N1,1,central,6358
pretrain,train,CC(C)[C@H]1COC(c2cnccn2)=N1,1,central,6513
pretrain,train,CC(C)[C@H]1COC(c2nccc3ccccc23)=N1,1,central,6485
pretrain,train,CC(C)[C@H]1COC(c2ncccn2)=N1,1,central,6503
pretrain,train,CC(C)[C@H]1COCc2nn(-c3c(F)c(F)c(F)c(F)c3F)c[n+]21.F[B-](F)(F)F,1,central,-1
pretrain,train,CC(C)[C@H]1N=C(c2cccc(C3=N[C@H](C(C)C)C(c4ccccc4)(c4ccccc4)O3)n2)OC1(c1ccccc1)c1ccccc1,1,central,6861
pretrain,train,CC(C)[C@H]1N=C(c2ccccc2)c2cc(Cl)ccc2N(C)C1=O,1,central,3711
pretrain,train,CC(C)[C@H]1N=C(c2ccccc2)c2cc(Cl)ccc2NC1=O,1,central,3279
pretrain,train,CC(C)[C@H]1N=C(c2ccccc2)c2ccccc2NC1=O,1,central,3713
pretrain,train,CC(C)[C@H]1N=C(c2ccccc2P(c2ccccc2)c2ccccc2)OC1(c1ccccc1)c1ccccc1,1,central,6574
pretrain,train,CC(C)[C@H]1NC(=O)NC1=O,1,central,1491
pretrain,train,CC(C)[C@H]1NC(=S)N(c2ccccc2)C1=O,1,central,1751
pretrain,train,CC(C)[C@H]1OC(=O)CN1C(=O)c1ccc2ccccc2c1,1,central,5288
pretrain,train,CC(C)[C@H]1Oc2cccc(-c3c4ccccc4cc4ccccc34)c2[P@@]1C(C)(C)C,1,central,-1
pretrain,train,CC(C)[C@H]1Oc2cccc(-c3cccc4c3[P@@](C(C)(C)C)[C@@H](C(C)C)O4)c2[P@@]1C(C)(C)C,1,central,-1
pretrain,train,CC(C)[C@H]1Sc2ccccc2[S@@]1=O,1,central,247
pretrain,train,CC(C)[C@H]1Sc2ccccc2[S@]1=O,1,central,246
pretrain,train,CC(C)[C@](C)(O)c1ccccc1,1,central,1280
pretrain,train,CC(C)[C@]1(c2ccccc2)NC(=O)NC1=O,1,central,5081
pretrain,train,CC(C)[C@]1(c2ccccc2)SCC[S@@]1=O,1,central,786
pretrain,train,CC(C)[C@]1(c2ccccc2)SCC[S@]1=O,1,central,785
pretrain,train,CC(C)[N+](C)(C)C[C@H](O)COc1ccccc1,1,central,1161
pretrain,train,CC(C)[P@@](=O)(Oc1ccc([N+](=O)[O-])cc1)c1ccccc1,1,central,1470
pretrain,train,CC(C)[S@@](=O)c1c2ccccc2cc2ccccc12,1,central,4155
pretrain,train,CC(C)[S@](=O)c1ccc([N+](=O)[O-])cc1[N+](=O)[O-],1,central,4652
pretrain,train,CC(C)[S@](=O)c1ccccc1,1,central,1341
pretrain,train,CC(C)[Si](O[C@H]1[C@H](OC(=O)c2ccccc2)[C@@H](OC(=O)c2ccccc2)[C@H](O)[C@H](O)[C@@H]1O[Si](C(C)C)(C(C)C)C(C)C)(C(C)C)C(C)C,1,central,5555
pretrain,train,CC(C)c1cc(C(C)C)c(-c2cc3ccccc3c(-c3c(O)c(-c4c(C(C)C)cc(C(C)C)cc4C(C)C)cc4ccccc34)c2O)c(C(C)C)c1,2,axial,6331
pretrain,train,CC(C)c1cc(C(C)C)c(-c2cc3ccccc3c3c2OP(=O)(NS(=O)(=O)C(F)(F)F)Oc2c(-c4c(C(C)C)cc(C(C)C)cc4C(C)C)cc4ccccc4c2-3)c(C(C)C)c1,2,axial,6118
pretrain,train,CC(C)c1cc(C(C)C)c(-c2cc3ccccc3c3c2OP(=O)(O)Oc2c(-c4c(C(C)C)cc(C(C)C)cc4C(C)C)cc4ccccc4c2-3)c(C(C)C)c1,2,axial,5897
pretrain,train,CC(C)c1cc(C(C)C)c(-c2ccc3c(c2O)C2(CC3)CCc3ccc(-c4c(C(C)C)cc(C(C)C)cc4C(C)C)c(O)c32)c(C(C)C)c1,2,axial,6310
pretrain,train,CC(C)c1cc(C(C)C)c(-c2ccccc2[C@@H](CP(c2ccccc2)c2ccccc2)NS(=O)C(C)(C)C)c(C(C)C)c1,1,central,-1
pretrain,train,CC(C)c1cc(C(C)C)c(S(=O)(=O)N[C@@H](c2ccccc2)[C@H](N)c2ccccc2)c(C(C)C)c1,1,central,6221
pretrain,train,CC(C)c1cc(C(C)C)c(S(=O)(=O)N[C@H](c2ccccc2)[C@H](N)c2ccccc2)c(C(C)C)c1,1,central,6239
pretrain,train,CC(C)c1cc(C(C)C)c([Se](=O)Cc2ccccc2)c(C(C)C)c1,1,central,5142
pretrain,train,CC(C)c1cc(C(C)C)c([Se](=O)c2ccccc2)c(C(C)C)c1,1,central,5162
pretrain,train,CC(C)c1cc(C(C)C)c([Se](C)=O)c(C(C)C)c1,1,central,5143
pretrain,train,CC(C)c1cc(C23CC4CC(CC(C4)C2)C3)cc(C(C)C)c1-c1cc2ccccc2c2c1OP(=O)(O)Oc1c(-c3c(C(C)C)cc(C45CC6CC(CC(C6)C4)C5)cc3C(C)C)cc3ccccc3c1-2,2,axial,5909
pretrain,train,CC(C)c1cccc(C(C)C)c1-c1ccccc1[C@@H](CP(c1ccccc1)c1ccccc1)NS(=O)C(C)(C)C,1,central,5771
pretrain,train,CC(C)c1cccc(C(C)C)c1N1C=[N+]([C@H](CO)c2ccccc2)CC1.F[P-](F)(F)(F)(F)F,1,central,-1
pretrain,train,CC(C)c1cccc(C(C)C)c1NC(=O)O[C@H]1CCn2ccnc21,1,central,6138
pretrain,train,CC(C)c1cccc(N2C[C@H](C(C)C)[N][C]2[C]2[N][C@@H](C(C)C)CN2c2cccc(C(C)C)c2)c1,1,central,6259
pretrain,train,CC(C)c1ccccc1OC(=O)[C@@H](C)Cl,1,central,2094
pretrain,train,CC(C1=N[C@@H]2c3ccccc3C[C@@H]2O1)C1=N[C@@H]2c3ccccc3C[C@@H]2O1,2,axial,6747
pretrain,train,CC(C1=N[C@H]2c3ccccc3C[C@H]2O1)C1=N[C@H]2c3ccccc3C[C@H]2O1,2,axial,6746
pretrain,train,CC(CC1=N[C@H]2c3ccccc3C[C@H]2O1)(C1=N[C@H]2c3ccccc3C[C@H]2O1)C1=N[C@H]2c3ccccc3C[C@H]2O1,2,axial,6866
pretrain,train,CC(CCc1ccccc1)NCC(O)c1ccc(O)c(C(N)=O)c1,1,central,-1
pretrain,train,CC(Cc1ccccc1)(C1=N[C@@H](Cc2ccccc2)CO1)C1=N[C@@H](Cc2ccccc2)CO1,1,central,6754
pretrain,train,CC(Cc1ccccc1)(C1=N[C@@H](c2ccccc2)[C@@H](c2ccccc2)O1)C1=N[C@@H](c2ccccc2)[C@@H](c2ccccc2)O1,1,central,6758
pretrain,train,CC(Cc1ccccc1)(C1=N[C@@H]2c3ccccc3C[C@@H]2O1)C1=N[C@@H]2c3ccccc3C[C@@H]2O1,2,axial,6756
pretrain,train,CC(Cc1ccccc1)(C1=N[C@H](Cc2ccccc2)CO1)C1=N[C@H](Cc2ccccc2)CO1,1,central,6753
pretrain,train,CC(Cc1ccccc1)(C1=N[C@H](c2ccccc2)CO1)C1=N[C@H](c2ccccc2)CO1,1,central,6752
pretrain,train,CC(Cc1ccccc1)(C1=N[C@H](c2ccccc2)[C@H](c2ccccc2)O1)C1=N[C@H](c2ccccc2)[C@H](c2ccccc2)O1,1,central,6757
pretrain,train,CC(Cc1ccccc1)(C1=N[C@H]2c3ccccc3C[C@H]2O1)C1=N[C@H]2c3ccccc3C[C@H]2O1,2,axial,6755
pretrain,train,CC(O)C(C)Sc1ccccc1,1,central,541
pretrain,train,CC(O)CC(c1ccccc1)S(=O)c1c2ccccc2cc2ccccc12,1,central,931
pretrain,train,CC(O)CNCC(C)O,1,central,970
pretrain,train,CC(O)C[C@@H](c1ccccc1)c1c(O)c2ccccc2oc1=O,1,central,512
pretrain,train,CC(O)C[S@](=O)c1c2ccccc2cc2ccccc12,1,central,708
pretrain,train,CC(O)C[S@](=O)c1ccc2ccccc2c1,1,central,709
pretrain,train,CC(O)C[S@](=O)c1ccccc1,1,central,730
pretrain,train,CC([C@@H]1C(=O)N[C@@H]1c1ccccc1)[Si](C)(C)c1ccccc1,1,central,935
pretrain,train,CC(c1ccccc1)C1Nc2cc(Cl)c(S(N)(=O)=O)cc2S(=O)(=O)N1,1,central,548
pretrain,train,CC(c1ccccc1)N(C(C)c1ccccc1)P1Oc2cccc3c2C2(CC3)CCc3cccc(c32)O1,2,axial,-1
pretrain,train,CC(c1ccccc1)N(C(C)c1ccccc1)p1oc2ccc3ccccc3c2c2c(ccc3ccccc32)o1,2,axial,-1
pretrain,train,CC(c1ccccc1)[C@@H](NC(=O)OCc1ccccc1)C(=O)OCc1ccccc1,1,central,4811
pretrain,train,CC/C=C/C/C=C/C/C=C/CCCCCCCC(=O)O[C@H](COC(=O)CCCCCCCCCCCCCCCCC)COC(=O)Nc1cc([N+](=O)[O-])cc([N+](=O)[O-])c1,1,central,3248
pretrain,train,CC/C=C/C[C@@H]1CCC(=O)O1,1,central,5389
pretrain,train,CC/C=C\C/C=C\C/C=C\C/C=C\C/C=C\C/C=C\CCC(=O)OC[C@H](COC(=O)Nc1cc([N+](=O)[O-])cc([N+](=O)[O-])c1)OC(=O)Nc1cc([N+](=O)[O-])cc([N+](=O)[O-])c1,1,central,1900
pretrain,train,CC/C=C\C/C=C\C/C=C\C/C=C\C/C=C\CC(=O)OC[C@H](COC(=O)Nc1cc([N+](=O)[O-])cc([N+](=O)[O-])c1)OC(=O)C/C=C\C/C=C\C/C=C\C/C=C\C/C=C\CC,1,central,3247
pretrain,train,CC/C=C\C/C=C\C/C=C\C/C=C\C/C=C\CC(=O)OC[C@H](COC(=O)Nc1cc([N+](=O)[O-])cc([N+](=O)[O-])c1)OC(=O)CCCCCCCCCCCCCCCCC,1,central,3245
pretrain,train,CC/C=C\C/C=C\C/C=C\C/C=C\C/C=C\CC(=O)O[C@H](COC(=O)CCCCCCCCCCCCCCCCC)COC(=O)Nc1cc([N+](=O)[O-])cc([N+](=O)[O-])c1,1,central,3246
pretrain,train,CC/C=C\C/C=C\C/C=C\C/C=C\C/C=C\CCCC(=O)OC[C@H](COC(=O)Nc1cc([N+](=O)[O-])cc([N+](=O)[O-])c1)OC(=O)Nc1cc([N+](=O)[O-])cc([N+](=O)[O-])c1,1,central,1901
pretrain,train,CC/C=C\C/C=C\C/C=C\CCCCCCCC(=O)OC[C@H](COC(=O)Nc1cc([N+](=O)[O-])cc([N+](=O)[O-])c1)OC(=O)CCCCCCC/C=C\C/C=C\C/C=C\CC,1,central,3184
pretrain,train,CC/C=C\C/C=C\C/C=C\CCCCCCCC(=O)OC[C@H](COC(=O)Nc1cc([N+](=O)[O-])cc([N+](=O)[O-])c1)OC(=O)CCCCCCC/C=C\C/C=C\CCCCC,1,central,3187
pretrain,train,CC/C=C\C/C=C\C/C=C\CCCCCCCC(=O)OC[C@H](COC(=O)Nc1cc([N+](=O)[O-])cc([N+](=O)[O-])c1)OC(=O)CCCCCCC/C=C\CCCCCCCC,1,central,3190
pretrain,train,CC/C=C\C/C=C\C/C=C\CCCCCCCC(=O)OC[C@H](COC(=O)Nc1cc([N+](=O)[O-])cc([N+](=O)[O-])c1)OC(=O)CCCCCCCCCCCCCCC,1,central,3191
pretrain,train,CC/C=C\C/C=C\C/C=C\CCCCCCCC(=O)OC[C@H](COC(=O)Nc1cc([N+](=O)[O-])cc([N+](=O)[O-])c1)OC(=O)CCCCCCCCCCCCCCCCC,1,central,3186
pretrain,train,CC/C=C\C/C=C\C/C=C\CCCCCCCC(=O)OC[C@H](COC(=O)Nc1cc([N+](=O)[O-])cc([N+](=O)[O-])c1)OC(=O)Nc1cc([N+](=O)[O-])cc([N+](=O)[O-])c1,1,central,1903
pretrain,train,CC/C=C\C/C=C\C/C=C\CCCCCCCC(=O)O[C@H](COC(=O)CCCCCCC/C=C\C/C=C\CCCCC)COC(=O)Nc1cc([N+](=O)[O-])cc([N+](=O)[O-])c1,1,central,3188
pretrain,train,CC/C=C\C/C=C\C/C=C\CCCCCCCC(=O)O[C@H](COC(=O)CCCCCCC/C=C\CCCCCCCC)COC(=O)Nc1cc([N+](=O)[O-])cc([N+](=O)[O-])c1,1,central,3189
pretrain,train,CC/C=C\C/C=C\C/C=C\CCCCCCCC(=O)O[C@H](COC(=O)CCCCCCCCCCCCCCC)COC(=O)Nc1cc([N+](=O)[O-])cc([N+](=O)[O-])c1,1,central,3192
pretrain,train,CC/C=C\C/C=C\C/C=C\CCCCCCCC(=O)O[C@H](COC(=O)CCCCCCCCCCCCCCCCC)COC(=O)Nc1cc([N+](=O)[O-])cc([N+](=O)[O-])c1,1,central,3185
pretrain,train,CC/C=C\C/C=C\C[C@H](O)/C=C/C=C\C/C=C\CCCC(=O)OC,1,central,3840
pretrain,train,CC1(C)C(C(=O)O[C@@H](C#N)c2cccc(Oc3ccccc3)c2)C1(C)C,1,central,2309
pretrain,train,CC1(C)C(C=C(Cl)Cl)C1C(=O)OC(C#N)c1ccc(F)c(Oc2ccccc2)c1,1,central,832
pretrain,train,CC1(C)C(C=C(Cl)Cl)C1C(=O)OC(C#N)c1cccc(Oc2ccccc2)c1,1,central,924
pretrain,train,CC1(C)C(CC(Cl)(Cl)Br)C1C(=O)OC(C#N)c1cccc(Oc2ccccc2)c1,1,central,925
pretrain,train,CC1(C)CCc2ccccc2[C@@H]1O,1,central,5106
pretrain,train,CC1(C)CCc2ccccc2[C@]12SCC[S@@]2=O,1,central,767
pretrain,train,CC1(C)CCc2ccccc2[C@]12SCC[S@]2=O,1,central,752
pretrain,train,CC1(C)COC(=O)[C@@H]1O,1,central,3324
pretrain,train,CC1(C)COC(=O)[C@@H]1OC(=O)Nc1cc([N+](=O)[O-])cc([N+](=O)[O-])c1,1,central,1626
pretrain,train,CC1(C)COC(=O)[C@H]1OC(=O)c1cc([N+](=O)[O-])cc([N+](=O)[O-])c1,1,central,4765
pretrain,train,CC1(C)COC(=O)[C@H]1OCc1ccccc1,1,central,5358
pretrain,train,CC1(C)Cc2ccccc2[C@H]1O,1,central,5107
pretrain,train,CC1(C)OC(=O)[C@@H](c2ccccc2)O1,1,central,5360
pretrain,train,CC1(C)OC(C(O)(c2ccccc2)c2ccccc2)C(C(O)(c2ccccc2)c2ccccc2)O1,1,central,-1
pretrain,train,CC1(C)OC2C3CC(=O)C(OC(=O)c4cc([N+](=O)[O-])cc([N+](=O)[O-])c4)C(O3)C2O1,1,central,5557
pretrain,train,CC1(C)OC[C@@H](COC(=O)Nc2cc([N+](=O)[O-])cc([N+](=O)[O-])c2)O1,1,central,2033
pretrain,train,CC1(C)OC[C@@H](COC(=O)c2ccccc2)O1,1,central,4065
pretrain,train,CC1(C)OC[C@@H](COCc2ccccc2)O1,1,central,1924
pretrain,train,CC1(C)OC[C@H](CO)O1,1,central,4066
pretrain,train,CC1(C)OC[C@H](COC(c2ccccc2)(c2ccccc2)c2ccccc2)O1,1,central,1926
pretrain,train,CC1(C)O[C@@H](C(O)(c2cc(C(C)(C)C)cc(C(C)(C)C)c2)c2cc(C(C)(C)C)cc(C(C)(C)C)c2)[C@H](C(O)(c2cc(C(C)(C)C)cc(C(C)(C)C)c2)c2cc(C(C)(C)C)cc(C(C)(C)C)c2)O1,1,central,6353
pretrain,train,CC1(C)O[C@@H](C(O)(c2ccc(C(C)(C)C)cc2)c2ccc(C(C)(C)C)cc2)[C@H](C(O)(c2ccc(C(C)(C)C)cc2)c2ccc(C(C)(C)C)cc2)O1,1,central,6355
pretrain,train,CC1(C)O[C@@H](C(O)(c2ccc3ccccc3c2)c2ccc3ccccc3c2)[C@H](C(O)(c2ccc3ccccc3c2)c2ccc3ccccc3c2)O1,1,central,6304
pretrain,train,CC1(C)O[C@@H](C(O)(c2cccc3ccccc23)c2cccc3ccccc23)[C@H](C(O)(c2cccc3ccccc23)c2cccc3ccccc23)O1,1,central,6335
pretrain,train,CC1(C)O[C@@H](C(O)(c2ccccc2)c2ccccc2)[C@H](C(O)(c2ccccc2)c2ccccc2)O1,1,central,591
pretrain,train,CC1(C)O[C@@H](CP(c2ccccc2)c2ccccc2)[C@H](CP(c2ccccc2)c2ccccc2)O1,1,central,5864
pretrain,train,CC1(C)O[C@@H]2[C@@H](O1)C(c1ccccc1)(c1ccccc1)OP(N1CCCC1)OC2(c1ccccc1)c1ccccc1,2,axial,5843
pretrain,train,CC1(C)O[C@@H]2[C@@H](O1)C(c1ccccc1)(c1ccccc1)OP(N1CCCCC1)OC2(c1ccccc1)c1ccccc1,2,axial,5845
pretrain,train,CC1(C)O[C@@H]2[C@@H](O1)C(c1ccccc1)(c1ccccc1)OP(N1c3ccccc3C=Cc3ccccc31)OC2(c1ccccc1)c1ccccc1,2,axial,-1
pretrain,train,CC1(C)O[C@@H]2[C@@H](O1)C(c1ccccc1)(c1ccccc1)OP(c1ccccc1)OC2(c1ccccc1)c1ccccc1,2,axial,5874
pretrain,train,CC1(C)O[C@H](C(O)(c2ccccc2)c2ccccc2)[C@@H](C(O)(c2ccccc2)c2ccccc2)O1,1,central,6312
pretrain,train,CC1(C)O[C@H](CP(c2ccccc2)c2ccccc2)[C@@H](CP(c2ccccc2)c2ccccc2)O1,1,central,592
pretrain,train,CC1(C)O[C@H](P(c2ccccc2)c2ccccc2)[C@@H](P(c2ccccc2)c2ccccc2)O1,1,central,820
pretrain,train,CC1(C)O[C@H]2[C@H](O1)C(c1ccccc1)(c1ccccc1)OP(N1CCCC1)OC2(c1ccccc1)c1ccccc1,2,axial,5844
pretrain,train,CC1(C)O[C@H]2[C@H](O1)C(c1ccccc1)(c1ccccc1)OP(N1CCCCC1)OC2(c1ccccc1)c1ccccc1,2,axial,5846
pretrain,train,CC1(C)O[C@H]2[C@H](O1)C(c1ccccc1)(c1ccccc1)OP(N1c3ccccc3C=Cc3ccccc31)OC2(c1ccccc1)c1ccccc1,2,axial,5848
pretrain,train,CC1(C)O[C@H]2[C@H](O1)C(c1ccccc1)(c1ccccc1)OP(c1ccccc1)OC2(c1ccccc1)c1ccccc1,2,axial,5875
pretrain,train,CC1(C)Oc2cc3c(cc2[C@@H]2O[C@@H]21)no[n+]3[O-],1,central,102
pretrain,train,CC1(C)Oc2cc3nonc3cc2[C@@H]2O[C@@H]21,1,central,103
pretrain,train,CC1(C)Oc2ccc(C#N)cc2[C@@H](N2CCCC2=O)[C@@H]1O,1,central,56
pretrain,train,CC1(C)Oc2ccc(C#N)cc2[C@@H](Oc2ccc(=O)[nH]n2)[C@@H]1O,1,central,55
pretrain,train,CC1(C)Oc2ccc(P(c3ccccc3)c3ccccc3)c(-c3c(P(c4ccccc4)c4ccccc4)ccc4c3OC(C)(C)O4)c2O1,2,axial,7013
pretrain,train,CC1(C)Oc2ccc([C@H](O)C(=O)O)cc2O1,1,central,2227
pretrain,train,CC1(C)SCN[C@@H]1C(=O)O,1,central,1461
pretrain,train,CC1(C)[C@@H](/C=C(\Cl)c2ccc(Cl)cc2)[C@@H]1C(=O)OC(C#N)c1ccc(F)c(Oc2ccccc2)c1,1,central,836
pretrain,train,CC1(C)[C@@H](C=C(Cl)Cl)[C@@H]1C(=O)O[C@@H](C#N)c1ccc(F)c(Oc2ccccc2)c1,1,central,880
pretrain,train,CC1(C)[C@@H](C=C(Cl)Cl)[C@@H]1C(=O)O[C@@H](C#N)c1cccc(Oc2ccccc2)c1,1,central,876
pretrain,train,CC1(C)[C@H](/C=C(/Cl)C(F)(F)F)[C@@H]1C(=O)O[C@H](C#N)c1cccc(Oc2ccccc2)c1,1,central,926
pretrain,train,CC1(C)[C@H](C(=O)OC(C#N)c2cccc(Oc3ccccc3)c2)[C@@H]1/C=C(/Cl)C(F)(F)F,1,central,831
pretrain,train,CC1(C)[C@H](C(=O)OCc2cccc(Oc3ccccc3)c2)[C@@H]1C=C(Cl)Cl,1,central,236
pretrain,train,CC1(C)[C@H](C(=O)O[C@@H](C#N)c2ccc(F)c(Oc3ccccc3)c2)[C@@H]1C=C(Cl)Cl,1,central,883
pretrain,train,CC1(C)[C@H](C(=O)O[C@@H](C#N)c2cccc(Oc3ccccc3)c2)[C@@H]1C=C(Cl)Cl,1,central,879
pretrain,train,CC1(C)[C@H](C=C(Br)Br)[C@@H]1C(=O)O[C@@H](C#N)c1cccc(Oc2ccccc2)c1,1,central,954
pretrain,train,CC1(C)[C@H](C=C(Cl)Cl)[C@@H]1C(=O)O[C@@H](C#N)c1ccc(F)c(Oc2ccccc2)c1,1,central,882
pretrain,train,CC1(C)[C@H](C=C(Cl)Cl)[C@@H]1C(=O)O[C@@H](C#N)c1cccc(Oc2ccccc2)c1,1,central,878
pretrain,train,CC1(C)[C@H](C=C(Cl)Cl)[C@H]1C(=O)OCc1cccc(Oc2ccccc2)c1,1,central,235
pretrain,train,CC1(C)[C@H](C=C(Cl)Cl)[C@H]1C(=O)O[C@@H](C#N)c1ccc(F)c(Oc2ccccc2)c1,1,central,881
pretrain,train,CC1(C)[C@H](C=C(Cl)Cl)[C@H]1C(=O)O[C@@H](C#N)c1cccc(Oc2ccccc2)c1,1,central,877
pretrain,train,CC1(C)[C@H]2CC[C@]1(C)/C(=N/OC(=O)Nc1cc([N+](=O)[O-])cc([N+](=O)[O-])c1)C2,1,central,607
pretrain,train,CC1(C)[C@H]2Cc3ccc(C4=N[C@@H](c5ccccc5)CO4)nc3[C@@H]1C2,1,central,6553
pretrain,train,CC1(C)[C@H]2Cc3ccc(C4=N[C@H](c5ccccc5)CO4)nc3[C@@H]1C2,1,central,6554
pretrain,train,CC1(C)c2cccc([C@@H](NS(=O)C(C)(C)C)c3ccccc3)c2Oc2c(P(c3ccccc3)c3ccccc3)cccc21,1,central,-1
pretrain,train,CC1(C)c2cccc([C@H](NS(=O)C(C)(C)C)C34CC5CC(CC(C5)C3)C4)c2Oc2c(P(c3ccccc3)c3ccccc3)cccc21,1,central,5784
pretrain,train,CC1(C)c2cccc([C@H](NS(=O)C(C)(C)C)c3ccccc3)c2Oc2c(P(c3ccccc3)c3ccccc3)cccc21,1,central,-1
pretrain,train,CC12C[C@@H](C(N)=O)C(C)(c3ccccc31)c1ccccc12,1,central,4178
pretrain,train,CC12c3ccccc3C(C)(c3ccccc31)C(Br)(C(N)=O)C2Br,1,central,4174
pretrain,train,CC12c3ccccc3C(C)(c3ccccc31)C(C(N)=O)C2Br,1,central,4175
pretrain,train,CC12c3ccccc3C(C)(c3ccccc31)C(C(N)=O)C2Cl,1,central,4176
pretrain,train,CC12c3ccccc3C(C)(c3ccccc31)C(c1ccccc1)C2C(N)=O,1,central,4177
pretrain,train,CC1=C(Br)C(=O)O[C@@H](c2ccccc2)O1,1,central,2046
pretrain,train,CC1=C(Br)C(=O)O[C@H](C(C)(C)C)O1,1,central,2047
pretrain,train,CC1=C(C(=O)Nc2ccccc2)[C@@H](c2ccccc2Cl)C(C(=O)OCCCc2ccccn2)=C(C)N1,1,central,4904
pretrain,train,CC1=C(C(=O)O)[C@H](c2ccccc2C(F)(F)F)C([N+](=O)[O-])=C(C)N1,1,central,3131
pretrain,train,CC1=C(C(=O)OC(C)(C)C)[C@@H](c2ccccc2C(F)(F)F)C([N+](=O)[O-])=C(C)N1,1,central,3129
pretrain,train,CC1=C(C(=O)OCCC#N)[C@H](c2ccccc2C(F)(F)F)C([N+](=O)[O-])=C(C)N1,1,central,3128
pretrain,train,CC1=C(C(=O)OCCN(C)Cc2ccccc2)[C@@H](c2cccc([N+](=O)[O-])c2)N(C(=O)OCC(C)C)C(=S)N1,1,central,3126
pretrain,train,CC1=C(C(=O)OCc2ccccc2)[C@H](c2cccc3ccccc23)N(C)C(=O)N1C,1,central,1454
pretrain,train,CC1=C(C(=O)OCc2ccccc2)[C@H](c2cccc3ccccc23)NC(=O)N1C,1,central,1440
pretrain,train,CC1=C(C)C2=C(CCC(C)(C)O2)[C@@]2(CCc3c4c(c(C)c(C)c3O2)OC(C)(C)CC4)C1=O,1,central,3313
pretrain,train,CC1=C(C/C=C(/C)CCC[C@@H](C)CCC[C@@H](C)CCCC(C)C)C(=O)c2ccccc2C1=O,1,central,242
pretrain,train,CC1=C(C/C=C(/C)CCC[C@H](C)CCC[C@@H](C)CCCC(C)C)C(=O)c2ccccc2C1=O,1,central,241
pretrain,train,CC1=C(C/C=C(\C)CCC[C@@H](C)CCC[C@@H](C)CCCC(C)C)C(=O)c2ccccc2C1=O,1,central,244
pretrain,train,CC1=C(C/C=C(\C)CCC[C@@H](C)CCC[C@H](C)CCCC(C)C)C(=O)c2ccccc2C1=O,1,central,243
pretrain,train,CC1=C(O)C(=O)[C@@H](C)O1,1,central,3077
pretrain,train,CC1=C(c2ccccc2)P2(=O)C=C(c3ccccc3)C1(C)C2,1,central,2922
pretrain,train,CC1=C(c2ccccc2)P2(=O)CC1(C)C(c1ccccc1)=C2C,1,central,2921
pretrain,train,CC1=C(c2ccccc2)P2(=O)CC1(C)C(c1ccccc1)=C2CO,1,central,2517
pretrain,train,CC1=C(c2ccccc2)P2(=O)CC1(C)C(c1ccccc1)=C2CP(c1ccccc1)c1ccccc1,1,central,2896
pretrain,train,CC1=C(c2ccccc2)P2(=O)CC1(C)C(c1ccccc1)=C2c1ccccc1,1,central,5175
pretrain,train,CC1=CC(=O)CC(C)(C)[C@@]1(O)/C=C/C(C)=C\C(=O)O,1,central,3275
pretrain,train,CC1=CC(=O)C[C@]1(C)c1ccc(C)cc1,1,central,2379
pretrain,train,CC1=CC(=O)C[C@]1(C)c1cccc(C)c1,1,central,2378
pretrain,train,CC1=CC(=O)N2CC(=O)N(C)c3ccc(Cl)cc3[C@@]2(c2ccccc2)O1,1,central,4188
pretrain,train,CC1=CC(=O)O[C@@H](C(C)(C)C)O1,1,central,5435
pretrain,train,CC1=CC(=O)O[C@@H](C)O1,1,central,5436
pretrain,train,CC1=CC(=O)O[C@@H](CCc2ccccc2)O1,1,central,2049
pretrain,train,CC1=CC(=O)O[C@@H](c2ccccc2)O1,1,central,5434
pretrain,train,CC1=CC(=O)O[C@H](C(Cl)(Cl)Cl)O1,1,central,2050
pretrain,train,CC1=CC(=O)O[C@H](c2ccc3ccccc3c2)O1,1,central,3101
pretrain,train,CC1=CC[C@@H](C(C)(C)O)C[C@H]1O,1,central,228
pretrain,train,CC1=CC[C@H](C(C)(C)O)C[C@H]1O,1,central,229
pretrain,train,CC1=CP2(=O)C=C(c3ccccc3)C1(C)C2,1,central,5174
pretrain,train,CC1=C[C@@H](O)CC(C)(C)[C@@]1(O)/C=C/C(C)=C\C(=O)O,1,central,366
pretrain,train,CC1=C[C@@H](O)CC(C)(C)[C@]1(O)/C=C/C(C)=C\C(=O)O,1,central,367
pretrain,train,CC1=C[C@H](C(C)C)c2ccccc21,1,central,5400
pretrain,train,CC1CC(OC(=O)C(O)c2ccccc2)CC(C)(C)C1,1,central,825
pretrain,train,CC1CCCC[C@@H]1OC(=O)Nc1ccccc1,1,central,693
pretrain,train,CC1CCCC[C@@H]1OC(=O)c1ccccc1,1,central,690
pretrain,train,CC1NCCOC1c1ccccc1,1,central,700
pretrain,train,CCC(=O)C(C[C@@H](C)N(C)C)(c1ccccc1)c1ccccc1,1,central,1767
pretrain,train,CCC(=O)N[C@@H](C)c1ccc2c(c1)Cc1ccccc1-2,1,central,2354
pretrain,train,CCC(=O)N[C@@H](C)c1cccc2ccccc12,1,central,1411
pretrain,train,CCC(=O)N[C@@H](CC)c1ccc2c(c1)Cc1ccccc1-2,1,central,2346
pretrain,train,CCC(=O)N[C@H](c1ccc2c(c1)Cc1ccccc1-2)C(C)C,1,central,2377
pretrain,train,CCC(=O)OC(Cc1ccccc1)(c1ccccc1)C(C)CN(C)C,1,central,701
pretrain,train,CCC(=O)O[C@@H](C)c1ccccc1,1,central,5502
pretrain,train,CCC(=O)O[C@@H](C)c1ccncc1,1,central,4836
pretrain,train,CCC(=O)O[C@@H]1C(=O)OCC1(C)C,1,central,5375
pretrain,train,CCC(=O)O[C@@H]1N=C(c2ccccc2)c2cc(Cl)ccc2NC1=O,1,central,3700
pretrain,train,CCC(=O)O[C@H]1CCOC1=O,1,central,5379
pretrain,train,CCC(=O)Oc1ccc2c(c1)OC[C@@H]1c3ccc(OC)cc3O[C@H]21,1,central,372
pretrain,train,CCC(=O)[C@@H](C)[C@@H](O)c1cccc2ccccc12,1,central,671
pretrain,train,CCC(=O)[C@@H](C)[C@H](O)c1cccc2ccccc12,1,central,670
pretrain,train,CCC(=O)[C@H](C)OCc1ccccc1,1,central,2876
pretrain,train,CCC(=O)c1ccc2c(c1)N(C[C@H](C)N(C)C)c1ccccc1S2,1,central,3110
pretrain,train,CCC(C)(C)NC[C@@H](O)COc1ccc(O)cc1C(=O)CCc1ccccc1,1,central,1430
pretrain,train,CCC(C)(C)NC[C@@H](O)COc1ccccc1C(=O)CCc1ccccc1,1,central,1429
pretrain,train,CCC(C)C(C(=O)OC1CCN(C)CC1)c1ccccc1,1,central,636
pretrain,train,CCC(C)C(CC(=O)OC)NC(=O)c1cc([N+](=O)[O-])cc([N+](=O)[O-])c1,1,central,549
pretrain,train,CCC(C)C1NC(=S)N(C)C1=O,1,central,51
pretrain,train,CCC(C)[C@@H](NC(=O)n1c2ccccc2c2ccccc21)C(=O)O,1,central,398
pretrain,train,CCC(C)[C@H]1COC(C2=N[C@@H](C(C)CC)CO2)=N1,1,central,-1
pretrain,train,CCC(C)[C@](O)(C(=O)O)c1ccsc1,1,central,4291
pretrain,train,CCC(CC)(C1=N[C@@H](C(C)(C)C)CO1)C1=N[C@@H](C(C)(C)C)CO1,1,central,6711
pretrain,train,CCC(CC)(C1=N[C@@H](C(C)C)CO1)C1=N[C@@H](C(C)C)CO1,1,central,6709
pretrain,train,CCC(CC)(C1=N[C@@H](Cc2ccccc2)CO1)C1=N[C@@H](Cc2ccccc2)CO1,1,central,6715
pretrain,train,CCC(CC)(C1=N[C@@H](c2ccccc2)CO1)C1=N[C@@H](c2ccccc2)CO1,1,central,6712
pretrain,train,CCC(CC)(C1=N[C@@H](c2ccccc2)[C@@H](c2ccccc2)O1)C1=N[C@@H](c2ccccc2)[C@@H](c2ccccc2)O1,1,central,6716
pretrain,train,CCC(CC)(C1=N[C@@H]2c3ccccc3C[C@@H]2O1)C1=N[C@@H]2c3ccccc3C[C@@H]2O1,2,axial,6718
pretrain,train,CCC(CC)(C1=N[C@H](C(C)(C)C)CO1)C1=N[C@H](C(C)(C)C)CO1,1,central,6710
pretrain,train,CCC(CC)(C1=N[C@H](C(C)C)CO1)C1=N[C@H](C(C)C)CO1,1,central,6708
pretrain,train,CCC(CC)(C1=N[C@H](C)CO1)C1=N[C@H](C)CO1,1,central,6707
pretrain,train,CCC(CC)(C1=N[C@H](Cc2ccccc2)CO1)C1=N[C@H](Cc2ccccc2)CO1,1,central,6714
pretrain,train,CCC(CC)(C1=N[C@H](c2ccccc2)CO1)C1=N[C@H](c2ccccc2)CO1,1,central,6713
pretrain,train,CCC(CC)(C1=N[C@H](c2ccccc2)[C@H](c2ccccc2)O1)C1=N[C@H](c2ccccc2)[C@H](c2ccccc2)O1,1,central,6717
pretrain,train,CCC(CC)(C1=N[C@H]2c3ccccc3C[C@H]2O1)C1=N[C@H]2c3ccccc3C[C@H]2O1,2,axial,6719
pretrain,train,CCC(CN(C)C)N1C(=O)C[C@]2(CCCc3ccccc32)C1=O,1,central,633
pretrain,train,CCC(CN1C(=O)C[C@@]2(CCCc3ccccc32)C1=O)N(C)C,1,central,634
pretrain,train,CCC1(C)CC(=O)NC(=O)C1,1,central,4724
pretrain,train,CCC1(CC)C(=O)NC[C@H](C)C1=O,1,central,2828
pretrain,train,CCC1(c2ccc(C)cc2)C(=O)NC(=S)NC1=O,1,central,4834
pretrain,train,CCC12CCC3C4CCC(=O)C=C4CCC3C1CCC2(C#N)OC(=O)Nc1cc([N+](=O)[O-])cc([N+](=O)[O-])c1,1,central,5566
pretrain,train,CCC1=C(C)/C2=C/c3c(CC)c(C)c4[n]3[Cu][n]3/c(c(C)c(CC)/c3=C/C3=NC(=C\4NC(=O)C(C)(C)C)/C(CC)=C3C)=C\C1=N2,4,planar,5581
pretrain,train,CCC1=C(C)/C2=C/c3c(CC)c(C)c4[n]3[Zn][n]3/c(c(C)c(CC)/c3=C/C3=NC(=C\4NC(=O)C(C)(C)C)/C(CC)=C3C)=C\C1=N2,4,planar,5582
pretrain,train,CCC1=C(C)c2cc3[nH]c(c(C)c3CC)c(NC(=O)C(C)(C)C)c3nc(cc4[nH]c(cc1n2)c(C)c4CC)C(C)=C3CC,4,planar,5580
pretrain,train,CCC1=C(C)c2cc3c(CC)c(C)c(cc4nc(cc5[nH]c(cc1n2)c(C)c5CC)C(C)=C4CC)n3C,1,central,-1
pretrain,train,CCC1=C(CC)/C2=C(\c3c(OCc4ccccc4)ccc4ccccc34)c3c(CC)c(CC)c4[n]3[Ni][n]3/c(c(CC)c(CC)/c3=C(\c3c(OCc5ccccc5)ccc5ccccc35)C3=N/C(=C\4COCc4ccccc4)C(CC)=C3CC)=C\C1=N2,2,axial,1049
pretrain,train,CCC1=C(CC)/C2=C/c3c(CC)c(CC)c4[n]3[Zn][n]3/c(c(CC)c(CC)/c3=C(\c3c(O)ccc5ccccc35)C3=N/C(=C\4c4c(O)ccc5ccccc45)C(CC)=C3CC)=C\C1=N2,2,axial,1050
pretrain,train,CCC1=C(CC)/C2=C/c3c(CC)c(CC)c4[n]3[Zn][n]3/c(c(CC)c(CC)/c3=C(\c3c(OCc5ccccc5)ccc5ccccc35)C3=N/C(=C\4c4c(OCc5ccccc5)ccc5ccccc45)C(CC)=C3CC)=C\C1=N2,2,axial,1051
pretrain,train,CCC1=C(c2ccc(O)cc2)[C@@H](C)c2cc(O)ccc21,1,central,2686
pretrain,train,CCC1=C(c2ccc(O)cc2)[C@@H](CC)c2cc(O)ccc21,1,central,5055
pretrain,train,CCC1=C[C@@H](C(C)C)c2ccccc21,1,central,5399
pretrain,train,CCC1=C[C@H](C)c2ccccc21,1,central,5405
pretrain,train,CCC1C(=O)N/C(=C\c2[nH]c(C=O)c(CCC(=O)OC)c2C)C1C,1,central,547
pretrain,train,CCCC(=O)N[C@@H](C)c1ccc2c(c1)Cc1ccccc1-2,1,central,2353
pretrain,train,CCCC(=O)N[C@@H](CCC)c1ccc2c(c1)Cc1ccccc1-2,1,central,2414
pretrain,train,CCCC(=O)N[C@@H](c1cccc2cc(C)c(C)cc12)C1CCCCC1,1,central,3852
pretrain,train,CCCC(=O)N[C@@H](c1cccc2ccccc12)C(C)C,1,central,3868
pretrain,train,CCCC(=O)N[C@H](C)c1ccc2ccccc2c1,1,central,3860
pretrain,train,CCCC(=O)N[C@H](C)c1cccc2cc(C)c(C)cc12,1,central,3857
pretrain,train,CCCC(=O)N[C@H](C)c1cccc2ccccc12,1,central,1410
pretrain,train,CCCC(=O)N[C@H](c1ccc2c(c1)Cc1ccccc1-2)C(C)C,1,central,2376
pretrain,train,CCCC(=O)Nc1ccc(OC[C@@H](O)CNC(C)C)c(C(C)=O)c1,1,central,1652
pretrain,train,CCCC(=O)Nc1ccc(OC[C@@H]2CN(C(C)C)C(=O)O2)c(C(C)=O)c1,1,central,1218
pretrain,train,CCCC(=O)Nc1ccc(OC[C@H](O)CN(C(=O)Nc2ccccc2)C(C)C)c(C(C)=O)c1,1,central,2677
pretrain,train,CCCC(=O)OC[C@@H]1CC(=O)N(c2ccccc2)O1,1,central,1966
pretrain,train,CCCC(=O)OC[C@@H]1CC(Br)=NO1,1,central,1970
pretrain,train,CCCC(=O)OC[C@H]1CC(=O)N(C)O1,1,central,1972
pretrain,train,CCCC(=O)O[C@@H]1C(=O)OCC1(C)C,1,central,5374
pretrain,train,CCCC(=O)O[C@H](C)c1ccncc1,1,central,4838
pretrain,train,CCCC(=O)O[C@H](CCl)COS(=O)(=O)c1ccc(C)cc1,1,central,2650
pretrain,train,CCCC(=O)O[C@H]1CCOC1=O,1,central,5378
pretrain,train,CCCC(=O)O[C@H]1N=C(c2ccccc2)c2cc(Cl)ccc2NC1=O,1,central,3699
pretrain,train,CCCC(=O)[C@@H](C)c1ccccc1,1,central,1991
pretrain,train,CCCC(=O)[C@@H](CC)c1ccccc1,1,central,1990
pretrain,train,CCCC(CCC)(C1=N[C@@H](c2ccccc2)CO1)C1=N[C@@H](c2ccccc2)CO1,1,central,6838
pretrain,train,CCCC(CCC)(C1=N[C@H](c2ccccc2)CO1)C1=N[C@H](c2ccccc2)CO1,1,central,6837
pretrain,train,CCCC/C=C/[C@@H](O)C/C=C\CCCCCCCC(=O)OC,1,central,3104
pretrain,train,CCCC/[S@@](C)=N\S(=O)(=O)c1ccc(C)cc1,1,central,5249
pretrain,train,CCCC12CNC(=O)C(CCC)(C1)CC(CCC)(C(=O)Nc1ccc(NC(=O)C3(CCC)CC4(CCC)CC(CCC)(C3)C(=O)NC4=O)cc1)C2,1,central,5549
pretrain,train,CCCC12CNC(=O)C(CCC)(C1)CC(CCC)(C(=O)Nc1ccc3ccc(NC(=O)C4(CCC)CC5(CCC)CNC(=O)C(CCC)(C5)C4)cc3c1)C2,1,central,5550
pretrain,train,CCCC1=C[C@@H](C)c2ccccc21,1,central,5404
pretrain,train,CCCCB1O[C@H](C(=O)N(C)C)[C@@H](C(=O)N(C)C)O1,1,central,6351
pretrain,train,CCCCC#C[C@@H](O)c1ccccc1,1,central,3340
pretrain,train,CCCCC(=O)N[C@@H](C)c1ccc2c(c1)Cc1ccccc1-2,1,central,2352
pretrain,train,CCCCC(=O)N[C@@H](CC)c1ccc2c(c1)Cc1ccccc1-2,1,central,2345
pretrain,train,CCCCC(=O)N[C@@H](CCC)c1ccc2c(c1)Cc1ccccc1-2,1,central,2325
pretrain,train,CCCCC(=O)N[C@H](c1ccc2c(c1)Cc1ccccc1-2)C(C)C,1,central,2339
pretrain,train,CCCCC(=O)O[C@@H]1N=C(c2ccccc2)c2cc(Cl)ccc2NC1=O,1,central,3696
pretrain,train,CCCCC(C)=C=CCC(=O)OCC,2,axial,1020
pretrain,train,CCCCC(CC)COC(=O)[C@@H](C)Oc1ccc(Cl)cc1C,1,central,534
pretrain,train,CCCCC/C=C\C/C=C\C/C=C\C/C=C\CCCC(=O)OC[C@H](COC(=O)Nc1cc([N+](=O)[O-])cc([N+](=O)[O-])c1)OC(=O)Nc1cc([N+](=O)[O-])cc([N+](=O)[O-])c1,1,central,1902
pretrain,train,CCCCC/C=C\C/C=C\C/C=C\C=C\[C@@H](CCCC(=O)OC)OC(=O)Nc1cc([N+](=O)[O-])cc([N+](=O)[O-])c1,1,central,2302
pretrain,train,CCCCC/C=C\C/C=C\C/C=C\C=C\[C@@H](CCCC(=O)OC)OC(=O)c1cc([N+](=O)[O-])cc([N+](=O)[O-])c1,1,central,2303
pretrain,train,CCCCC/C=C\C/C=C\C/C=C\C=C\[C@@H](CCCC(=O)OC)OC(=O)c1cccc2ccccc12,1,central,3975
pretrain,train,CCCCC/C=C\C/C=C\C/C=C\C=C\[C@@H](CCCC(=O)OC)OC(=O)c1ccccc1,1,central,2301
pretrain,train,CCCCC/C=C\C/C=C\C/C=C\C=C\[C@@H](O)CCCC(=O)OC,1,central,1582
pretrain,train,CCCCC/C=C\C/C=C\C/C=C\C=C\[C@H](O)CCCC(=O)O,1,central,1575
pretrain,train,CCCCC/C=C\C/C=C\C/C=C\C[C@H]1O[C@H]1CCCC(=O)OC,1,central,1552
pretrain,train,CCCCC/C=C\C/C=C\C=C\[C@@H](C/C=C\CCCC(=O)OC)OC(=O)c1cccc2ccccc12,1,central,3976
pretrain,train,CCCCC/C=C\C/C=C\C=C\[C@@H](C/C=C\CCCC(=O)OC)OC(=O)c1ccccc1,1,central,3977
pretrain,train,CCCCC/C=C\C/C=C\C=C\[C@@H](O)C/C=C\CCCC(=O)OC,1,central,1558
pretrain,train,CCCCC/C=C\C/C=C\C=C\[C@H](O)C/C=C\CCCC(=O)O,1,central,1576
pretrain,train,CCCCC/C=C\C/C=C\CCCCCCCC(=O)OC[C@H](COC(=O)Nc1cc([N+](=O)[O-])cc([N+](=O)[O-])c1)OC(=O)CCCCCCC/C=C\C/C=C\CCCCC,1,central,3244
pretrain,train,CCCCC/C=C\C/C=C\CCCCCCCC(=O)OC[C@H](COC(=O)Nc1cc([N+](=O)[O-])cc([N+](=O)[O-])c1)OC(=O)CCCCCCC/C=C\CCCCCCCC,1,central,3183
pretrain,train,CCCCC/C=C\C/C=C\CCCCCCCC(=O)OC[C@H](COC(=O)Nc1cc([N+](=O)[O-])cc([N+](=O)[O-])c1)OC(=O)CCCCCCCCCCCCCCC,1,central,3196
pretrain,train,CCCCC/C=C\C/C=C\CCCCCCCC(=O)OC[C@H](COC(=O)Nc1cc([N+](=O)[O-])cc([N+](=O)[O-])c1)OC(=O)CCCCCCCCCCCCCCCCC,1,central,3197
pretrain,train,CCCCC/C=C\C/C=C\CCCCCCCC(=O)OC[C@H](COC(=O)Nc1cc([N+](=O)[O-])cc([N+](=O)[O-])c1)OC(=O)Nc1cc([N+](=O)[O-])cc([N+](=O)[O-])c1,1,central,1904
pretrain,train,CCCCC/C=C\C/C=C\CCCCCCCC(=O)O[C@H](COC(=O)CCCCCCC/C=C\CCCCCCCC)COC(=O)Nc1cc([N+](=O)[O-])cc([N+](=O)[O-])c1,1,central,2472
pretrain,train,CCCCC/C=C\C/C=C\CCCCCCCC(=O)O[C@H](COC(=O)CCCCCCCCCCCCCCC)COC(=O)Nc1cc([N+](=O)[O-])cc([N+](=O)[O-])c1,1,central,2473
pretrain,train,CCCCC/C=C\C/C=C\CCCCCCCC(=O)O[C@H](COC(=O)CCCCCCCCCCCCCCCCC)COC(=O)Nc1cc([N+](=O)[O-])cc([N+](=O)[O-])c1,1,central,3198
pretrain,train,CCCCC/C=C\C/C=C\C[C@@H](/C=C/C=C\CCCC(=O)OC)OC(=O)c1ccccc1,1,central,3979
pretrain,train,CCCCC/C=C\C/C=C\C[C@H](/C=C/C=C\CCCC(=O)OC)OC(=O)c1cccc2ccccc12,1,central,3978
pretrain,train,CCCCC/C=C\C/C=C\C[C@H](O)/C=C/C=C\CCCC(=O)O,1,central,1577
pretrain,train,CCCCC/C=C\C/C=C\C[C@H](O)/C=C/C=C\CCCC(=O)OC,1,central,1557
pretrain,train,CCCCC/C=C\C/C=C\C[C@H]1O[C@H]1C/C=C\CCCCOC(=O)c1c(F)c(F)c(F)c(F)c1F,1,central,1553
pretrain,train,CCCCC/C=C\C=C\[C@@H](C/C=C\C/C=C\CCCC(=O)OC)OC(=O)c1cccc2ccccc12,1,central,3982
pretrain,train,CCCCC/C=C\C=C\[C@@H](C/C=C\C/C=C\CCCC(=O)OC)OC(=O)c1ccccc1,1,central,3983
pretrain,train,CCCCC/C=C\C=C\[C@@H](O)C/C=C\C/C=C\CCCC(=O)O,1,central,1578
pretrain,train,CCCCC/C=C\C=C\[C@@H](O)C/C=C\C/C=C\CCCC(=O)OC,1,central,1559
pretrain,train,CCCCC/C=C\C=C\[C@@H](O)CCCCCCCC(=O)O,1,central,1573
pretrain,train,CCCCC/C=C\C=C\[C@@H](O)CCCCCCCC(=O)OC,1,central,1556
pretrain,train,CCCCC/C=C\C[C@@H](O)/C=C/C=C\C/C=C\CCCC(=O)O,1,central,1579
pretrain,train,CCCCC/C=C\C[C@@H]1O[C@@H]1C/C=C\C/C=C\CCCCOC(=O)c1c(F)c(F)c(F)c(F)c1F,1,central,1554
pretrain,train,CCCCC/C=C\C[C@H](/C=C/C=C\C/C=C\CCCC(=O)OC)OC(=O)c1cccc2ccccc12,1,central,3984
pretrain,train,CCCCC/C=C\C[C@H](/C=C/C=C\C/C=C\CCCC(=O)OC)OC(=O)c1ccccc1,1,central,3985
pretrain,train,CCCCC/C=C\C[C@H](O)/C=C/C=C\C/C=C\CCCC(=O)OC,1,central,1560
pretrain,train,CCCCC/C=C\C[C@H]1CCC(=O)O1,1,central,2757
pretrain,train,CCCCC1=C[C@@H](C)c2ccccc21,1,central,5403
pretrain,train,CCCCCC/C=C\[C@H](O)c1ccccc1,1,central,2619
pretrain,train,CCCCCCC#C[C@@H](O)c1ccccc1,1,central,3341
pretrain,train,CCCCCCC#C[C@]1(c2ccc(C)c3ccc(C)cc23)OC(=O)c2ccccc21,1,central,4560
pretrain,train,CCCCCCC(=O)N[C@@H](C)c1ccc2c(c1)Cc1ccccc1-2,1,central,2351
pretrain,train,CCCCCCC(=O)N[C@@H](CCC)c1ccc2c(c1)Cc1ccccc1-2,1,central,2324
pretrain,train,CCCCCCC(=O)N[C@@H](CCCCCC)c1ccc2c(c1)Cc1ccccc1-2,1,central,2331
pretrain,train,CCCCCCC(=O)N[C@H](C)c1cccc2ccccc12,1,central,3875
pretrain,train,CCCCCCC(=O)N[C@H](CC)c1ccc2c(c1)Cc1ccccc1-2,1,central,2344
pretrain,train,CCCCCCC(=O)N[C@H](c1ccc2c(c1)Cc1ccccc1-2)C(C)C,1,central,2375
pretrain,train,CCCCCCC1=C(C)/C2=C/c3c4c(C)c5[n]3[Mn][n]3/c(c(C)c(/c3=C/C3=NC(=C\5)/C(CCCCCC)=C3C)CCC(=O)NCc3ccc(cc3)CNC(=O)CC4)=C\C1=N2,2,axial,1001
pretrain,train,CCCCCCC1=C(C)/C2=C/c3c4c(C)c5[n]3[Zn][n]3/c(c(C)c(/c3=C/C3=NC(=C\5)/C(CCCCCC)=C3C)CCC(=O)NCc3ccc(cc3)CNC(=O)CC4)=C\C1=N2,2,axial,1003
pretrain,train,CCCCCCC1=C(C)c2cc3[nH]c4cc5nc(cc6[nH]c(cc1n2)c(C)c6CCC(=O)NCCCCCCCCCCCCNC(=O)CCc3c4C)C(C)=C5CCCCCC,2,axial,999
pretrain,train,CCCCCCC1=C(C)c2cc3[nH]c4cc5nc(cc6[nH]c(cc1n2)c(C)c6CCC(=O)NCc1ccc(cc1)CNC(=O)CCc3c4C)C(C)=C5CCCCCC,2,axial,1002
pretrain,train,CCCCCCC1=C(C)c2cc3[nH]c4cc5nc(cc6[nH]c(cc1n2)c(C)c6CCC(=O)NCc1cccc(c1)CNC(=O)CCc3c4C)C(C)=C5CCCCCC,2,axial,1000
pretrain,train,CCCCCCCC(=O)N[C@@H](CC)c1ccc2c(c1)Cc1ccccc1-2,1,central,2343
pretrain,train,CCCCCCCC(=O)N[C@@H](CCC)c1ccc2c(c1)Cc1ccccc1-2,1,central,2323
pretrain,train,CCCCCCCC(=O)N[C@H](c1ccc2c(c1)Cc1ccccc1-2)C(C)C,1,central,2338
pretrain,train,CCCCCCCC(=O)O[C@@H]1CCCC[C@H]1OC(=O)CCCCCCC,1,central,684
pretrain,train,CCCCCCCC/C=C/CCCCCCCC(=O)OC[C@H](COC(=O)Nc1cc([N+](=O)[O-])cc([N+](=O)[O-])c1)OC(=O)CCCCCCCCCCCCCCCCC,1,central,3249
pretrain,train,CCCCCCCC/C=C\CCCCCCCC(=O)OC[C@H](COC(=O)Nc1cc([N+](=O)[O-])cc([N+](=O)[O-])c1)OC(=O)CCCCCCC/C=C\CCCCCCCC,1,central,3199
pretrain,train,CCCCCCCC/C=C\CCCCCCCC(=O)OC[C@H](COC(=O)Nc1cc([N+](=O)[O-])cc([N+](=O)[O-])c1)OC(=O)CCCCCCCCCCCCCCC,1,central,3193
pretrain,train,CCCCCCCC/C=C\CCCCCCCC(=O)OC[C@H](COC(=O)Nc1cc([N+](=O)[O-])cc([N+](=O)[O-])c1)OC(=O)CCCCCCCCCCCCCCCCC,1,central,3194
pretrain,train,CCCCCCCC/C=C\CCCCCCCC(=O)OC[C@H](COC(=O)Nc1cc([N+](=O)[O-])cc([N+](=O)[O-])c1)OC(=O)Nc1cc([N+](=O)[O-])cc([N+](=O)[O-])c1,1,central,1905
pretrain,train,CCCCCCCC/C=C\CCCCCCCC(=O)O[C@H](COC(=O)CCCCCCCCCCCCCCC)COC(=O)Nc1cc([N+](=O)[O-])cc([N+](=O)[O-])c1,1,central,2474
pretrain,train,CCCCCCCC/C=C\CCCCCCCC(=O)O[C@H](COC(=O)CCCCCCCCCCCCCCCCC)COC(=O)Nc1cc([N+](=O)[O-])cc([N+](=O)[O-])c1,1,central,3195
pretrain,train,CCCCCCCC/C=C\CCCCCC[C@@]1(C(=O)OC)CO1,1,central,4916
pretrain,train,CCCCCCCCC/C=C\C=C\[C@@H](SCCC(=O)O)[C@@H](O)c1cccc(-c2nnn[nH]2)c1,1,central,182
pretrain,train,CCCCCCCCCC(=O)N[C@@H](C)c1ccc2c(c1)Cc1ccccc1-2,1,central,2350
pretrain,train,CCCCCCCCCC(=O)N[C@@H](CC)c1ccc2c(c1)Cc1ccccc1-2,1,central,2415
pretrain,train,CCCCCCCCCC(=O)N[C@@H](CCC)c1ccc2c(c1)Cc1ccccc1-2,1,central,2322
pretrain,train,CCCCCCCCCC(=O)N[C@H](c1ccc2c(c1)Cc1ccccc1-2)C(C)C,1,central,2337
pretrain,train,CCCCCCCCCCC(=O)Oc1ccc2c(c1)OC[C@@H]1c3ccc(OC)cc3O[C@H]21,1,central,371
pretrain,train,CCCCCCCCCCC(O)C(CCCCCC)Sc1ccccc1,1,central,542
pretrain,train,CCCCCCCCCCCC(=O)N(C[C@H](O)COc1cccc2ccccc12)C(C)C,1,central,4141
pretrain,train,CCCCCCCCCCCC(=O)N[C@@H](c1ccc2cc(C)c(C)cc2c1)C(C)C,1,central,3849
pretrain,train,CCCCCCCCCCCC(=O)N[C@@H](c1cccc2cc(C)c(C)cc12)C(C)C,1,central,3854
pretrain,train,CCCCCCCCCCCC(=O)N[C@@H](c1cccc2cc(C)c(C)cc12)C1CCCCC1,1,central,3851
pretrain,train,CCCCCCCCCCCC(=O)N[C@@H](c1cccc2ccccc12)C(C)C,1,central,3867
pretrain,train,CCCCCCCCCCCC(=O)N[C@H](C)c1ccc2ccccc2c1,1,central,3859
pretrain,train,CCCCCCCCCCCC(=O)N[C@H](C)c1cccc2cc(C)c(C)cc12,1,central,3856
pretrain,train,CCCCCCCCCCCC(=O)N[C@H](C)c1cccc2ccccc12,1,central,3874
pretrain,train,CCCCCCCCCCCC(=O)OC[C@@H](COC(=O)Nc1cc([N+](=O)[O-])cc([N+](=O)[O-])c1)OC(=O)CCCCCCCCCCC,1,central,4031
pretrain,train,CCCCCCCCCCCC(=O)OC[C@@H](COC(=O)Nc1cc([N+](=O)[O-])cc([N+](=O)[O-])c1)OC(=O)Nc1cc([N+](=O)[O-])cc([N+](=O)[O-])c1,1,central,1906
pretrain,train,CCCCCCCCCCCC(=O)OC[C@@H](COC(=O)Nc1cccc2ccccc12)OC(=O)Nc1cccc2ccccc12,1,central,4025
pretrain,train,CCCCCCCCCCCC(=O)OC[C@H](COC(=O)Nc1ccccc1)OC(=O)Nc1ccccc1,1,central,4026
pretrain,train,CCCCCCCCCCCCC(=O)N[C@@H](CCC)c1ccc2c(c1)Cc1ccccc1-2,1,central,2321
pretrain,train,CCCCCCCCCCCCC(=O)N[C@@H](CCCCCC)c1ccc2c(c1)Cc1ccccc1-2,1,central,2330
pretrain,train,CCCCCCCCCCCCC(=O)N[C@H](C)Cc1ccccc1,1,central,3996
pretrain,train,CCCCCCCCCCCCC(=O)N[C@H](c1ccc2c(c1)Cc1ccccc1-2)C(C)C,1,central,2374
pretrain,train,CCCCCCCCCCCCCC(=O)N[C@@H](CCC)c1ccc2c(c1)Cc1ccccc1-2,1,central,2417
pretrain,train,CCCCCCCCCCCCCC(=O)N[C@@H](CCCCCC)c1ccc2c(c1)Cc1ccccc1-2,1,central,2416
pretrain,train,CCCCCCCCCCCCCC(=O)OC[C@@H](COC(=O)Nc1cc([N+](=O)[O-])cc([N+](=O)[O-])c1)OC(=O)CCCCCCCCCCCCC,1,central,4030
pretrain,train,CCCCCCCCCCCCCC(=O)OC[C@@H](COC(=O)Nc1cc([N+](=O)[O-])cc([N+](=O)[O-])c1)OC(=O)Nc1cc([N+](=O)[O-])cc([N+](=O)[O-])c1,1,central,1907
pretrain,train,CCCCCCCCCCCCCCCC(=O)OC[C@@H](COC(=O)Nc1cc([N+](=O)[O-])cc([N+](=O)[O-])c1)OC(=O)Nc1cc([N+](=O)[O-])cc([N+](=O)[O-])c1,1,central,1908
pretrain,train,CCCCCCCCCCCCCCCC(=O)OC[C@H](COC(=O)Nc1cc([N+](=O)[O-])cc([N+](=O)[O-])c1)OC(=O)CCCCCCCCCCCCCCC,1,central,3207
pretrain,train,CCCCCCCCCCCCCCCC(=O)OC[C]1[CH][CH][CH][CH][C]1C.[C-]#[O+].[C-]#[O+].[C-]#[O+].[Cr],4,planar,-1
pretrain,train,CCCCCCCCCCCCCCCCCC(=O)N[C@@H](C)c1ccc2c(c1)Cc1ccccc1-2,1,central,2349
pretrain,train,CCCCCCCCCCCCCCCCCC(=O)N[C@@H](CC)c1ccc2c(c1)Cc1ccccc1-2,1,central,2342
pretrain,train,CCCCCCCCCCCCCCCCCC(=O)N[C@@H](CCC)c1ccc2c(c1)Cc1ccccc1-2,1,central,2320
pretrain,train,CCCCCCCCCCCCCCCCCC(=O)N[C@@H](CCCCCC)c1ccc2c(c1)Cc1ccccc1-2,1,central,2329
pretrain,train,CCCCCCCCCCCCCCCCCC(=O)N[C@H](c1ccc2c(c1)Cc1ccccc1-2)C(C)C,1,central,2336
pretrain,train,CCCCCCCCCCCCCCCCCC(=O)OC[C@H](COC(=O)Nc1cc([N+](=O)[O-])cc([N+](=O)[O-])c1)OC(=O)CCCCCCCCCCCCCCC,1,central,3256
pretrain,train,CCCCCCCCCCCCCCCCCC(=O)OC[C@H](COC(=O)Nc1cc([N+](=O)[O-])cc([N+](=O)[O-])c1)OC(=O)CCCCCCCCCCCCCCCCC,1,central,4029
pretrain,train,CCCCCCCCCCCCCCCCCC(=O)OC[C@H](COC(=O)Nc1cc([N+](=O)[O-])cc([N+](=O)[O-])c1)OC(=O)Nc1cc([N+](=O)[O-])cc([N+](=O)[O-])c1,1,central,1909
pretrain,train,CCCCCCCCCCCCCCCCCC(=O)O[C@H](COC(=O)CCCCCCCCCCCCCCC)COC(=O)Nc1cc([N+](=O)[O-])cc([N+](=O)[O-])c1,1,central,3254
pretrain,train,CCCCCCCCCCCCCCCCCCC(O)C[S@@](=O)c1c2ccccc2cc2ccccc12,1,central,545
pretrain,train,CCCCCCCCCCCCCCCCCCCC(=O)OC[C@H](COC(=O)Nc1cc([N+](=O)[O-])cc([N+](=O)[O-])c1)OC(=O)CCCCCCCCCCCCCCC,1,central,3255
pretrain,train,CCCCCCCCCCCCCCCCCCCC(=O)OC[C@H](COC(=O)Nc1cc([N+](=O)[O-])cc([N+](=O)[O-])c1)OC(=O)CCCCCCCCCCCCCCCCC,1,central,3251
pretrain,train,CCCCCCCCCCCCCCCCCCCC(=O)OC[C@H](COC(=O)Nc1cc([N+](=O)[O-])cc([N+](=O)[O-])c1)OC(=O)CCCCCCCCCCCCCCCCCCC,1,central,3250
pretrain,train,CCCCCCCCCCCCCCCCCCCC(=O)OC[C@H](COC(=O)Nc1cc([N+](=O)[O-])cc([N+](=O)[O-])c1)OC(=O)Nc1cc([N+](=O)[O-])cc([N+](=O)[O-])c1,1,central,1910
pretrain,train,CCCCCCCCCCCCCCCCCCCC(=O)O[C@H](COC(=O)CCCCCCCCCCCCCCC)COC(=O)Nc1cc([N+](=O)[O-])cc([N+](=O)[O-])c1,1,central,3253
pretrain,train,CCCCCCCCCCCCCCCCCCCC(=O)O[C@H](COC(=O)CCCCCCCCCCCCCCCCC)COC(=O)Nc1cc([N+](=O)[O-])cc([N+](=O)[O-])c1,1,central,3252
pretrain,train,CCCCCCCCCCCCCCCCCCCCCC(=O)OC[C@H](COC(=O)Nc1cc([N+](=O)[O-])cc([N+](=O)[O-])c1)OC(=O)Nc1cc([N+](=O)[O-])cc([N+](=O)[O-])c1,1,central,1911
pretrain,train,CCCCCCCCCCCCCCCCCCNC(=O)[C@@H](C)c1ccc(CC(C)C)cc1,1,central,4495
pretrain,train,CCCCCCCCCCCCCCCCCCNC(=O)[C@@H](C)c1cccc2ccccc12,1,central,4505
pretrain,train,CCCCCCCCCCCCCCCCCCNC(=O)[C@@H](CC(C)C)NC(=O)c1cc([N+](=O)[O-])cc([N+](=O)[O-])c1,1,central,2402
pretrain,train,CCCCCCCCCCCCCCCCCCNC[C@@H](O)c1cc2ccccc2o1,1,central,2479
pretrain,train,CCCCCCCCCCCCCCCCCCOC[C@H](COC(=O)Nc1cc([N+](=O)[O-])cc([N+](=O)[O-])c1)OC(=O)Nc1cc([N+](=O)[O-])cc([N+](=O)[O-])c1,1,central,4032
pretrain,train,CCCCCCCCCCCCCCCCCCOC[C@H](COC(=O)Nc1cc([N+](=O)[O-])cc([N+](=O)[O-])c1)OCCCCCCCCCCCCCCCCCC,1,central,4549
pretrain,train,CCCCCCCCCCCCCCCCCC[S@@](=O)c1ccccc1,1,central,5432
pretrain,train,CCCCCCCCCCCCCCCCC[C@@H](NC(=O)Nc1cc([N+](=O)[O-])cc([N+](=O)[O-])c1)c1ccccc1,1,central,3818
pretrain,train,CCCCCCCCCCCCCCCCC[C@@H](NC(=O)c1cc([N+](=O)[O-])cc([N+](=O)[O-])c1)c1ccc(OC)cc1,1,central,3545
pretrain,train,CCCCCCCCCCCCCCCCC[C@@H](NC(=O)c1cc([N+](=O)[O-])cc([N+](=O)[O-])c1)c1ccc2ccccc2c1,1,central,3530
pretrain,train,CCCCCCCCCCCCCCCCC[C@@H](NC(=O)c1cc([N+](=O)[O-])cc([N+](=O)[O-])c1)c1cccc2ccccc12,1,central,2726
pretrain,train,CCCCCCCCCCCCCCCCC[C@@H](NC(=O)c1cc([N+](=O)[O-])cc([N+](=O)[O-])c1)c1ccccc1,1,central,2739
pretrain,train,CCCCCCCCCCCCCCCCC[C@H](OC(=O)Nc1cccc2ccccc12)c1ccccc1,1,central,5326
pretrain,train,CCCCCCCCCCCCCCCCOC[C@@H](CO)OCc1ccccc1,1,central,1925
pretrain,train,CCCCCCCCCCCCCCCCOC[C@@H](COC(=O)C1CCCCC1)OC(=O)c1cc([N+](=O)[O-])cc([N+](=O)[O-])c1,1,central,3294
pretrain,train,CCCCCCCCCCCCCCCCOC[C@@H](COC(=O)c1cc([N+](=O)[O-])cc([N+](=O)[O-])c1)OC(=O)c1cc([N+](=O)[O-])cc([N+](=O)[O-])c1,1,central,3291
pretrain,train,CCCCCCCCCCCCCCCCOC[C@@H](COC(=O)c1cc([N+](=O)[O-])cc([N+](=O)[O-])c1)OCCCCCCCCCCCCCCCC,1,central,3295
pretrain,train,CCCCCCCCCCCCCCCCOC[C@@H](COC(=O)c1ccc([N+](=O)[O-])cc1)OC(=O)c1cc([N+](=O)[O-])cc([N+](=O)[O-])c1,1,central,3292
pretrain,train,CCCCCCCCCCCCCCCCOC[C@@H](COC(=O)c1ccccc1)OC(=O)c1cc([N+](=O)[O-])cc([N+](=O)[O-])c1,1,central,3293
pretrain,train,CCCCCCCCCCCCCCCCOC[C@@H](COC(C)=O)OC(=O)c1cc([N+](=O)[O-])cc([N+](=O)[O-])c1,1,central,3289
pretrain,train,CCCCCCCCCCCCCCCCOC[C@@H](COS(=O)(=O)c1cccc([N+](=O)[O-])c1)OC(=O)c1cc([N+](=O)[O-])cc([N+](=O)[O-])c1,1,central,3290
pretrain,train,CCCCCCCCCCCCCCCCOC[C@@H](O)CO,1,central,1933
pretrain,train,CCCCCCCCCCCCCCCCOC[C@@H](O)COC(=O)c1ccc([N+](=O)[O-])cc1,1,central,3298
pretrain,train,CCCCCCCCCCCCCCCCOC[C@@H](O)COC(=O)c1ccccc1,1,central,3300
pretrain,train,CCCCCCCCCCCCCCCCOC[C@@H](O)COC(C)=O,1,central,3299
pretrain,train,CCCCCCCCCCCCCCCCOC[C@@H](O)COC(c1ccccc1)(c1ccccc1)c1ccccc1,1,central,1932
pretrain,train,CCCCCCCCCCCCCCCCOC[C@@H](O)COCc1ccccc1,1,central,1928
pretrain,train,CCCCCCCCCCCCCCCCOC[C@@H](O)COS(=O)(=O)c1cccc([N+](=O)[O-])c1,1,central,3297
pretrain,train,CCCCCCCCCCCCCCCCOC[C@@H]1COC(C)(C)O1,1,central,1934
pretrain,train,CCCCCCCCCCCCCCCCOC[C@H](CO)OC,1,central,1929
pretrain,train,CCCCCCCCCCCCCCCCOC[C@H](COC(=O)CCCCCCCCCCCCCCC)OC(=O)Nc1cc([N+](=O)[O-])cc([N+](=O)[O-])c1,1,central,2544
pretrain,train,CCCCCCCCCCCCCCCCOC[C@H](COC(=O)Nc1cc([N+](=O)[O-])cc([N+](=O)[O-])c1)OC(=O)CCCCCCCCCCCCCCC,1,central,2543
pretrain,train,CCCCCCCCCCCCCCCCOC[C@H](COC(=O)Nc1cc([N+](=O)[O-])cc([N+](=O)[O-])c1)OC(=O)Nc1cc([N+](=O)[O-])cc([N+](=O)[O-])c1,1,central,4033
pretrain,train,CCCCCCCCCCCCCCCCOC[C@H](COC(=O)Nc1cc([N+](=O)[O-])cc([N+](=O)[O-])c1)OCCCCCCCCCCCCCCCC,1,central,4550
pretrain,train,CCCCCCCCCCCCCCCCOC[C@H](COC(c1ccccc1)(c1ccccc1)c1ccccc1)OCc1ccccc1,1,central,1931
pretrain,train,CCCCCCCCCCCCCCCCOC[C@H](COCc1ccccc1)OCc1ccccc1,1,central,1930
pretrain,train,CCCCCCCCCCCCCCCCOC[C@H](COS(=O)(=O)c1cccc([N+](=O)[O-])c1)OCCCCCCCCCCCCCCCC,1,central,3296
pretrain,train,CCCCCCCCCCCCCCCCOC[C@H](O)COC(=O)c1cc([N+](=O)[O-])cc([N+](=O)[O-])c1,1,central,3301
pretrain,train,CCCCCCCCCCCCCCCCO[C@@H](CO)COC(=O)c1ccc([N+](=O)[O-])cc1,1,central,3285
pretrain,train,CCCCCCCCCCCCCCCCO[C@@H](COC(=O)c1ccc([N+](=O)[O-])cc1)COC(=O)c1cc([N+](=O)[O-])cc([N+](=O)[O-])c1,1,central,3287
pretrain,train,CCCCCCCCCCCCCCCCO[C@@H](COC(C)=O)COC(=O)c1cc([N+](=O)[O-])cc([N+](=O)[O-])c1,1,central,3286
pretrain,train,CCCCCCCCCCCCCCCCO[C@H](COC(=O)c1cc([N+](=O)[O-])cc([N+](=O)[O-])c1)COC(=O)C1CCCCC1,1,central,3288
pretrain,train,CCCCCCCCCCCCCCCC[C@@H](NC(=O)c1cc([N+](=O)[O-])cc([N+](=O)[O-])c1)C(=O)OCC,1,central,3761
pretrain,train,CCCCCCCCCCCCCCCC[C@@]1(C(=O)OC)CO1,1,central,4917
pretrain,train,CCCCCCCCCCCCCCCC[C@H](COC(=O)Nc1cc([N+](=O)[O-])cc([N+](=O)[O-])c1)OC(=O)Nc1cc([N+](=O)[O-])cc([N+](=O)[O-])c1,1,central,4326
pretrain,train,CCCCCCCCCCCCCCCC[C@H](OC(=O)Nc1cc([N+](=O)[O-])cc([N+](=O)[O-])c1)C(=O)OC,1,central,4715
pretrain,train,CCCCCCCCCCCCCCC[C@@H](NC(=O)c1cc([N+](=O)[O-])cc([N+](=O)[O-])c1)C(=O)OCC,1,central,3762
pretrain,train,CCCCCCCCCCCCCCC[C@@H](NC(=O)c1cc([N+](=O)[O-])cc([N+](=O)[O-])c1)c1ccc(OC)cc1,1,central,3546
pretrain,train,CCCCCCCCCCCCCCC[C@@H](NC(=O)c1cc([N+](=O)[O-])cc([N+](=O)[O-])c1)c1ccc2ccccc2c1,1,central,3531
pretrain,train,CCCCCCCCCCCCCCC[C@@H](NC(=O)c1cc([N+](=O)[O-])cc([N+](=O)[O-])c1)c1cccc2ccccc12,1,central,2727
pretrain,train,CCCCCCCCCCCCCCC[C@@H](NC(=O)c1cc([N+](=O)[O-])cc([N+](=O)[O-])c1)c1ccccc1,1,central,2740
pretrain,train,CCCCCCCCCCCCCCC[C@@H](O)[C@@H](CO)NC(=O)c1cc([N+](=O)[O-])cc([N+](=O)[O-])c1,1,central,10
pretrain,train,CCCCCCCCCCCCCCC[C@H](O)[C@@H](CO)NC(=O)c1cc([N+](=O)[O-])cc([N+](=O)[O-])c1,1,central,11
pretrain,train,CCCCCCCCCCCCCCC[C@H](OC(=O)Nc1cc([N+](=O)[O-])cc([N+](=O)[O-])c1)c1ccccc1,1,central,1385
pretrain,train,CCCCCCCCCCCCCCC[C@H](OC(=O)Nc1cccc2ccccc12)c1ccccc1,1,central,5327
pretrain,train,CCCCCCCCCCCCCCCc1cccc(O[C@H](C)C(=O)O)c1,1,central,3099
pretrain,train,CCCCCCCCCCCCCCNC(=O)[C@@H](C)c1ccc(CC(C)C)cc1,1,central,4494
pretrain,train,CCCCCCCCCCCCCCNC(=O)[C@H](C)c1cccc2ccccc12,1,central,4504
pretrain,train,CCCCCCCCCCCCCCNC[C@H](O)c1cc2ccccc2o1,1,central,2480
pretrain,train,CCCCCCCCCCCCCC[C@@H](COC(=O)Nc1cc([N+](=O)[O-])cc([N+](=O)[O-])c1)OC(=O)Nc1cc([N+](=O)[O-])cc([N+](=O)[O-])c1,1,central,4327
pretrain,train,CCCCCCCCCCCCCC[C@@H](NC(=O)c1cc([N+](=O)[O-])cc([N+](=O)[O-])c1)C(=O)OCC,1,central,3763
pretrain,train,CCCCCCCCCCCCCC[C@@H](OC(=O)Nc1cc([N+](=O)[O-])cc([N+](=O)[O-])c1)C(=O)OC,1,central,4716
pretrain,train,CCCCCCCCCCCCCC[C@@](O)(COC)C(=O)OC,1,central,4912
pretrain,train,CCCCCCCCCCCCCC[C@@]1(C(=O)NCc2ccccc2)CO1,1,central,4922
pretrain,train,CCCCCCCCCCCCCC[C@@]1(C(=O)OC)CO1,1,central,4928
pretrain,train,CCCCCCCCCCCCCC[C@@]1(C(=O)OC)CS1,1,central,4914
pretrain,train,CCCCCCCCCCCCCC[C@@]1(C(=O)OCCCCCCCC)CO1,1,central,4926
pretrain,train,CCCCCCCCCCCCCC[C@H](Br)C(=O)OC,1,central,4910
pretrain,train,CCCCCCCCCCCCCC[C@H](O)C(=O)OC,1,central,4913
pretrain,train,CCCCCCCCCCCCCC[C@](O)(CO)C(=O)OC,1,central,4911
pretrain,train,CCCCCCCCCCCCCC[C@]1(C(=O)N(C)C)CO1,1,central,4921
pretrain,train,CCCCCCCCCCCCCC[C@]1(C(=O)OC(C)(C)C)CO1,1,central,4924
pretrain,train,CCCCCCCCCCCCCC[C@]1(C(=O)OCC(=O)c2ccccc2)CO1,1,central,4909
pretrain,train,CCCCCCCCCCCCCC[C@]1(C(=O)OCCCC)CO1,1,central,4927
pretrain,train,CCCCCCCCCCCCCC[C@]1(C(=O)OCCCCCCCCCC)CO1,1,central,4925
pretrain,train,CCCCCCCCCCCCCC[C@]1(C(N)=O)CO1,1,central,4923
pretrain,train,CCCCCCCCCCCCCCc1ccc(NC(=O)[C@H](C)c2ccc(CC(C)C)cc2)cc1,1,central,4486
pretrain,train,CCCCCCCCCCCCCCc1ccc(NC(=O)[C@H](C)c2cccc(Oc3ccccc3)c2)cc1,1,central,4469
pretrain,train,CCCCCCCCCCCCCCc1ccc(NC(=O)[C@H](C)c2cccc3ccccc23)cc1,1,central,4478
pretrain,train,CCCCCCCCCCCCCCc1ccc(NC(=O)[C@H](CC)c2ccccc2)cc1,1,central,4460
pretrain,train,CCCCCCCCCCCCCCc1ccc(NC(=O)[C@H](OC(C)C)c2ccccc2)cc1,1,central,4451
pretrain,train,CCCCCCCCCCCCC[C@@H](NC(=O)c1cc([N+](=O)[O-])cc([N+](=O)[O-])c1)c1ccc(OC)cc1,1,central,3547
pretrain,train,CCCCCCCCCCCCC[C@@H](NC(=O)c1cc([N+](=O)[O-])cc([N+](=O)[O-])c1)c1ccc2ccccc2c1,1,central,3532
pretrain,train,CCCCCCCCCCCCC[C@@H](NC(=O)c1cc([N+](=O)[O-])cc([N+](=O)[O-])c1)c1cccc2ccccc12,1,central,2728
pretrain,train,CCCCCCCCCCCCC[C@@H](NC(=O)c1cc([N+](=O)[O-])cc([N+](=O)[O-])c1)c1ccccc1,1,central,2741
pretrain,train,CCCCCCCCCCCCC[C@@H](OC(=O)Nc1cc([N+](=O)[O-])cc([N+](=O)[O-])c1)c1ccccc1,1,central,1386
pretrain,train,CCCCCCCCCCCCC[C@@H](OC(=O)Nc1cccc2ccccc12)c1ccccc1,1,central,5328
pretrain,train,CCCCCCCCCCCCC[C@H](NC(=O)Nc1cc([N+](=O)[O-])cc([N+](=O)[O-])c1)c1ccccc1,1,central,4267
pretrain,train,CCCCCCCCCCCCC[C@H]1CCCC(=O)O1,1,central,1302
pretrain,train,CCCCCCCCCCCCOC(=O)[C@@H](C)OC(=O)Nc1cc([N+](=O)[O-])cc([N+](=O)[O-])c1,1,central,4758
pretrain,train,CCCCCCCCCCCCOC(=O)[C@H](OC(=O)Nc1cc([N+](=O)[O-])cc([N+](=O)[O-])c1)c1ccccc1,1,central,4751
pretrain,train,CCCCCCCCCCCCOc1ccc2ccccc2c1-c1c(O)ccc2ccccc12,2,axial,1113
pretrain,train,CCCCCCCCCCCC[C@@H](CCCCCCC(=O)OC)OC(=O)c1cccc2ccccc12,1,central,3974
pretrain,train,CCCCCCCCCCCC[C@@H](CO)Sc1ccccc1,1,central,4147
pretrain,train,CCCCCCCCCCCC[C@@H](NC(=O)c1cc([N+](=O)[O-])cc([N+](=O)[O-])c1)C(=O)OCC,1,central,3764
pretrain,train,CCCCCCCCCCCC[C@@H](O)CSc1ccccc1,1,central,4148
pretrain,train,CCCCCCCCCCCC[C@H]1CCCC(=O)O1,1,central,1303
pretrain,train,CCCCCCCCCCCC[C@H]1CCOC1=O,1,central,4389
pretrain,train,CCCCCCCCCCCCc1ccc(NC(=O)[C@H](C)c2ccc(CC(C)C)cc2)cc1,1,central,4485
pretrain,train,CCCCCCCCCCCCc1ccc(NC(=O)[C@H](C)c2cccc(Oc3ccccc3)c2)cc1,1,central,4468
pretrain,train,CCCCCCCCCCCCc1ccc(NC(=O)[C@H](C)c2cccc3ccccc23)cc1,1,central,4477
pretrain,train,CCCCCCCCCCCCc1ccc(NC(=O)[C@H](CC)c2ccccc2)cc1,1,central,4459
pretrain,train,CCCCCCCCCCCCc1ccc(NC(=O)[C@H](OC(C)C)c2ccccc2)cc1,1,central,4450
pretrain,train,CCCCCCCCCCC[C@@H](NC(=O)c1cc([N+](=O)[O-])cc([N+](=O)[O-])c1)C(=O)OCC,1,central,3765
pretrain,train,CCCCCCCCCCC[C@@H](NC(=O)c1cc([N+](=O)[O-])cc([N+](=O)[O-])c1)c1ccc(OC)cc1,1,central,3548
pretrain,train,CCCCCCCCCCC[C@@H](NC(=O)c1cc([N+](=O)[O-])cc([N+](=O)[O-])c1)c1ccc2ccccc2c1,1,central,3533
pretrain,train,CCCCCCCCCCC[C@@H](NC(=O)c1cc([N+](=O)[O-])cc([N+](=O)[O-])c1)c1cccc2ccccc12,1,central,2729
pretrain,train,CCCCCCCCCCC[C@@H](OC(=O)Nc1cc([N+](=O)[O-])cc([N+](=O)[O-])c1)c1ccccc1,1,central,1387
pretrain,train,CCCCCCCCCCC[C@H](NC(=O)Nc1cc([N+](=O)[O-])cc([N+](=O)[O-])c1)c1ccccc1,1,central,3749
pretrain,train,CCCCCCCCCCC[C@H](NC(=O)c1cc([N+](=O)[O-])cc([N+](=O)[O-])c1)c1ccccc1,1,central,2742
pretrain,train,CCCCCCCCCCC[C@H](OC(=O)Nc1cccc2ccccc12)c1ccccc1,1,central,5329
pretrain,train,CCCCCCCCCCC[C@H](OC(C)=O)c1ccccc1,1,central,4967
pretrain,train,CCCCCCCCCCC[C@H]1CCC(=O)O1,1,central,4255
pretrain,train,CCCCCCCCCCC[C@H]1CCCC(=O)O1,1,central,1304
pretrain,train,CCCCCCCCCCC[C@H]1CCOC1=O,1,central,4390
pretrain,train,CCCCCCCCCCC[C@]1(c2ccccc2)SCC[S@@]1=O,1,central,779
pretrain,train,CCCCCCCCCCC[C@]1(c2ccccc2)SCC[S@]1=O,1,central,778
pretrain,train,CCCCCCCCCCNC(=O)[C@@H](C)c1ccc(CC(C)C)cc1,1,central,4493
pretrain,train,CCCCCCCCCCNC(=O)[C@@H](CC(C)C)NC(=O)c1cc([N+](=O)[O-])cc([N+](=O)[O-])c1,1,central,1535
pretrain,train,CCCCCCCCCCNC(=O)[C@H](C)c1cccc2ccccc12,1,central,4503
pretrain,train,CCCCCCCCCCNC(=O)[C@H](NC(=O)c1cc([N+](=O)[O-])cc([N+](=O)[O-])c1)c1ccccc1,1,central,2715
pretrain,train,CCCCCCCCCCNC[C@H](O)c1cc2ccccc2o1,1,central,2481
pretrain,train,CCCCCCCCCCOC(=O)[C@@H](C)Nc1ccc2ccccc2c1,1,central,3632
pretrain,train,CCCCCCCCCCOC(=O)[C@@H](Nc1ccc2ccccc2c1)c1ccccc1,1,central,3644
pretrain,train,CCCCCCCCCCOC(=O)[C@H](Cc1ccccc1)NC(=O)c1cc([N+](=O)[O-])cc([N+](=O)[O-])c1,1,central,2719
pretrain,train,CCCCCCCCCCOC(=O)[C@H](NC(=O)c1cc([N+](=O)[O-])cc([N+](=O)[O-])c1)c1ccccc1,1,central,2722
pretrain,train,CCCCCCCCCC[C@@H](NC(=O)c1cc([N+](=O)[O-])cc([N+](=O)[O-])c1)C(=O)OCC,1,central,3766
pretrain,train,CCCCCCCCCC[C@@H](NC(=O)c1cc([N+](=O)[O-])cc([N+](=O)[O-])c1)c1ccc2ccccc2c1,1,central,3534
pretrain,train,CCCCCCCCCC[C@@H](NC(=O)c1cc([N+](=O)[O-])cc([N+](=O)[O-])c1)c1cccc2ccccc12,1,central,2730
pretrain,train,CCCCCCCCCC[C@@H](OC(=O)Nc1cc([N+](=O)[O-])cc([N+](=O)[O-])c1)C(=O)OC,1,central,3741
pretrain,train,CCCCCCCCCC[C@H](NC(=O)c1cc([N+](=O)[O-])cc([N+](=O)[O-])c1)c1ccc(OC)cc1,1,central,3549
pretrain,train,CCCCCCCCCC[C@H](NC(=O)c1cc([N+](=O)[O-])cc([N+](=O)[O-])c1)c1ccccc1,1,central,2743
pretrain,train,CCCCCCCCCC[C@H](OC(=O)Nc1cccc2ccccc12)c1ccccc1,1,central,5330
pretrain,train,CCCCCCCCCC[C@H](OC(C)=O)c1ccccc1,1,central,4968
pretrain,train,CCCCCCCCCC[C@H]1CCC(=O)O1,1,central,4256
pretrain,train,CCCCCCCCCC[C@H]1CCCC(=O)O1,1,central,1305
pretrain,train,CCCCCCCCCC[C@H]1CCOC1=O,1,central,4391
pretrain,train,CCCCCCCCCC[C@]1(C(=O)OC)CO1,1,central,4918
pretrain,train,CCCCCCCCCC[S@@](=O)Cc1ccc([N+](=O)[O-])cc1[N+](=O)[O-],1,central,4643
pretrain,train,CCCCCCCCCC[S@@](=O)c1ccc(Cl)cc1,1,central,4642
pretrain,train,CCCCCCCCCC[S@@](=O)c1ccc([N+](=O)[O-])cc1,1,central,4646
pretrain,train,CCCCCCCCCC[S@@](=O)c1ccc([N+](=O)[O-])cc1C(F)(F)F,1,central,4644
pretrain,train,CCCCCCCCCC[S@@](=O)c1ccccc1,1,central,4938
pretrain,train,CCCCCCCCCC[S@](=O)c1c([N+](=O)[O-])cc([N+](=O)[O-])c(C)c1[N+](=O)[O-],1,central,4645
pretrain,train,CCCCCCCCCC[S@](=O)c1ccc([N+](=O)[O-])cc1[N+](=O)[O-],1,central,4649
pretrain,train,CCCCCCCCCCc1ccc(NC(=O)[C@H](C)c2ccc(CC(C)C)cc2)cc1,1,central,4484
pretrain,train,CCCCCCCCCCc1ccc(NC(=O)[C@H](C)c2cccc(Oc3ccccc3)c2)cc1,1,central,4467
pretrain,train,CCCCCCCCCCc1ccc(NC(=O)[C@H](C)c2cccc3ccccc23)cc1,1,central,4476
pretrain,train,CCCCCCCCCCc1ccc(NC(=O)[C@H](CC)c2ccccc2)cc1,1,central,4458
pretrain,train,CCCCCCCCCCc1ccc(NC(=O)[C@H](OC(C)C)c2ccccc2)cc1,1,central,4449
pretrain,train,CCCCCCCCC[C@@H](CCCCCCCCCC(=O)OC)OC(=O)c1cccc2ccccc12,1,central,3973
pretrain,train,CCCCCCCCC[C@@H](NC(=O)c1cc([N+](=O)[O-])cc([N+](=O)[O-])c1)C(=O)OCC,1,central,3767
pretrain,train,CCCCCCCCC[C@@H](OC(=O)Nc1cccc2ccccc12)c1ccccc1,1,central,5276
pretrain,train,CCCCCCCCC[C@H](NC(=O)Nc1cc([N+](=O)[O-])cc([N+](=O)[O-])c1)c1ccccc1,1,central,4268
pretrain,train,CCCCCCCCC[C@H](NC(=O)c1cc([N+](=O)[O-])cc([N+](=O)[O-])c1)c1ccc(OC)cc1,1,central,3550
pretrain,train,CCCCCCCCC[C@H](NC(=O)c1cc([N+](=O)[O-])cc([N+](=O)[O-])c1)c1ccc2ccccc2c1,1,central,3535
pretrain,train,CCCCCCCCC[C@H](NC(=O)c1cc([N+](=O)[O-])cc([N+](=O)[O-])c1)c1cccc2ccccc12,1,central,2731
pretrain,train,CCCCCCCCC[C@H](NC(=O)c1cc([N+](=O)[O-])cc([N+](=O)[O-])c1)c1ccccc1,1,central,2744
pretrain,train,CCCCCCCCC[C@H](OC(=O)Nc1cc([N+](=O)[O-])cc([N+](=O)[O-])c1)c1ccccc1,1,central,1388
pretrain,train,CCCCCCCCC[C@H](OC(C)=O)c1ccccc1,1,central,4969
pretrain,train,CCCCCCCCC[C@H]1CCC(=O)O1,1,central,1307
pretrain,train,CCCCCCCCC[C@H]1CCCC(=O)O1,1,central,1306
pretrain,train,CCCCCCCCC[C@H]1CCOC1=O,1,central,4392
pretrain,train,CCCCCCCCNC(=O)[C@@H](C)c1ccc(CC(C)C)cc1,1,central,4492
pretrain,train,CCCCCCCCNC(=O)[C@H](C)c1cccc2ccccc12,1,central,4502
pretrain,train,CCCCCCCCNC(=O)[C@H](NC(=O)c1cc([N+](=O)[O-])cc([N+](=O)[O-])c1)c1ccccc1,1,central,2716
pretrain,train,CCCCCCCCNC[C@@H](O)c1cc2ccccc2o1,1,central,2482
pretrain,train,CCCCCCCCOC(=O)C(C)(C)[C@@H](NC(=O)c1cc([N+](=O)[O-])cc([N+](=O)[O-])c1)c1ccccc1,1,central,4847
pretrain,train,CCCCCCCCOC(=O)C(CNC(=O)c1cc([N+](=O)[O-])cc([N+](=O)[O-])c1)C(C)CCC,1,central,433
pretrain,train,CCCCCCCCOC(=O)CC[C@@H](CC(=O)OCCCCCCCC)NC(=O)c1cc([N+](=O)[O-])cc([N+](=O)[O-])c1,1,central,3577
pretrain,train,CCCCCCCCOC(=O)C[C@@H](C)NC(=O)c1cc([N+](=O)[O-])cc([N+](=O)[O-])c1,1,central,3586
pretrain,train,CCCCCCCCOC(=O)C[C@@H](CC)NC(=O)c1cc([N+](=O)[O-])cc([N+](=O)[O-])c1,1,central,3585
pretrain,train,CCCCCCCCOC(=O)C[C@@H](CCC)NC(=O)c1cc([N+](=O)[O-])cc([N+](=O)[O-])c1,1,central,3584
pretrain,train,CCCCCCCCOC(=O)C[C@@H](CCCCCC)NC(=O)c1cc([N+](=O)[O-])cc([N+](=O)[O-])c1,1,central,3823
pretrain,train,CCCCCCCCOC(=O)C[C@@H](CNC(=O)c1cc([N+](=O)[O-])cc([N+](=O)[O-])c1)C(=O)OCCCCCCCC,1,central,3568
pretrain,train,CCCCCCCCOC(=O)C[C@@H](NC(=O)c1cc([N+](=O)[O-])cc([N+](=O)[O-])c1)C(C)C,1,central,3583
pretrain,train,CCCCCCCCOC(=O)C[C@@H](NC(=O)c1cc([N+](=O)[O-])cc([N+](=O)[O-])c1)C1CCCCC1,1,central,3576
pretrain,train,CCCCCCCCOC(=O)C[C@@H](NC(=O)c1cc([N+](=O)[O-])cc([N+](=O)[O-])c1)c1cccc2ccccc12,1,central,4846
pretrain,train,CCCCCCCCOC(=O)C[C@@H](NC(=O)c1cc([N+](=O)[O-])cc([N+](=O)[O-])c1)c1ccccc1,1,central,4841
pretrain,train,CCCCCCCCOC(=O)C[C@H](CCCC)NC(=O)c1cc([N+](=O)[O-])cc([N+](=O)[O-])c1,1,central,3580
pretrain,train,CCCCCCCCOC(=O)C[C@H](CCCCC)NC(=O)c1cc([N+](=O)[O-])cc([N+](=O)[O-])c1,1,central,3579
pretrain,train,CCCCCCCCOC(=O)C[C@H](CSC)NC(=O)c1cc([N+](=O)[O-])cc([N+](=O)[O-])c1,1,central,3578
pretrain,train,CCCCCCCCOC(=O)[C@@H](C(C)C)[C@@H](NC(=O)c1cc([N+](=O)[O-])cc([N+](=O)[O-])c1)c1ccccc1,1,central,654
pretrain,train,CCCCCCCCOC(=O)[C@@H](C(C)C)[C@H](NC(=O)c1cc([N+](=O)[O-])cc([N+](=O)[O-])c1)c1ccccc1,1,central,23
pretrain,train,CCCCCCCCOC(=O)[C@@H](C)CNC(=O)c1cc([N+](=O)[O-])cc([N+](=O)[O-])c1,1,central,3575
pretrain,train,CCCCCCCCOC(=O)[C@@H](C)OC(=O)Nc1cc([N+](=O)[O-])cc([N+](=O)[O-])c1,1,central,4759
pretrain,train,CCCCCCCCOC(=O)[C@@H](C)[C@@H](NC(=O)c1cc([N+](=O)[O-])cc([N+](=O)[O-])c1)c1ccccc1,1,central,657
pretrain,train,CCCCCCCCOC(=O)[C@@H](C)[C@H](NC(=O)c1cc([N+](=O)[O-])cc([N+](=O)[O-])c1)c1ccccc1,1,central,656
pretrain,train,CCCCCCCCOC(=O)[C@@H](CC)CNC(=O)c1cc([N+](=O)[O-])cc([N+](=O)[O-])c1,1,central,3574
pretrain,train,CCCCCCCCOC(=O)[C@@H](CC)[C@@H](/C=C/c1ccccc1)NC(=O)c1cc([N+](=O)[O-])cc([N+](=O)[O-])c1,1,central,658
pretrain,train,CCCCCCCCOC(=O)[C@@H](CC)[C@@H](NC(=O)c1cc([N+](=O)[O-])cc([N+](=O)[O-])c1)c1ccccc1,1,central,655
pretrain,train,CCCCCCCCOC(=O)[C@@H](CC)[C@H](NC(=O)c1cc([N+](=O)[O-])cc([N+](=O)[O-])c1)c1ccccc1,1,central,22
pretrain,train,CCCCCCCCOC(=O)[C@@H](CCC(C)C)CNC(=O)c1cc([N+](=O)[O-])cc([N+](=O)[O-])c1,1,central,3569
pretrain,train,CCCCCCCCOC(=O)[C@@H](CCC)CNC(=O)c1cc([N+](=O)[O-])cc([N+](=O)[O-])c1,1,central,3573
pretrain,train,CCCCCCCCOC(=O)[C@@H](CCCC)CNC(=O)c1cc([N+](=O)[O-])cc([N+](=O)[O-])c1,1,central,3571
pretrain,train,CCCCCCCCOC(=O)[C@@H](CCCCC)CNC(=O)c1cc([N+](=O)[O-])cc([N+](=O)[O-])c1,1,central,3570
pretrain,train,CCCCCCCCOC(=O)[C@@H](CNC(=O)c1cc([N+](=O)[O-])cc([N+](=O)[O-])c1)C(C)C,1,central,3572
pretrain,train,CCCCCCCCOC(=O)[C@@H](Cc1c[nH]c2ccccc12)NC(=O)c1cc([N+](=O)[O-])cc([N+](=O)[O-])c1,1,central,2561
pretrain,train,CCCCCCCCOC(=O)[C@@H]([C@@H](NC(=O)c1cc([N+](=O)[O-])cc([N+](=O)[O-])c1)c1ccccc1)C(C)(C)C,1,central,24
pretrain,train,CCCCCCCCOC(=O)[C@H](C(C)C)[C@@H](NC(=O)c1cc([N+](=O)[O-])cc([N+](=O)[O-])c1)c1ccco1,1,central,661
pretrain,train,CCCCCCCCOC(=O)[C@H](C(C)C)[C@H](C#Cc1ccc(OC)cc1)NC(=O)c1cc([N+](=O)[O-])cc([N+](=O)[O-])c1,1,central,660
pretrain,train,CCCCCCCCOC(=O)[C@H](CC)[C@@H](/C=C/c1ccccc1)NC(=O)c1cc([N+](=O)[O-])cc([N+](=O)[O-])c1,1,central,659
pretrain,train,CCCCCCCCOC(=O)[C@H](CNC(=O)c1cc([N+](=O)[O-])cc([N+](=O)[O-])c1)c1ccccc1,1,central,4840
pretrain,train,CCCCCCCCOC(=O)[C@H](OC(=O)Nc1cc([N+](=O)[O-])cc([N+](=O)[O-])c1)c1ccccc1,1,central,4752
pretrain,train,CCCCCCCCOC(=O)[C@H]1CCc2cc(F)ccc2O1,1,central,2128
pretrain,train,CCCCCCCCOc1cnc(-c2ccc(OC[C@@H]3C[C@@H](CCCC)C(=O)O3)cc2)nc1,1,central,196
pretrain,train,CCCCCCCCOc1cnc(-c2ccc(OC[C@@H]3C[C@H](CCCC)C(=O)O3)cc2)nc1,1,central,197
pretrain,train,CCCCCCCC[C@@H](C)OC(=O)Nc1cc([N+](=O)[O-])cc([N+](=O)[O-])c1,1,central,2535
pretrain,train,CCCCCCCC[C@@H](NC(=O)Nc1cc([N+](=O)[O-])cc([N+](=O)[O-])c1)c1ccccc1,1,central,4269
pretrain,train,CCCCCCCC[C@@H](NC(=O)c1cc([N+](=O)[O-])cc([N+](=O)[O-])c1)C(=O)OCC,1,central,3768
pretrain,train,CCCCCCCC[C@@H](O)C#Cc1ccccc1,1,central,3343
pretrain,train,CCCCCCCC[C@@H](OC(=O)Nc1cc([N+](=O)[O-])cc([N+](=O)[O-])c1)C(=O)OC,1,central,1585
pretrain,train,CCCCCCCC[C@@]1(c2ccc(C)c3ccc(C)cc23)OC(=O)c2ccccc21,1,central,4561
pretrain,train,CCCCCCCC[C@H](C)NC(=O)Nc1cc([N+](=O)[O-])cc([N+](=O)[O-])c1,1,central,3755
pretrain,train,CCCCCCCC[C@H](NC(=O)c1cc([N+](=O)[O-])cc([N+](=O)[O-])c1)c1ccc(OC)cc1,1,central,3551
pretrain,train,CCCCCCCC[C@H](NC(=O)c1cc([N+](=O)[O-])cc([N+](=O)[O-])c1)c1ccc2ccccc2c1,1,central,3536
pretrain,train,CCCCCCCC[C@H](NC(=O)c1cc([N+](=O)[O-])cc([N+](=O)[O-])c1)c1cccc2ccccc12,1,central,2732
pretrain,train,CCCCCCCC[C@H](NC(=O)c1cc([N+](=O)[O-])cc([N+](=O)[O-])c1)c1ccccc1,1,central,2745
pretrain,train,CCCCCCCC[C@H](O)c1ccccc1,1,central,3349
pretrain,train,CCCCCCCC[C@H](OC(=O)Nc1cc([N+](=O)[O-])cc([N+](=O)[O-])c1)c1ccccc1,1,central,1389
pretrain,train,CCCCCCCC[C@H](OC(=O)Nc1cccc2ccccc12)c1ccccc1,1,central,5331
pretrain,train,CCCCCCCC[C@H]1CCC(=O)O1,1,central,4262
pretrain,train,CCCCCCCC[C@H]1CCCC(=O)O1,1,central,4257
pretrain,train,CCCCCCCC[C@H]1CCOC1=O,1,central,4393
pretrain,train,CCCCCCCC[C@](C)(N)C(=O)O,1,central,2192
pretrain,train,CCCCCCCC[S@](=O)c1ccc(Br)cc1,1,central,3148
pretrain,train,CCCCCCCC[S@](=O)c1ccc(OC)cc1,1,central,3150
pretrain,train,CCCCCCCC[S@](=O)c1ccc([N+](=O)[O-])cc1[N+](=O)[O-],1,central,4650
pretrain,train,CCCCCCCCc1ccc(NC(=O)[C@H](C)c2ccc(CC(C)C)cc2)cc1,1,central,4483
pretrain,train,CCCCCCCCc1ccc(NC(=O)[C@H](C)c2cccc(Oc3ccccc3)c2)cc1,1,central,4466
pretrain,train,CCCCCCCCc1ccc(NC(=O)[C@H](C)c2cccc3ccccc23)cc1,1,central,4475
pretrain,train,CCCCCCCCc1ccc(NC(=O)[C@H](CC)c2ccccc2)cc1,1,central,4457
pretrain,train,CCCCCCCCc1ccc(NC(=O)[C@H](OC(C)C)c2ccccc2)cc1,1,central,4448
pretrain,train,CCCCCCCN(CC)CCC[C@@H](OC(=O)Nc1cccc2ccccc12)c1ccc(NS(C)(=O)=O)cc1,1,central,1984
pretrain,train,CCCCCCCOC(=O)[C@@H](CCC)NC(=O)c1cc([N+](=O)[O-])cc([N+](=O)[O-])c1,1,central,3142
pretrain,train,CCCCCCCOC(=O)[C@@H](CCCC)NC(=O)c1cc([N+](=O)[O-])cc([N+](=O)[O-])c1,1,central,2431
pretrain,train,CCCCCCCOC(=O)[C@@H](Cc1ccccc1)NC(=O)c1cc([N+](=O)[O-])cc([N+](=O)[O-])c1,1,central,2720
pretrain,train,CCCCCCCOC(=O)[C@@H](Nc1ccc2ccccc2c1)c1ccccc1,1,central,3645
pretrain,train,CCCCCCCOC(=O)[C@H](NC(=O)c1cc([N+](=O)[O-])cc([N+](=O)[O-])c1)c1ccccc1,1,central,2723
pretrain,train,CCCCCCCO[C@H]1N=C(c2ccccc2)c2cc(Cl)ccc2NC1=O,1,central,3704
pretrain,train,CCCCCCC[C@@H](C)OC(=O)Nc1cc([N+](=O)[O-])cc([N+](=O)[O-])c1,1,central,5064
pretrain,train,CCCCCCC[C@@H](N)C(=O)O,1,central,4199
pretrain,train,CCCCCCC[C@@H](Nc1ccc2ccccc2c1)C(=O)OCC,1,central,3633
pretrain,train,CCCCCCC[C@@H]1CCCC(=O)O1,1,central,4258
pretrain,train,CCCCCCC[C@@](C)(N)C(=O)O,1,central,2193
pretrain,train,CCCCCCC[C@H](NC(=O)Nc1cc([N+](=O)[O-])cc([N+](=O)[O-])c1)c1ccccc1,1,central,3750
pretrain,train,CCCCCCC[C@H](NC(=O)c1cc([N+](=O)[O-])cc([N+](=O)[O-])c1)c1ccc(OC)cc1,1,central,3552
pretrain,train,CCCCCCC[C@H](NC(=O)c1cc([N+](=O)[O-])cc([N+](=O)[O-])c1)c1ccc2ccccc2c1,1,central,3537
pretrain,train,CCCCCCC[C@H](NC(=O)c1cc([N+](=O)[O-])cc([N+](=O)[O-])c1)c1cccc2ccccc12,1,central,2733
pretrain,train,CCCCCCC[C@H](NC(=O)c1cc([N+](=O)[O-])cc([N+](=O)[O-])c1)c1ccccc1,1,central,2746
pretrain,train,CCCCCCC[C@H](O)CC(=O)CCc1ccc(OCc2ccccc2)c(OC)c1,1,central,3006
pretrain,train,CCCCCCC[C@H](O)c1ccccc1,1,central,3350
pretrain,train,CCCCCCC[C@H](OC(=O)Nc1cc([N+](=O)[O-])cc([N+](=O)[O-])c1)c1ccccc1,1,central,1390
pretrain,train,CCCCCCC[C@H](OC(C)=O)[C@@H](C)C(=O)SCC,1,central,187
pretrain,train,CCCCCCC[C@H](OC(C)=O)c1ccccc1,1,central,4970
pretrain,train,CCCCCCC[C@H]1CCC(=O)O1,1,central,4263
pretrain,train,CCCCCCC[C@H]1CCOC1=O,1,central,4394
pretrain,train,CCCCCCCc1ccc(-c2ccc([C@H]3C[C@@H](CCCCC)OC3=O)cc2)cc1,1,central,194
pretrain,train,CCCCCCCc1ccc(-c2ccc([C@H]3C[C@H](CCCCC)OC3=O)cc2)cc1,1,central,195
pretrain,train,CCCCCCN(CCCCCC)C(=O)[C@@H](C)c1ccc2cc(OC)ccc2c1,1,central,1504
pretrain,train,CCCCCCN1CCCC[C@@H]1C(=O)Nc1c(C)cccc1C,1,central,4654
pretrain,train,CCCCCCNC(=O)[C@@H](C)c1ccc(CC(C)C)cc1,1,central,4491
pretrain,train,CCCCCCNC(=O)[C@@H](CC(C)C)NC(=O)c1cc([N+](=O)[O-])cc([N+](=O)[O-])c1,1,central,2929
pretrain,train,CCCCCCNC(=O)[C@H](C)c1cccc2ccccc12,1,central,4501
pretrain,train,CCCCCCNC(=O)[C@H](NC(=O)c1cc([N+](=O)[O-])cc([N+](=O)[O-])c1)C(C)C,1,central,1912
pretrain,train,CCCCCCNC(=O)[C@H](NC(=O)c1cc([N+](=O)[O-])cc([N+](=O)[O-])c1)c1ccccc1,1,central,2717
pretrain,train,CCCCCCNC[C@H](O)c1cc2ccccc2o1,1,central,2483
pretrain,train,CCCCCCO[C@H]1N=C(c2ccccc2)c2cc(Cl)ccc2NC1=O,1,central,3706
pretrain,train,CCCCCC[C@@H](C)C(=O)N(CC)c1ccccc1,1,central,5417
pretrain,train,CCCCCC[C@@H](C)C(=O)Nc1ccccc1,1,central,4524
pretrain,train,CCCCCC[C@@H](C)COC(=O)Nc1ccccc1,1,central,4947
pretrain,train,CCCCCC[C@@H](C)NC(=O)c1cc([N+](=O)[O-])cc([N+](=O)[O-])c1,1,central,1588
pretrain,train,CCCCCC[C@@H](C)NC(=O)c1cccc2ccccc12,1,central,3516
pretrain,train,CCCCCC[C@@H](C)NC(=O)c1ccccc1,1,central,4529
pretrain,train,CCCCCC[C@@H](C)Nc1cc([N+](=O)[O-])cc([N+](=O)[O-])c1,1,central,4742
pretrain,train,CCCCCC[C@@H](C)OC(=O)Nc1cc([N+](=O)[O-])cc([N+](=O)[O-])c1,1,central,1586
pretrain,train,CCCCCC[C@@H](C)OC(=O)Nc1cccc2ccccc12,1,central,5342
pretrain,train,CCCCCC[C@@H](C)OC(=O)Nc1ccccc1,1,central,4953
pretrain,train,CCCCCC[C@@H](CC)NC(=O)c1ccc2ccccc2c1,1,central,4542
pretrain,train,CCCCCC[C@@H](COC(=O)Nc1cc([N+](=O)[O-])cc([N+](=O)[O-])c1)OC(=O)Nc1cc([N+](=O)[O-])cc([N+](=O)[O-])c1,1,central,3450
pretrain,train,CCCCCC[C@@H](N)C(=O)O,1,central,4200
pretrain,train,CCCCCC[C@@H](NC(=O)c1cc([N+](=O)[O-])cc([N+](=O)[O-])c1)C(=O)OCC,1,central,3769
pretrain,train,CCCCCC[C@@H](Nc1ccc2ccccc2c1)C(=O)OCC,1,central,3634
pretrain,train,CCCCCC[C@@H](OC(=O)Nc1cc([N+](=O)[O-])cc([N+](=O)[O-])c1)C(=O)OC,1,central,4717
pretrain,train,CCCCCC[C@@H](OC(=O)Nc1cc([N+](=O)[O-])cc([N+](=O)[O-])c1)c1ccccc1,1,central,1391
pretrain,train,CCCCCC[C@@H](OC(=O)c1cc([N+](=O)[O-])cc([N+](=O)[O-])c1)[C@H](NC(c1ccccc1)c1ccccc1)C(=O)OC(C)(C)C,1,central,190
pretrain,train,CCCCCC[C@@H](Oc1ccc(Cl)cc1)C(=O)O,1,central,1843
pretrain,train,CCCCCC[C@@H](Oc1ccc(Cl)cc1)C(=O)OC,1,central,1811
pretrain,train,CCCCCC[C@@H]1CCC(=O)O1,1,central,4264
pretrain,train,CCCCCC[C@@](C)(N)C(=O)O,1,central,2194
pretrain,train,CCCCCC[C@@]1(C(=O)OC)CO1,1,central,4919
pretrain,train,CCCCCC[C@H](C)NC(=O)c1ccc2ccccc2c1,1,central,4307
pretrain,train,CCCCCC[C@H](C)OC(=O)CCc1ccccc1,1,central,2184
pretrain,train,CCCCCC[C@H](C)OC(=O)c1ccccc1,1,central,4382
pretrain,train,CCCCCC[C@H](CO)C(O)(c1ccccc1)c1ccccc1,1,central,3156
pretrain,train,CCCCCC[C@H](CO)C1(O)c2ccccc2-c2ccccc21,1,central,3158
pretrain,train,CCCCCC[C@H](NC(=O)CC)c1ccc2c(c1)Cc1ccccc1-2,1,central,2333
pretrain,train,CCCCCC[C@H](NC(=O)CCC)c1ccc2c(c1)Cc1ccccc1-2,1,central,2413
pretrain,train,CCCCCC[C@H](NC(=O)CCCC)c1ccc2c(c1)Cc1ccccc1-2,1,central,2332
pretrain,train,CCCCCC[C@H](NC(=O)Nc1cc([N+](=O)[O-])cc([N+](=O)[O-])c1)c1ccccc1,1,central,4270
pretrain,train,CCCCCC[C@H](NC(=O)c1cc([N+](=O)[O-])cc([N+](=O)[O-])c1)c1ccc(OC)cc1,1,central,3553
pretrain,train,CCCCCC[C@H](NC(=O)c1cc([N+](=O)[O-])cc([N+](=O)[O-])c1)c1ccc2ccccc2c1,1,central,3538
pretrain,train,CCCCCC[C@H](NC(=O)c1cc([N+](=O)[O-])cc([N+](=O)[O-])c1)c1cccc2ccccc12,1,central,2734
pretrain,train,CCCCCC[C@H](NC(=O)c1cc([N+](=O)[O-])cc([N+](=O)[O-])c1)c1ccccc1,1,central,2747
pretrain,train,CCCCCC[C@H](NC(=O)n1c2ccccc2c2ccccc21)C(=O)O,1,central,1769
pretrain,train,CCCCCC[C@H](NC(C)=O)c1ccc2c(c1)Cc1ccccc1-2,1,central,2334
pretrain,train,CCCCCC[C@H](NC=O)c1ccc2c(c1)Cc1ccccc1-2,1,central,2335
pretrain,train,CCCCCC[C@H](O)CC(O)(c1ccccc1)c1ccccc1,1,central,3155
pretrain,train,CCCCCC[C@H](O)CC1(O)c2ccccc2-c2ccccc21,1,central,3157
pretrain,train,CCCCCC[C@H](O)c1ccccc1,1,central,3351
pretrain,train,CCCCCC[C@H](OC(=O)Nc1cc([N+](=O)[O-])cc([N+](=O)[O-])c1)C(=O)OCC,1,central,4756
pretrain,train,CCCCCC[C@H](OC(=O)c1cc([N+](=O)[O-])cc([N+](=O)[O-])c1)[C@H](NC(c1ccccc1)c1ccccc1)C(=O)OC(C)(C)C,1,central,191
pretrain,train,CCCCCC[C@H]1CCCC(=O)O1,1,central,1922
pretrain,train,CCCCCC[C@H]1CCOC1=O,1,central,4395
pretrain,train,CCCCCCc1ccc(NC(=O)[C@H](C)c2ccc(CC(C)C)cc2)cc1,1,central,4482
pretrain,train,CCCCCCc1ccc(NC(=O)[C@H](C)c2cccc(Oc3ccccc3)c2)cc1,1,central,4465
pretrain,train,CCCCCCc1ccc(NC(=O)[C@H](C)c2cccc3ccccc23)cc1,1,central,4474
pretrain,train,CCCCCCc1ccc(NC(=O)[C@H](CC)c2ccccc2)cc1,1,central,4456
pretrain,train,CCCCCCc1ccc(NC(=O)[C@H](OC(C)C)c2ccccc2)cc1,1,central,4447
pretrain,train,CCCCCN(CCCCC)C(=O)[C@@H](CCC(=O)O)NC(=O)c1ccc(Cl)c(Cl)c1,1,central,2359
pretrain,train,CCCCCN(CCCCC)[C@H]1CCCC[C@@H]1NC(=S)Nc1cc(C(F)(F)F)cc(C(F)(F)F)c1,1,central,6042
pretrain,train,CCCCCN1C(=O)N[C@@](CC)(c2ccccc2)C1=O,1,central,5074
pretrain,train,CCCCCN1CCCC[C@@H]1C(=O)Nc1c(C)cccc1C,1,central,4655
pretrain,train,CCCCCNC(=O)[C@@H](C)c1ccc(CC(C)C)cc1,1,central,4891
pretrain,train,CCCCCOC(=O)C[C@@H](C)OC(=O)c1ccccc1,1,central,4339
pretrain,train,CCCCCOC(=O)[C@@H]1CCc2cc(F)ccc2O1,1,central,2129
pretrain,train,CCCCCOC(=O)[C@H](NC(=O)c1cc([N+](=O)[O-])cc([N+](=O)[O-])c1)c1ccccc1,1,central,2724
pretrain,train,CCCCCOC[C@H](CO)C1(O)c2ccccc2-c2ccccc21,1,central,3154
pretrain,train,CCCCCOC[C@H](O)CC1(O)c2ccccc2-c2ccccc21,1,central,3153
pretrain,train,CCCCCO[C@H]1N=C(c2ccccc2)c2cc(Cl)ccc2NC1=O,1,central,3707
pretrain,train,CCCCC[C@@H](C)C(=O)N(CC)c1ccccc1,1,central,5418
pretrain,train,CCCCC[C@@H](C)NC(=O)c1ccc2ccccc2c1,1,central,5224
pretrain,train,CCCCC[C@@H](C)NC(=O)c1ccccc1,1,central,4530
pretrain,train,CCCCC[C@@H](C)OC(=O)Nc1cc([N+](=O)[O-])cc([N+](=O)[O-])c1,1,central,2549
pretrain,train,CCCCC[C@@H](C)OC(=O)c1ccc(C)cc1,1,central,5408
pretrain,train,CCCCC[C@@H](CC)OC(=O)Nc1ccccc1,1,central,4950
pretrain,train,CCCCC[C@@H](N)C(=O)O,1,central,4202
pretrain,train,CCCCC[C@@H](NC(=O)c1cc([N+](=O)[O-])cc([N+](=O)[O-])c1)C(=O)OCC,1,central,3770
pretrain,train,CCCCC[C@@H](Nc1ccc2ccccc2c1)C(=O)OCC,1,central,3635
pretrain,train,CCCCC[C@@H](O)/C=C/C=C/C=C/[C@@H](O)C/C=C\CCCC(=O)OC,1,central,139
pretrain,train,CCCCC[C@@H](O)/C=C/[C@H]1[C@H](O)CC(=O)[C@@H]1CCCCCCC(=O)O,1,central,971
pretrain,train,CCCCC[C@@H](O)c1ccccc1,1,central,3039
pretrain,train,CCCCC[C@@H](OC(=O)c1ccccc1)[C@H](C)OC(=O)c1ccccc1,1,central,45
pretrain,train,CCCCC[C@@H]1CCCCN1C(=O)c1cccc2ccccc12,1,central,4979
pretrain,train,CCCCC[C@@H]1CC[C@@H](CCCC)N1C(=O)c1ccccc1,1,central,159
pretrain,train,CCCCC[C@@](C)(N)C(=O)O,1,central,2195
pretrain,train,CCCCC[C@H](/C=C/C=C\C/C=C\C/C=C\CCCC(=O)OC)OC(=O)c1cccc2ccccc12,1,central,3980
pretrain,train,CCCCC[C@H](/C=C/C=C\C/C=C\C/C=C\CCCC(=O)OC)OC(=O)c1ccccc1,1,central,3981
pretrain,train,CCCCC[C@H](/C=C/C=C\CCCCCCCC(=O)OC)OC(=O)c1cccc2ccccc12,1,central,1540
pretrain,train,CCCCC[C@H](/C=C/C=C\CCCCCCCC(=O)OC)OC(=O)c1ccccc1,1,central,2300
pretrain,train,CCCCC[C@H](C)C(=O)Nc1ccccc1,1,central,4525
pretrain,train,CCCCC[C@H](C)NC(=O)C(C)(C)C,1,central,4998
pretrain,train,CCCCC[C@H](C)NC(=O)C(Cl)(Cl)Cl,1,central,5002
pretrain,train,CCCCC[C@H](C)NC(=O)C(F)(F)C(F)(F)C(F)(F)F,1,central,5003
pretrain,train,CCCCC[C@H](C)NC(=O)C(F)(F)F,1,central,5006
pretrain,train,CCCCC[C@H](C)NC(=O)C12CC3CC(CC(C3)C1)C2,1,central,4994
pretrain,train,CCCCC[C@H](C)NC(=O)C1CCCCC1,1,central,4997
pretrain,train,CCCCC[C@H](C)NC(=O)Nc1cc([N+](=O)[O-])cc([N+](=O)[O-])c1,1,central,3819
pretrain,train,CCCCC[C@H](C)NC(=O)Oc1ccc2ccccc2c1,1,central,4508
pretrain,train,CCCCC[C@H](C)NC(=O)c1cc([N+](=O)[O-])cc([N+](=O)[O-])c1,1,central,1402
pretrain,train,CCCCC[C@H](C)NC(=O)c1ccc(-c2ccccc2)cc1,1,central,4518
pretrain,train,CCCCC[C@H](C)NC(=O)c1ccc(C#N)cc1,1,central,4520
pretrain,train,CCCCC[C@H](C)NC(=O)c1ccc(C)cc1,1,central,4523
pretrain,train,CCCCC[C@H](C)NC(=O)c1ccc(Cl)cc1,1,central,4521
pretrain,train,CCCCC[C@H](C)NC(=O)c1ccc(OC)cc1,1,central,4522
pretrain,train,CCCCC[C@H](C)NC(=O)c1ccc([N+](=O)[O-])cc1,1,central,4519
pretrain,train,CCCCC[C@H](C)NC(=O)c1cccc2ccccc12,1,central,3517
pretrain,train,CCCCC[C@H](C)NC(C)=O,1,central,5007
pretrain,train,CCCCC[C@H](CC)OC(=O)c1ccccc1,1,central,4381
pretrain,train,CCCCC[C@H](COC(=O)c1ccccc1)OC(=O)c1ccccc1,1,central,4386
pretrain,train,CCCCC[C@H](NC(=O)Nc1cc([N+](=O)[O-])cc([N+](=O)[O-])c1)c1ccccc1,1,central,3751
pretrain,train,CCCCC[C@H](NC(=O)c1cc([N+](=O)[O-])cc([N+](=O)[O-])c1)c1ccc(OC)cc1,1,central,3554
pretrain,train,CCCCC[C@H](NC(=O)c1cc([N+](=O)[O-])cc([N+](=O)[O-])c1)c1ccc2ccccc2c1,1,central,3539
pretrain,train,CCCCC[C@H](NC(=O)c1cc([N+](=O)[O-])cc([N+](=O)[O-])c1)c1cccc2ccccc12,1,central,2735
pretrain,train,CCCCC[C@H](NC(=O)c1cc([N+](=O)[O-])cc([N+](=O)[O-])c1)c1ccccc1,1,central,2748
pretrain,train,CCCCC[C@H](O)/C=C/C=C/C=C/[C@@H](O)C/C=C\CCCC(=O)OC,1,central,138
pretrain,train,CCCCC[C@H](O)/C=C/C=C\C/C=C\C/C=C\CCCC(=O)O,1,central,1580
pretrain,train,CCCCC[C@H](O)/C=C/C=C\C/C=C\C/C=C\CCCC(=O)OC,1,central,1561
pretrain,train,CCCCC[C@H](O)/C=C/C=C\C=C\[C@@H](O)C/C=C\CCCC(=O)OC,1,central,-1
pretrain,train,CCCCC[C@H](O)/C=C/C=C\C=C\[C@H](O)C/C=C\CCCC(=O)OC,1,central,140
pretrain,train,CCCCC[C@H](O)/C=C/C=C\CCCCCCCC(=O)O,1,central,1574
pretrain,train,CCCCC[C@H](O)/C=C/C=C\CCCCCCCC(=O)OC,1,central,1581
pretrain,train,CCCCC[C@H](O)/C=C/[C@H]1[C@H](O)CC(=O)[C@@H]1CCCCCCC(=O)O,1,central,972
pretrain,train,CCCCC[C@H](O)/C=[CH]/[Sn]([CH2]CCC)([CH2]CCC)[CH2]CCC,1,central,3886
pretrain,train,CCCCC[C@H](O)C(Cl)(Cl)Cl,1,central,1913
pretrain,train,CCCCC[C@H](O)CC[C@@H]1[C@H]2Cc3cccc(OCC(=O)NCc4cccc5ccccc45)c3C[C@H]2C[C@H]1O,1,central,5565
pretrain,train,CCCCC[C@H](OC(=O)Nc1cc([N+](=O)[O-])cc([N+](=O)[O-])c1)c1ccccc1,1,central,3743
pretrain,train,CCCCC[C@H](OC(=O)Nc1cccc2ccccc12)c1ccccc1,1,central,5332
pretrain,train,CCCCC[C@H]1CCC(=O)O1,1,central,2092
pretrain,train,CCCCC[C@H]1CCCC(=O)O1,1,central,2085
pretrain,train,CCCCC[C@H]1CCOC1=O,1,central,4396
pretrain,train,CCCCC[C@H]1Nc2cc(C(F)(F)F)c(S(N)(=O)=O)cc2S(=O)(=O)N1,1,central,1241
pretrain,train,CCCCC[C@H]1O[C@H]1C/C=C\C/C=C\C/C=C\CCCC(=O)OC,1,central,1555
pretrain,train,CCCCC[C@]1(c2ccccc2)SCC[S@@]1=O,1,central,780
pretrain,train,CCCCC[C@]1(c2ccccc2)SCC[S@]1=O,1,central,781
pretrain,train,CCCCC[S@](=O)c1ccc(Br)cc1,1,central,3149
pretrain,train,CCCCC[S@](=O)c1ccc(OC)cc1,1,central,3151
pretrain,train,CCCCN(CCCC)CC[C@H](O)c1cc2c(Cl)cc(Cl)cc2c2cc(C(F)(F)F)ccc12,1,central,2360
pretrain,train,CCCCN(CCCC)C[C@@H](OC(=O)Nc1cccc2ccccc12)c1cc(Cl)cc2c1-c1ccc(Cl)cc1/C2=C\c1ccc(Cl)cc1,1,central,4004
pretrain,train,CCCCN1C(=O)NC(=O)[C@](C)(C2=CCCCC2)C1=O,1,central,4734
pretrain,train,CCCCN1C(=O)N[C@@](CC)(c2ccccc2)C1=O,1,central,5076
pretrain,train,CCCCN1CCCC[C@@H]1C(=O)Nc1c(C)cccc1C,1,central,3674
pretrain,train,CCCCN1C[C@@H](c2ccc(O)cc2)OC1=O,1,central,4100
pretrain,train,CCCCNC(=O)CCCCCCCCCCNC(=O)[C@@H](CC(C)C)NC(=O)c1cc([N+](=O)[O-])cc([N+](=O)[O-])c1,1,central,1533
pretrain,train,CCCCNC(=O)N=[S@](C)(=O)c1ccccc1,1,central,3799
pretrain,train,CCCCNC(=O)N[C@@H](c1cccc2ccccc12)C(C)C,1,central,3863
pretrain,train,CCCCNC(=O)N[C@H](C)c1cccc2ccccc12,1,central,3870
pretrain,train,CCCCNC(=O)Oc1ccc([C@@](O)(CC)c2cccc(C(F)(F)F)c2)cc1,1,central,1644
pretrain,train,CCCCNC(=O)Oc1ccc2ccccc2c1-c1c(OC(=O)NCCCC)ccc2ccccc12,2,axial,1029
pretrain,train,CCCCNC(=O)[C@@H](C)NC(=O)c1cc([N+](=O)[O-])cc([N+](=O)[O-])c1,1,central,1618
pretrain,train,CCCCNC(=O)[C@@H](C)c1ccc(CC(C)C)cc1,1,central,4490
pretrain,train,CCCCNC(=O)[C@@H](C)c1cccc2ccccc12,1,central,4500
pretrain,train,CCCCNC(=O)[C@@H](CC(C)C)NC(=O)c1cc([N+](=O)[O-])cc([N+](=O)[O-])c1,1,central,1378
pretrain,train,CCCCNC(=O)[C@@H](CCSC)NC(=O)c1cc([N+](=O)[O-])cc([N+](=O)[O-])c1,1,central,2917
pretrain,train,CCCCNC(=O)[C@@H](Cc1ccccc1)NC(=O)c1cc([N+](=O)[O-])cc([N+](=O)[O-])c1,1,central,1380
pretrain,train,CCCCNC(=O)[C@@H](NC(=O)c1cc([N+](=O)[O-])cc([N+](=O)[O-])c1)c1cccc2ccccc12,1,central,4594
pretrain,train,CCCCNC(=O)[C@H](C)c1ccc2cc(OC)ccc2c1,1,central,1508
pretrain,train,CCCCNC(=O)[C@H](NC(=O)c1cc([N+](=O)[O-])cc([N+](=O)[O-])c1)C(C)C,1,central,1617
pretrain,train,CCCCNC(=O)[C@H](NC(=O)c1cc([N+](=O)[O-])cc([N+](=O)[O-])c1)c1ccccc1,1,central,1379
pretrain,train,CCCCNC(=O)[C@](C)(CC(C)C)NC(=O)c1cc([N+](=O)[O-])cc([N+](=O)[O-])c1,1,central,3826
pretrain,train,CCCCNC(=O)c1cc(Cl)cc(Cl)c1-c1c(C(=O)NCCCC)ccc2ccccc12,2,axial,1026
pretrain,train,CCCCNC(=O)c1cc(Cl)cc(Cl)c1-c1c(C(=O)NCCCC)cccc1[N+](=O)[O-],2,axial,1025
pretrain,train,CCCCNC(=O)c1ccc2ccccc2c1-c1c(C(=O)NCCCC)ccc2ccccc12,2,axial,1030
pretrain,train,CCCCNC(=O)c1ccc2ccccc2c1-c1c(C(=O)OCC)ccc2ccccc12,2,axial,1117
pretrain,train,CCCCNC(=O)c1ccc2ccccc2c1-c1c(C)ccc2ccccc12,2,axial,1027
pretrain,train,CCCCNC(=O)c1ccc2ccccc2c1-c1c(OC)ccc2ccccc12,2,axial,1028
pretrain,train,CCCCNC(=O)c1cccc([N+](=O)[O-])c1-c1c(C(=O)NCCCC)ccc2ccccc12,2,axial,1115
pretrain,train,CCCCNC[C@H](O)COc1cccc2ccccc12,1,central,1678
pretrain,train,CCCCNC[C@H](O)c1cc2ccccc2o1,1,central,2484
pretrain,train,CCCCOC(=O)CC(CC(=O)OCCCC)NC(=O)c1cc([N+](=O)[O-])cc([N+](=O)[O-])c1,1,central,3759
pretrain,train,CCCCOC(=O)C[C@@H](C)OC(=O)c1ccccc1,1,central,4340
pretrain,train,CCCCOC(=O)[C@@H](C)NC(=O)c1cc([N+](=O)[O-])cc([N+](=O)[O-])c1,1,central,2401
pretrain,train,CCCCOC(=O)[C@@H](C)OC(=O)Nc1cc([N+](=O)[O-])cc([N+](=O)[O-])c1,1,central,4760
pretrain,train,CCCCOC(=O)[C@@H](C)Oc1ccc(Cl)cc1,1,central,2110
pretrain,train,CCCCOC(=O)[C@@H](C)Oc1ccc(Cl)cc1Cl,1,central,2106
pretrain,train,CCCCOC(=O)[C@@H](C)Oc1ccc(Oc2ccc(C(F)(F)F)cn2)cc1,1,central,5099
pretrain,train,CCCCOC(=O)[C@@H](C)Oc1cccc(Cl)c1,1,central,2114
pretrain,train,CCCCOC(=O)[C@@H](C)Oc1ccccc1,1,central,2120
pretrain,train,CCCCOC(=O)[C@@H](C)Oc1ccccc1Cl,1,central,2117
pretrain,train,CCCCOC(=O)[C@@H](CC(C)C)NC(=O)c1cc([N+](=O)[O-])cc([N+](=O)[O-])c1,1,central,5011
pretrain,train,CCCCOC(=O)[C@@H](CCC)NC(=O)c1cc([N+](=O)[O-])cc([N+](=O)[O-])c1,1,central,3143
pretrain,train,CCCCOC(=O)[C@@H](CCCC)CNC(=O)c1cc([N+](=O)[O-])cc([N+](=O)[O-])c1,1,central,3758
pretrain,train,CCCCOC(=O)[C@@H](CCCC)NC(=O)c1cc([N+](=O)[O-])cc([N+](=O)[O-])c1,1,central,2432
pretrain,train,CCCCOC(=O)[C@@H](Cc1ccccc1)NC(=O)c1cc([N+](=O)[O-])cc([N+](=O)[O-])c1,1,central,2721
pretrain,train,CCCCOC(=O)[C@@H](NC(=O)c1cc([N+](=O)[O-])cc([N+](=O)[O-])c1)c1ccccc1,1,central,2725
pretrain,train,CCCCOC(=O)[C@@H](Nc1ccc2ccccc2c1)c1ccccc1,1,central,3646
pretrain,train,CCCCOC(=O)[C@H](C)NC(=O)c1ccccc1,1,central,3165
pretrain,train,CCCCOC(=O)[C@H](C)c1ccc2cc(OC)ccc2c1,1,central,1509
pretrain,train,CCCCOC(=O)[C@H](Cc1c[nH]c2ccccc12)NC(=O)c1cc([N+](=O)[O-])cc([N+](=O)[O-])c1,1,central,2562
pretrain,train,CCCCOC(=O)[C@H](NC(=O)c1cc([N+](=O)[O-])cc([N+](=O)[O-])c1)C(C)C,1,central,5012
pretrain,train,CCCCOC(=O)[C@H](NC(=O)c1cccc2ccccc12)c1cccc2ccccc12,1,central,3508
pretrain,train,CCCCOC(=O)[C@H](OC(=O)Nc1cc([N+](=O)[O-])cc([N+](=O)[O-])c1)c1ccccc1,1,central,4753
pretrain,train,CCCCOCCOC(=O)[C@@H](C)Oc1ccc(Cl)cc1C,1,central,2445
pretrain,train,CCCCOCC[S@@](=O)c1ccccc1,1,central,4277
pretrain,train,CCCCOCOCC[S@@](=O)c1ccccc1,1,central,4273
pretrain,train,CCCCOC[C@@H](C)OC(=O)Nc1cccc2ccccc12,1,central,2581
pretrain,train,CCCCO[C@H]1N=C(c2ccccc2)c2cc(Cl)ccc2NC1=O,1,central,3708
pretrain,train,CCCCOc1ccc2ccc(O)c(-c3c(O)ccc4ccc(OCCCC)cc34)c2c1,2,axial,1122
pretrain,train,CCCCOc1ccc2ccccc2c1-c1c(O)ccc2ccccc12,2,axial,1108
pretrain,train,CCCCSC(=O)[C@@H](CC(C)C)NC(=O)c1cc([N+](=O)[O-])cc([N+](=O)[O-])c1,1,central,5240
pretrain,train,CCCCS[S@@](=O)CCCC,1,central,1338
pretrain,train,CCCC[C@@H](/C(=N/OC(=O)Nc1cc([N+](=O)[O-])cc([N+](=O)[O-])c1)c1ccccc1)c1ccccc1,1,central,4426
pretrain,train,CCCC[C@@H](/C(=N\OC(=O)Nc1cc([N+](=O)[O-])cc([N+](=O)[O-])c1)c1ccccc1)c1ccccc1,1,central,4415
pretrain,train,CCCC[C@@H](C)C(=O)Nc1ccccc1,1,central,4526
pretrain,train,CCCC[C@@H](C)NC(=O)c1ccc2ccccc2c1,1,central,4308
pretrain,train,CCCC[C@@H](C)NC(=O)c1ccccc1,1,central,4531
pretrain,train,CCCC[C@@H](C)OC(=O)Nc1cc([N+](=O)[O-])cc([N+](=O)[O-])c1,1,central,2550
pretrain,train,CCCC[C@@H](C)OC(=O)Nc1cccc2ccccc12,1,central,5279
pretrain,train,CCCC[C@@H](C)OC(=O)c1ccc(C)cc1,1,central,5409
pretrain,train,CCCC[C@@H](C)OS(C)(=O)=O,1,central,2079
pretrain,train,CCCC[C@@H](CC(=O)c1ccccc1)c1ccccc1,1,central,3955
pretrain,train,CCCC[C@@H](CC)CNC(=O)c1ccc2ccccc2c1,1,central,4534
pretrain,train,CCCC[C@@H](CC)NC(=O)c1cc([N+](=O)[O-])cc([N+](=O)[O-])c1,1,central,2566
pretrain,train,CCCC[C@@H](CC)NC(=O)c1cccc2ccccc12,1,central,2057
pretrain,train,CCCC[C@@H](CC)OC(=O)Nc1cccc2ccccc12,1,central,5278
pretrain,train,CCCC[C@@H](CC)OC(=O)Nc1ccccc1,1,central,5316
pretrain,train,CCCC[C@@H](CCC)OC(=O)Nc1cccc2ccccc12,1,central,5341
pretrain,train,CCCC[C@@H](CO)NC(=O)c1ccc2ccccc2c1,1,central,4545
pretrain,train,CCCC[C@@H](COC(=O)Nc1cc([N+](=O)[O-])cc([N+](=O)[O-])c1)OC(=O)Nc1cc([N+](=O)[O-])cc([N+](=O)[O-])c1,1,central,3451
pretrain,train,CCCC[C@@H](COC(=O)c1ccccc1)OC(=O)Nc1cc([N+](=O)[O-])cc([N+](=O)[O-])c1,1,central,4023
pretrain,train,CCCC[C@@H](N)C(=O)O,1,central,1709
pretrain,train,CCCC[C@@H](N)CO,1,central,3898
pretrain,train,CCCC[C@@H](NC(=O)CN)C(=O)O,1,central,2141
pretrain,train,CCCC[C@@H](NC(=O)c1cc([N+](=O)[O-])cc([N+](=O)[O-])c1)C(=O)O,1,central,2528
pretrain,train,CCCC[C@@H](NC(=O)c1cc([N+](=O)[O-])cc([N+](=O)[O-])c1)C(=O)OC(C)C,1,central,2440
pretrain,train,CCCC[C@@H](NC(=O)c1cc([N+](=O)[O-])cc([N+](=O)[O-])c1)C(=O)OCC,1,central,2434
pretrain,train,CCCC[C@@H](NC(=O)c1cc([N+](=O)[O-])cc([N+](=O)[O-])c1)C(=O)OCCC,1,central,2433
pretrain,train,CCCC[C@@H](NC(=O)c1cccc2ccccc12)c1ccccc1,1,central,2174
pretrain,train,CCCC[C@@H](NC(=O)c1ccccc1)C(=O)O,1,central,2465
pretrain,train,CCCC[C@@H](NC(C)=O)C(=O)OC,1,central,2477
pretrain,train,CCCC[C@@H](NS(=O)(=O)c1cccc2c(N(C)C)cccc12)C(=O)O,1,central,1746
pretrain,train,CCCC[C@@H](Nc1ccc2ccccc2c1)C(=O)OCC,1,central,3639
pretrain,train,CCCC[C@@H](O)C#Cc1ccccc1,1,central,3335
pretrain,train,CCCC[C@@H](O)C(=O)O,1,central,2284
pretrain,train,CCCC[C@@H](O)c1c2ccccc2cc2ccccc12,1,central,3791
pretrain,train,CCCC[C@@H](O)c1ccc(C=O)cc1,1,central,2164
pretrain,train,CCCC[C@@H](O)c1cccc2ccccc12,1,central,4709
pretrain,train,CCCC[C@@H](OC(=O)Nc1cc([N+](=O)[O-])cc([N+](=O)[O-])c1)c1ccccc1,1,central,1392
pretrain,train,CCCC[C@@H](OC(=O)c1cc([N+](=O)[O-])cc([N+](=O)[O-])c1)c1ccccc1,1,central,3809
pretrain,train,CCCC[C@@H]1CCC(=O)O1,1,central,4265
pretrain,train,CCCC[C@@H]1CCCC(=O)O1,1,central,2086
pretrain,train,CCCC[C@@H]1CCCC(=O)[C@@H]1Cc1ccccc1,1,central,358
pretrain,train,CCCC[C@@H]1CCCCN1C(=O)c1cccc2ccccc12,1,central,4135
pretrain,train,CCCC[C@@H]1CCCN1C(=O)c1cccc2ccccc12,1,central,4136
pretrain,train,CCCC[C@@H]1CCOC1=O,1,central,4397
pretrain,train,CCCC[C@@H]1N=C(c2ccccc2)c2cc(Cl)ccc2NC1=O,1,central,3719
pretrain,train,CCCC[C@@H]1NC(=S)N(C)C1=O,1,central,1759
pretrain,train,CCCC[C@@H]1c2ccccc2CCN1C(=O)c1cccc2ccccc12,1,central,4133
pretrain,train,CCCC[C@@](C#N)(C(=O)OC)c1ccccc1,1,central,3724
pretrain,train,CCCC[C@@](C)(N)C(=O)O,1,central,2153
pretrain,train,CCCC[C@@](C)(O)C/C=C/[C@H]1[C@@H](O)CC(=O)[C@@H]1CCCCCCC(=O)OC,1,central,960
pretrain,train,CCCC[C@@](C)(O)C/C=C/[C@H]1[C@H](CCCCCCC(=O)OC)C(=O)C[C@@H]1O,1,central,978
pretrain,train,CCCC[C@@]1(O)CCCc2ccc3cc4ccccc4cc3c21,1,central,4142
pretrain,train,CCCC[C@H](/C(C)=N/OC(=O)Nc1cc([N+](=O)[O-])cc([N+](=O)[O-])c1)c1ccccc1,1,central,4421
pretrain,train,CCCC[C@H](/C(C)=N\OC(=O)Nc1cc([N+](=O)[O-])cc([N+](=O)[O-])c1)c1ccccc1,1,central,4410
pretrain,train,CCCC[C@H](C(=O)O)C(=O)N(Nc1ccccc1)c1ccccc1,1,central,4213
pretrain,train,CCCC[C@H](C)C(=O)NC(C)(C)C,1,central,4996
pretrain,train,CCCC[C@H](C)C(=O)NC1CCCCC1,1,central,4995
pretrain,train,CCCC[C@H](C)NC(=O)c1cc([N+](=O)[O-])cc([N+](=O)[O-])c1,1,central,2714
pretrain,train,CCCC[C@H](CC(=O)Nc1ccccc1)C(=O)Nc1ccccc1,1,central,3461
pretrain,train,CCCC[C@H](CC(C)C)OC(=O)Nc1cc([N+](=O)[O-])cc([N+](=O)[O-])c1,1,central,3458
pretrain,train,CCCC[C@H](CC)NC(=O)c1ccc2ccccc2c1,1,central,4543
pretrain,train,CCCC[C@H](CC)NC(=O)c1ccccc1,1,central,2056
pretrain,train,CCCC[C@H](CO)NC(=O)c1cc([N+](=O)[O-])cc([N+](=O)[O-])c1,1,central,5351
pretrain,train,CCCC[C@H](COC(=O)Nc1cc([N+](=O)[O-])cc([N+](=O)[O-])c1)OC(=O)c1ccccc1,1,central,4022
pretrain,train,CCCC[C@H](COC(=O)c1cc([N+](=O)[O-])cc([N+](=O)[O-])c1)NC(=O)c1cc([N+](=O)[O-])cc([N+](=O)[O-])c1,1,central,1894
pretrain,train,CCCC[C@H](NC(=O)Nc1cc([N+](=O)[O-])cc([N+](=O)[O-])c1)c1ccccc1,1,central,3752
pretrain,train,CCCC[C@H](NC(=O)OCc1ccccc1)C(=O)O,1,central,1499
pretrain,train,CCCC[C@H](NC(=O)OCc1ccccc1)C(=O)OCC,1,central,4797
pretrain,train,CCCC[C@H](NC(=O)OCc1ccccc1)C(=O)OCc1ccccc1,1,central,4796
pretrain,train,CCCC[C@H](NC(=O)c1cc([N+](=O)[O-])cc([N+](=O)[O-])c1)C(=O)OC,1,central,2043
pretrain,train,CCCC[C@H](NC(=O)c1cc([N+](=O)[O-])cc([N+](=O)[O-])c1)c1ccc(OC)cc1,1,central,3555
pretrain,train,CCCC[C@H](NC(=O)c1cc([N+](=O)[O-])cc([N+](=O)[O-])c1)c1ccc2ccccc2c1,1,central,3540
pretrain,train,CCCC[C@H](NC(=O)c1cc([N+](=O)[O-])cc([N+](=O)[O-])c1)c1cccc2ccccc12,1,central,2736
pretrain,train,CCCC[C@H](NC(=O)c1cc([N+](=O)[O-])cc([N+](=O)[O-])c1)c1ccccc1,1,central,2749
pretrain,train,CCCC[C@H](NC(=O)c1cc([N+](=O)[O-])cc([N+](=O)[O-])n1)C(=O)O,1,central,1877
pretrain,train,CCCC[C@H](NC(=O)n1c2ccccc2c2ccccc21)C(=O)O,1,central,1770
pretrain,train,CCCC[C@H](Nc1ccc(OC)cc1)c1ccc2ccccc2c1,1,central,3240
pretrain,train,CCCC[C@H](Nc1ccc(OC)cc1)c1cccc2ccccc12,1,central,3241
pretrain,train,CCCC[C@H](Nc1ccc(OC)cc1)c1ccccc1,1,central,3236
pretrain,train,CCCC[C@H](O)[C@@H](C)c1ccccc1,1,central,388
pretrain,train,CCCC[C@H](O)[C@H](C)OC(=O)c1ccccc1,1,central,598
pretrain,train,CCCC[C@H](O)[C@H](C)c1ccccc1,1,central,387
pretrain,train,CCCC[C@H](O)c1c(OC)ccc2ccccc12,1,central,4707
pretrain,train,CCCC[C@H](O)c1ccc2ccccc2c1,1,central,4704
pretrain,train,CCCC[C@H](O)c1ccccc1,1,central,3391
pretrain,train,CCCC[C@H](OC(=O)Nc1cccc2ccccc12)c1ccccc1,1,central,5333
pretrain,train,CCCC[C@H](OC(C)=O)c1ccccc1,1,central,4971
pretrain,train,CCCC[C@H]1C(C(=O)Nc2cccc(C)c2C)=C(C)NC(C)=C1C(=O)OC,1,central,3053
pretrain,train,CCCC[C@H]1CCCC(=O)[C@@H]1Cc1ccccc1,1,central,359
pretrain,train,CCCC[C@H]1NC(=S)N(c2ccccc2)C1=O,1,central,3663
pretrain,train,CCCC[C@](C)(O)C/C=C/[C@H]1[C@H](CCCCCCC(=O)OC)C(=O)C[C@@H]1O,1,central,977
pretrain,train,CCCC[C@](N)(C(=O)O)C(F)(F)F,1,central,1705
pretrain,train,CCCC[C@](O)(C(=O)O)c1ccsc1,1,central,4289
pretrain,train,CCCC[C@]1(C)CCC(=O)O1,1,central,5388
pretrain,train,CCCC[C@]1(O)CCCc2ccc3ccccc3c21,1,central,4143
pretrain,train,CCCC[C@]1(c2ccc(C)c3ccc(C)cc23)OC(=O)c2ccccc21,1,central,4562
pretrain,train,CCCC[C@]1(c2ccccc2)NC(=O)NC1=O,1,central,5080
pretrain,train,CCCC[N+]1(CCCC)Cc2c(-c3cc(-c4ccccc4)cc(-c4ccccc4)c3)cc3ccccc3c2-c2c(c(-c3cc(-c4ccccc4)cc(-c4ccccc4)c3)cc3ccccc23)C1.[Br-],2,axial,-1
pretrain,train,CCCC[N+]1(CCCC)Cc2c(-c3cc(C(F)(F)F)cc(C(F)(F)F)c3)cc3ccccc3c2-c2c(c(-c3cc(C(F)(F)F)cc(C(F)(F)F)c3)cc3ccccc23)C1.[Br-],2,axial,-1
pretrain,train,CCCC[N+]1(CCCC)Cc2c(-c3cc(F)c(F)c(F)c3)cc3ccccc3c2-c2c(c(-c3cc(F)c(F)c(F)c3)cc3ccccc23)C1.[Br-],2,axial,-1
pretrain,train,CCCC[P+]1(CCCC)Cc2c(-c3cc(C(F)(F)F)cc(C(F)(F)F)c3)cc3ccccc3c2-c2c(c(-c3cc(C(F)(F)F)cc(C(F)(F)F)c3)cc3ccccc23)C1.[Br-],2,axial,-1
pretrain,train,CCCC[S@@](=O)c1c2ccccc2c(CCl)c2ccccc12,1,central,3793
pretrain,train,CCCC[S@](=O)c1ccc([N+](=O)[O-])cc1[N+](=O)[O-],1,central,4651
pretrain,train,CCCC[S@](=O)c1ccccc1,1,central,4939
pretrain,train,CCCC[S@](C)=O,1,central,4936
pretrain,train,CCCCc1c2ccccc2c([C@@H](O)C(F)(F)F)c2ccccc12,1,central,4578
pretrain,train,CCCCc1ccc(NC(=O)[C@H](C)c2ccc(CC(C)C)cc2)cc1,1,central,4481
pretrain,train,CCCCc1ccc(NC(=O)[C@H](C)c2cccc(Oc3ccccc3)c2)cc1,1,central,4464
pretrain,train,CCCCc1ccc(NC(=O)[C@H](C)c2cccc3ccccc23)cc1,1,central,4473
pretrain,train,CCCCc1ccc(NC(=O)[C@H](CC)c2ccccc2)cc1,1,central,4455
pretrain,train,CCCCc1ccc(NC(=O)[C@H](OC(C)C)c2ccccc2)cc1,1,central,4446
pretrain,train,CCCCc1ccc([C@H]2CCCN2C)cn1,1,central,5483
pretrain,train,CCCN(C(=O)c1cc([N+](=O)[O-])cc([N+](=O)[O-])c1)[C@@H](C)C(=O)Nc1ccccc1C,1,central,4078
pretrain,train,CCCN(C(=O)c1ccccc1)[C@H](C)C(=O)Nc1ccccc1C,1,central,4077
pretrain,train,CCCN(CC)[C@@H](CC)C(=O)Nc1c(C)cccc1C,1,central,4211
pretrain,train,CCCN(CCC)C(=O)[C@@H](CCC(=O)O)NC(=O)c1ccccc1,1,central,2752
pretrain,train,CCCN(CCC)[C@@H]1CCCC[C@H]1NC(=S)N[C@H](C(=O)NC(C)C)C(C)(C)C,1,central,6077
pretrain,train,CCCN(CCC)[C@@H]1CCc2c(O)cccc2C1,1,central,1529
pretrain,train,CCCN(CCC)[C@@H]1CCc2c(ccc(Cl)c2O)C1,1,central,1524
pretrain,train,CCCN(CCC)[C@@H]1CCc2cc(Cl)ccc2C1,1,central,1530
pretrain,train,CCCN(CCC)[C@@H]1CCc2cc(O)ccc2C1,1,central,1528
pretrain,train,CCCN(CCC)[C@H]1CCc2c(ccc(Br)c2O)C1,1,central,1523
pretrain,train,CCCN(CCC)[C@H]1CCc2c(ccc(F)c2O)C1,1,central,1525
pretrain,train,CCCN(CCC)[C@H]1CCc2ccc(O)cc2C1,1,central,1527
pretrain,train,CCCN(CCC)[C@H]1CCc2cccc(O)c2C1,1,central,1526
pretrain,train,CCCN(CCC)[C@H]1CCc2ccccc2C1,1,central,1531
pretrain,train,CCCN(CCC)p1oc2ccc3ccccc3c2c2c(ccc3ccccc32)o1,2,axial,5801
pretrain,train,CCCN(CCc1ccccc1)[C@@H]1CCc2c(O)ccc(Cl)c2C1,1,central,1520
pretrain,train,CCCN(CCc1ccccc1)[C@H]1CCc2c(O)cccc2C1,1,central,1521
pretrain,train,CCCN(CCc1cccs1)[C@@H]1CCc2c(O)cccc2C1,1,central,2294
pretrain,train,CCCN(CCc1cccs1)[C@@H]1CCc2ccc(O)cc2C1,1,central,1522
pretrain,train,CCCN1C(=O)N[C@@](CC)(c2ccccc2)C1=O,1,central,5078
pretrain,train,CCCN1CCCC[C@@H]1C(=O)Nc1c(C)cccc1C,1,central,4656
pretrain,train,CCCN1CCC[C@H](c2cccc(O)c2)C1,1,central,4205
pretrain,train,CCCN1CCC[C@H](c2cccc(OC)c2)C1,1,central,3785
pretrain,train,CCCNC(=O)Oc1ccc([C@](O)(CC)c2cccc(C(F)(F)F)c2)cc1,1,central,1645
pretrain,train,CCCNC(=O)[C@@H](C)c1ccc(CC(C)C)cc1,1,central,4489
pretrain,train,CCCNC(=O)[C@@H](C)c1cccc2ccccc12,1,central,4499
pretrain,train,CCCNC(=O)[C@@H](NC(=O)c1cc([N+](=O)[O-])cc([N+](=O)[O-])c1)c1ccccc1,1,central,2763
pretrain,train,CCCNC(=O)[C@H](CC(C)C)NC(=O)c1cc([N+](=O)[O-])cc([N+](=O)[O-])c1,1,central,4027
pretrain,train,CCCNCCCCN1C(=O)C[C@]2(CCCc3ccccc32)C1=O,1,central,4681
pretrain,train,CCCNC[C@@H](O)COc1ccc(CCOC)cc1,1,central,5053
pretrain,train,CCCNC[C@@H](O)COc1ccc(O)cc1C(=O)CCc1ccccc1,1,central,1431
pretrain,train,CCCNC[C@@H](O)c1cc2ccccc2o1,1,central,2485
pretrain,train,CCCNC[C@H](O)COc1cccc2ccccc12,1,central,1679
pretrain,train,CCCNC[C@H](O)COc1ccccc1C(=O)CCc1ccccc1,1,central,1433
pretrain,train,CCCN[C@@H]1CCc2c(O)cccc2C1,1,central,1518
pretrain,train,CCCN[C@@H]1CCc2c(cccc2OC)C1,1,central,1517
pretrain,train,CCCN[C@H](C)C(=O)Nc1ccccc1C,1,central,2475
pretrain,train,CCCOC(=O)C1(NC(=O)[C@@H](CC(=O)O)NC(=O)OCc2ccccc2)CC1,1,central,1472
pretrain,train,CCCOC(=O)C1(NC(=O)[C@H](N)CC(=O)O)CC1,1,central,2290
pretrain,train,CCCOC(=O)CC[C@@H](NC(=O)c1cc([N+](=O)[O-])cc([N+](=O)[O-])c1)C(=O)OCCC,1,central,2219
pretrain,train,CCCOC(=O)C[C@@H](NC(=O)c1cc([N+](=O)[O-])cc([N+](=O)[O-])c1)C(=O)OCCC,1,central,2218
pretrain,train,CCCOC(=O)[C@@H](C)OC(=O)Nc1cc([N+](=O)[O-])cc([N+](=O)[O-])c1,1,central,4761
pretrain,train,CCCOC(=O)[C@@H](CCC)NC(=O)c1cc([N+](=O)[O-])cc([N+](=O)[O-])c1,1,central,3144
pretrain,train,CCCOC(=O)[C@@H](Cc1ccccc1)NC(=O)c1cc([N+](=O)[O-])cc([N+](=O)[O-])c1,1,central,2222
pretrain,train,CCCOC(=O)[C@@H](NC(=O)c1cc([N+](=O)[O-])cc([N+](=O)[O-])c1)c1ccccc1,1,central,2220
pretrain,train,CCCOC(=O)[C@@H]1COc2ccccc2O1,1,central,2125
pretrain,train,CCCOC(=O)[C@H](C)NC(=O)c1cc([N+](=O)[O-])cc([N+](=O)[O-])c1,1,central,2223
pretrain,train,CCCOC(=O)[C@H](CC(C)C)NC(=O)c1cc([N+](=O)[O-])cc([N+](=O)[O-])c1,1,central,2221
pretrain,train,CCCOC(=O)[C@H](CO)NC(=O)c1cc([N+](=O)[O-])cc([N+](=O)[O-])c1,1,central,2217
pretrain,train,CCCOC(=O)[C@H](NC(=O)c1cc([N+](=O)[O-])cc([N+](=O)[O-])c1)C(C)C,1,central,2224
pretrain,train,CCCOC(=O)[C@H](NC(=O)c1cc([N+](=O)[O-])cc([N+](=O)[O-])c1)[C@H](C)CC,1,central,121
pretrain,train,CCCOC(=O)[C@H](O)c1ccccc1,1,central,5464
pretrain,train,CCCOP(=O)(OCCC)Oc1ccc([S@@](C)=O)cc1,1,central,1778
pretrain,train,CCCO[C@H]1N=C(c2ccccc2)c2cc(Cl)ccc2NC1=O,1,central,3709
pretrain,train,CCCOc1c2cc(C(C)(C)C)cc1Cc1cc(C(C)(C)C)cc(c1OCCC)Cc1c(C)c(C(C)C)cc(c1OCCC)Cc1cc(C(C)(C)C)cc(c1OCCC)C2,3,helical,5507
pretrain,train,CCCOc1ccc([C@@H](CCC)NC(=O)c2cc([N+](=O)[O-])cc([N+](=O)[O-])c2)cc1,1,central,4608
pretrain,train,CCCOc1ccc2c(c1)OC[C@@H]1c3ccc(OC)cc3O[C@H]21,1,central,378
pretrain,train,CCCS[S@@](C)=O,1,central,1337
pretrain,train,CCC[C@@H](/C(C)=N/OC(=O)Nc1cc([N+](=O)[O-])cc([N+](=O)[O-])c1)c1ccccc1,1,central,4422
pretrain,train,CCC[C@@H](C(N)=O)c1ccc(O)c(O)c1,1,central,5500
pretrain,train,CCC[C@@H](C)COC(=O)Nc1ccccc1,1,central,4948
pretrain,train,CCC[C@@H](C)NC(=O)Nc1ccccc1,1,central,4111
pretrain,train,CCC[C@@H](C)NC(=O)c1cc([N+](=O)[O-])cc([N+](=O)[O-])c1,1,central,2568
pretrain,train,CCC[C@@H](C)NC(=O)c1ccc2ccccc2c1,1,central,5225
pretrain,train,CCC[C@@H](C)NC(=O)c1ccccc1,1,central,4532
pretrain,train,CCC[C@@H](C)OC(=O)Nc1cccc2ccccc12,1,central,5343
pretrain,train,CCC[C@@H](C)OC(=O)Nc1ccccc1,1,central,4954
pretrain,train,CCC[C@@H](C)OC(=O)c1cc(Cl)cc(Cl)c1,1,central,4384
pretrain,train,CCC[C@@H](C)OC(=O)c1ccc(C)cc1,1,central,5410
pretrain,train,CCC[C@@H](CC)OC(=O)Nc1cc([N+](=O)[O-])cc([N+](=O)[O-])c1,1,central,2551
pretrain,train,CCC[C@@H](COC(=O)Nc1cc([N+](=O)[O-])cc([N+](=O)[O-])c1)OC(=O)Nc1cc([N+](=O)[O-])cc([N+](=O)[O-])c1,1,central,3740
pretrain,train,CCC[C@@H](COc1ccc(Cl)cc1)C(=O)OC,1,central,1978
pretrain,train,CCC[C@@H](N)C(=O)O,1,central,1708
pretrain,train,CCC[C@@H](NC(=O)CN)C(=O)O,1,central,2143
pretrain,train,CCC[C@@H](NC(=O)c1cc([N+](=O)[O-])cc([N+](=O)[O-])c1)C(=O)OC(C)C,1,central,2441
pretrain,train,CCC[C@@H](NC(=O)c1cc([N+](=O)[O-])cc([N+](=O)[O-])c1)C(=O)OCC,1,central,3145
pretrain,train,CCC[C@@H](NC(=O)c1cc([N+](=O)[O-])cc([N+](=O)[O-])c1)c1ccc(OC)cc1,1,central,3556
pretrain,train,CCC[C@@H](NC(=O)c1cc([N+](=O)[O-])cc([N+](=O)[O-])c1)c1ccccc1,1,central,2750
pretrain,train,CCC[C@@H](NC(=O)c1cc([N+](=O)[O-])cc([N+](=O)[O-])n1)C(=O)O,1,central,1876
pretrain,train,CCC[C@@H](NC(=O)c1ccccc1)C(=O)OC,1,central,2573
pretrain,train,CCC[C@@H](NS(=O)(=O)c1cccc2c(N(C)C)cccc12)C(=O)O,1,central,1744
pretrain,train,CCC[C@@H](Nc1ccc2ccccc2c1)C(=O)OCC,1,central,3640
pretrain,train,CCC[C@@H](OC(=O)Cc1cccc2ccccc12)c1ccccc1,1,central,2806
pretrain,train,CCC[C@@H](OC(=O)Nc1cc([N+](=O)[O-])cc([N+](=O)[O-])c1)C(=O)OC,1,central,4719
pretrain,train,CCC[C@@H](OC(=O)c1cc([N+](=O)[O-])cc([N+](=O)[O-])c1)c1cc(OC)ccc1OC,1,central,4602
pretrain,train,CCC[C@@H](OC(=O)c1cc([N+](=O)[O-])cc([N+](=O)[O-])c1)c1ccc(SC)cc1,1,central,4625
pretrain,train,CCC[C@@H](OC(=O)c1cc([N+](=O)[O-])cc([N+](=O)[O-])c1)c1ccccc1,1,central,4628
pretrain,train,CCC[C@@H](OC(=O)c1cccc2ccccc12)c1ccccc1,1,central,2788
pretrain,train,CCC[C@@H](OC(C)=O)c1ccccc1,1,central,3626
pretrain,train,CCC[C@@H](Oc1ccc(Cl)cc1)C(=O)O,1,central,1845
pretrain,train,CCC[C@@H](Oc1ccc(Cl)cc1)C(=O)OC,1,central,1813
pretrain,train,CCC[C@@H]1C(=O)N[C@@H]1OC(C)=O,1,central,802
pretrain,train,CCC[C@@H]1C(=O)N[C@H]1OC(C)=O,1,central,803
pretrain,train,CCC[C@@H]1CCCCC1=O,1,central,3892
pretrain,train,CCC[C@@H]1CCCCN1C(=O)c1cccc2ccccc12,1,central,4980
pretrain,train,CCC[C@@H]1NC(=S)N(C)C1=O,1,central,1760
pretrain,train,CCC[C@@H]1O[C@H]1CO,1,central,532
pretrain,train,CCC[C@@H]1c2ccccc2CCN1C(=O)c1cccc2ccccc12,1,central,2170
pretrain,train,CCC[C@@](C)(N)C(=O)O,1,central,2154
pretrain,train,CCC[C@@](C)(OO)c1ccccc1,1,central,1543
pretrain,train,CCC[C@@](O)(CC)c1ccccc1,1,central,1272
pretrain,train,CCC[C@@]1(CC)C(=O)NC(=O)N(C)C1=O,1,central,3728
pretrain,train,CCC[C@@]1(N(C)C)C(=O)NC(=O)N(C)C1=O,1,central,4731
pretrain,train,CCC[C@@]1(N2CCCCC2)C(=O)NC(=O)N(CC)C1=O,1,central,4729
pretrain,train,CCC[C@@]1(c2ccc(O)cc2)NC(=O)NC1=O,1,central,5070
pretrain,train,CCC[C@@]1(c2ccccc2)C(=O)NC(=O)N(C)C1=O,1,central,3732
pretrain,train,CCC[C@@]1(c2ccccc2)NC(=O)NC1=O,1,central,5082
pretrain,train,CCC[C@H](/C(C)=N\OC(=O)Nc1cc([N+](=O)[O-])cc([N+](=O)[O-])c1)c1ccccc1,1,central,4411
pretrain,train,CCC[C@H](C)C(=O)Nc1ccccc1,1,central,4528
pretrain,train,CCC[C@H](C)C1(CC)C(=O)NC(=O)NC1=O,1,central,3122
pretrain,train,CCC[C@H](C)C1(CC)C(=O)NC(=S)NC1=O,1,central,3120
pretrain,train,CCC[C@H](C)COC(=O)c1cc(Cl)cc(Cl)c1,1,central,4378
pretrain,train,CCC[C@H](C)NC(=O)C(F)(F)F,1,central,5005
pretrain,train,CCC[C@H](C)NC(=O)c1cccc2ccccc12,1,central,3521
pretrain,train,CCC[C@H](C)OC(=O)Nc1cc([N+](=O)[O-])cc([N+](=O)[O-])c1,1,central,2552
pretrain,train,CCC[C@H](C)OC(=O)c1ccccc1,1,central,4385
pretrain,train,CCC[C@H](CC(=O)OC)NC(=O)c1cc([N+](=O)[O-])cc([N+](=O)[O-])c1,1,central,4842
pretrain,train,CCC[C@H](CC)NC(=O)c1ccc2ccccc2c1,1,central,4544
pretrain,train,CCC[C@H](CO)NC(=O)Nc1cc([N+](=O)[O-])cc([N+](=O)[O-])c1,1,central,3747
pretrain,train,CCC[C@H](CO)NC(=O)c1ccc2ccccc2c1,1,central,4546
pretrain,train,CCC[C@H](COC(=O)c1cc([N+](=O)[O-])cc([N+](=O)[O-])c1)NC(=O)c1cc([N+](=O)[O-])cc([N+](=O)[O-])c1,1,central,1893
pretrain,train,CCC[C@H](N)CO,1,central,3899
pretrain,train,CCC[C@H](NC(=O)CC)c1ccc2c(c1)Cc1ccccc1-2,1,central,2326
pretrain,train,CCC[C@H](NC(=O)Nc1cc([N+](=O)[O-])cc([N+](=O)[O-])c1)c1ccccc1,1,central,3753
pretrain,train,CCC[C@H](NC(=O)OCc1ccccc1)C(=O)O,1,central,2292
pretrain,train,CCC[C@H](NC(=O)OCc1ccccc1)C(=O)OCC,1,central,4801
pretrain,train,CCC[C@H](NC(=O)OCc1ccccc1)C(=O)OCc1ccccc1,1,central,4800
pretrain,train,CCC[C@H](NC(=O)c1cc([N+](=O)[O-])cc([N+](=O)[O-])c1)C(=O)O,1,central,2558
pretrain,train,CCC[C@H](NC(=O)c1cc([N+](=O)[O-])cc([N+](=O)[O-])c1)C(=O)OC,1,central,3146
pretrain,train,CCC[C@H](NC(=O)c1cc([N+](=O)[O-])cc([N+](=O)[O-])c1)c1ccc2ccccc2c1,1,central,3541
pretrain,train,CCC[C@H](NC(=O)c1cc([N+](=O)[O-])cc([N+](=O)[O-])c1)c1cccc2ccccc12,1,central,2737
pretrain,train,CCC[C@H](NC(=O)n1c2ccccc2c2ccccc21)C(=O)O,1,central,1771
pretrain,train,CCC[C@H](NC(C)=O)c1ccc2c(c1)Cc1ccccc1-2,1,central,2327
pretrain,train,CCC[C@H](NC=O)c1ccc2c(c1)Cc1ccccc1-2,1,central,2328
pretrain,train,CCC[C@H](O)Cc1ccccc1,1,central,5305
pretrain,train,CCC[C@H](O)c1ccccc1,1,central,1276
pretrain,train,CCC[C@H](OC(=O)Cc1cc2ccccc2c2ccccc12)c1ccccc1,1,central,2794
pretrain,train,CCC[C@H](OC(=O)Nc1cc([N+](=O)[O-])cc([N+](=O)[O-])c1)C(C)C,1,central,3459
pretrain,train,CCC[C@H](OC(=O)Nc1cc([N+](=O)[O-])cc([N+](=O)[O-])c1)c1ccccc1,1,central,1393
pretrain,train,CCC[C@H](OC(=O)Nc1ccc(Cl)c(Cl)c1)c1ccccc1,1,central,5032
pretrain,train,CCC[C@H](OC(=O)Nc1cccc2ccccc12)c1ccccc1,1,central,5334
pretrain,train,CCC[C@H](OC(=O)Nc1ccccc1)C(CC)OC(=O)Nc1ccccc1,1,central,688
pretrain,train,CCC[C@H](OC(=O)c1cc([N+](=O)[O-])cc([N+](=O)[O-])c1)c1ccc(OC)cc1,1,central,4624
pretrain,train,CCC[C@H](OC(=O)c1ccccc1)[C@H](CC)OC(=O)c1ccccc1,1,central,603
pretrain,train,CCC[C@H]1CCC(=O)O1,1,central,2089
pretrain,train,CCC[C@H]1CCCC(=O)O1,1,central,4259
pretrain,train,CCC[C@H]1CCOC1=O,1,central,4398
pretrain,train,CCC[C@H]1N=C(c2ccccc2)c2cc(Cl)ccc2NC1=O,1,central,3720
pretrain,train,CCC[C@H]1NC(=S)N(c2ccccc2)C1=O,1,central,3666
pretrain,train,CCC[C@](C)(O)c1ccccc1,1,central,1281
pretrain,train,CCC[C@](N)(C(=O)O)C(F)(F)F,1,central,1703
pretrain,train,CCC[C@]1(C)C(=O)N[C@@H]1OC(C)=O,1,central,796
pretrain,train,CCC[C@]1(C)C(=O)N[C@H]1OC(C)=O,1,central,797
pretrain,train,CCC[C@]1(C2=NCCN2)Cc2cccc3c2N1CC3,1,central,2756
pretrain,train,CCC[P@@](=O)(c1ccccc1)c1cccc2ccccc12,1,central,5227
pretrain,train,CCC[S@@](=O)c1ccc2[nH]c(NC(=O)OC)nc2c1,1,central,2511
pretrain,train,CCC[S@](=O)SC,1,central,1336
pretrain,train,CCCc1c(OCCCCCOc2cc3c(cc2C(C)=O)CC[C@H](C(=O)OC)O3)ccc(C(C)=O)c1C,1,central,3373
pretrain,train,CCCc1ccc(O[C@@H]2CC[C@H]2Oc2ccc(CCC)cc2)cc1,1,central,76
pretrain,train,CCN(C(=O)Cc1cc2ccccc2c2ccccc12)[C@H](C)Cc1cccc(C(F)(F)F)c1,1,central,2798
pretrain,train,CCN(C(=O)Cc1cccc2ccccc12)[C@H](C)Cc1cccc(C(F)(F)F)c1,1,central,2811
pretrain,train,CCN(C)[C@H](C)c1ccccc1,1,central,5494
pretrain,train,CCN(CC)C(=O)CCCCCCCCCCNC(=O)[C@@H](CC(C)C)NC(=O)c1cc([N+](=O)[O-])cc([N+](=O)[O-])c1,1,central,1534
pretrain,train,CCN(CC)C(=O)Cc1ccc(OC[C@H](O)CN(C(=O)Nc2ccccc2)C(C)C)cc1,1,central,2675
pretrain,train,CCN(CC)C(=O)Nc1ccc(OC[C@@H](O)CNC(C)(C)C)c(C(C)=O)c1,1,central,3999
pretrain,train,CCN(CC)C(=O)[C@@H](C)c1ccc2cc(OC)ccc2c1,1,central,1505
pretrain,train,CCN(CC)C(=O)[C@@H]1C[C@@]1(CNC(C)=O)c1ccccc1,1,central,425
pretrain,train,CCN(CC)C(=O)[C@@]1(c2ccccc2)C[C@@H]1CNC(C)=O,1,central,415
pretrain,train,CCN(CC)C(=O)[C@@]1(c2ccccc2)C[C@H]1CNC(C)=O,1,central,429
pretrain,train,CCN(CC)C(=O)[C@H](CCNC(C)=O)c1ccccc1,1,central,3544
pretrain,train,CCN(CC)C(=O)[C@H]1CCCN(Cc2ccc(CN3CCC[C@H](C(=O)N(CC)CC)C3)cc2)C1,1,central,111
pretrain,train,CCN(CC)CC(C)OC(=O)[C@@](O)(c1ccsc1)c1ccccc1OC,1,central,312
pretrain,train,CCN(CC)CC.O=S(=O)(Np1oc2ccc3ccccc3c2c2c(ccc3ccccc32)o1)C(F)(F)F,2,axial,-1
pretrain,train,CCN(CC)CCCCCN1C(=O)C[C@@]2(CCCc3ccccc32)C1=O,1,central,4688
pretrain,train,CCN(CC)CCCCN1C(=O)C[C@@]2(CCCc3cc(OC)ccc32)C1=O,1,central,4660
pretrain,train,CCN(CC)CCCCN1C(=O)C[C@@]2(CCCc3ccc(O)cc32)C1=O,1,central,4676
pretrain,train,CCN(CC)CCCCN1C(=O)C[C@]2(CCCc3ccccc32)C1=O,1,central,4689
pretrain,train,CCN(CC)CCCN1C(=O)C[C@@]2(CCCc3ccc(Cl)cc32)C1=O,1,central,4666
pretrain,train,CCN(CC)CCCN1C(=O)C[C@@]2(CCCc3ccc(OC(C)C)cc32)C1=O,1,central,4664
pretrain,train,CCN(CC)CCCN1C(=O)C[C@]2(CCCc3cc(OC)ccc32)C1=O,1,central,4661
pretrain,train,CCN(CC)CCCN1C(=O)C[C@]2(CCCc3ccc(C)cc32)C1=O,1,central,4669
pretrain,train,CCN(CC)CCCN1C(=O)C[C@]2(CCCc3ccc(F)cc32)C1=O,1,central,4667
pretrain,train,CCN(CC)CCCN1C(=O)C[C@]2(CCCc3ccc(O)cc32)C1=O,1,central,4677
pretrain,train,CCN(CC)CCCN1C(=O)C[C@]2(CCCc3ccccc32)C1=O,1,central,4740
pretrain,train,CCN(CC)CCCOC(=O)[C@](O)(c1ccsc1)C1CCCCC1,1,central,3011
pretrain,train,CCN(CC)CCC[C@H](C)Nc1ccnc2cc(Cl)ccc12,1,central,1992
pretrain,train,CCN(CC)CCN1C(=O)C[C@@]2(CCCc3ccc(O)cc32)C1=O,1,central,4678
pretrain,train,CCN(CC)CCN1C(=O)C[C@]2(CCCc3ccccc32)C1=O,1,central,4690
pretrain,train,CCN(CC)CCNC(=O)c1cc(Cl)c(N)cc1OCC[S@](C)=O,1,central,1784
pretrain,train,CCN(CC)CCNC(=O)c1cc(Cl)c([NH3+])cc1OCC[S@](C)=O.[Cl-],1,central,-1
pretrain,train,CCN(CC)CCOC(=O)[C@](O)(c1ccsc1)C1CCCCC1,1,central,3013
pretrain,train,CCN(CC)CCOc1ccc([C@@](O)(CC)c2cccc(C(F)(F)F)c2)cc1,1,central,1643
pretrain,train,CCN(CC)CC[C@@](O)(c1ccccc1)C1CCCCC1,1,central,5029
pretrain,train,CCN(CC)C[C@@H](OC(=O)Nc1cc([N+](=O)[O-])cc([N+](=O)[O-])c1)c1ccccc1,1,central,3395
pretrain,train,CCN(CC)C[C@H](Cc1ccccc1)OC(=O)Nc1ccccc1,1,central,3173
pretrain,train,CCN(CC)P1Oc2cccc3c2C2(CC3)CCc3cccc(c32)O1,2,axial,5832
pretrain,train,CCN(CC)[C@@H](c1ccccc1)[C@@H](OC(=O)Nc1cc([N+](=O)[O-])cc([N+](=O)[O-])c1)c1ccccc1,1,central,395
pretrain,train,CCN(CC)[C@@H]1N=C(c2ccccc2)c2cc(Cl)ccc2NC1=O,1,central,3278
pretrain,train,CCN(CC)[C@H](C)CN1c2ccccc2Sc2ccccc21,1,central,3677
pretrain,train,CCN(CC)[C@H](c1ccccc1)[C@@H](OC(=O)Nc1cc([N+](=O)[O-])cc([N+](=O)[O-])c1)c1ccccc1,1,central,394
pretrain,train,CCN(CC)[S@@](=O)c1ccc(C)cc1,1,central,1463
pretrain,train,CCN(CC)p1oc2ccc3ccccc3c2c2c(ccc3ccccc32)o1,2,axial,5799
pretrain,train,CCN(CCO)CCC[C@@H](C)Nc1ccnc2cc(Cl)ccc12,1,central,2759
pretrain,train,CCN(Cc1ccncc1)C(=O)[C@@H](COC(C)=O)c1ccccc1,1,central,2382
pretrain,train,CCN(Cc1ccncc1)C(=O)[C@H](CO)c1ccccc1,1,central,1317
pretrain,train,CCN1C(=O)CCS(=O)(=O)[C@H]1c1ccc(Cl)cc1,1,central,5139
pretrain,train,CCN1C(=O)NC(=O)[C@@](C)(N(C)C)C1=O,1,central,4732
pretrain,train,CCN1C(=O)N[C@@](CC)(c2ccccc2)C1=O,1,central,5079
pretrain,train,CCN1C(=O)N[C@H](c2ccccc2)C1=O,1,central,1783
pretrain,train,CCN1C(=O)[C@@H](N2CCCCC2)S/C1=C/C(=O)O,1,central,2591
pretrain,train,CCN1C(=O)c2ccccc2[C@@H]1Nc1ccc(OCCN2CCCCC2)cc1,1,central,3380
pretrain,train,CCN1CCCC[C@@H]1C(=O)Nc1c(C)cccc1C,1,central,4657
pretrain,train,CCN1CCC[C@@H]1CNC(=O)c1cc(S(N)(=O)=O)ccc1OC,1,central,2071
pretrain,train,CCN1CCC[C@@H]1c1cccnc1,1,central,5493
pretrain,train,CCN1CCC[C@H]1CN,1,central,5933
pretrain,train,CCN1C[C@@H]2C[C@]2(c2ccccc2)C1=O,1,central,427
pretrain,train,CCN1C[C@H](c2cccc(O)c2)OC1=O,1,central,4102
pretrain,train,CCNC(=O)N(C[C@@H](O)COc1cccc2ccccc12)C(C)C,1,central,-1
pretrain,train,CCNC(=O)N=[S@@](C)(=O)c1ccccc1,1,central,3800
pretrain,train,CCNC(=O)Oc1ccc([C@](O)(CC)c2cccc(C(F)(F)F)c2)cc1,1,central,1646
pretrain,train,CCNC(=O)[C@@H](C)c1ccc(CC(C)C)cc1,1,central,4488
pretrain,train,CCNC(=O)[C@@H](C)c1cccc2ccccc12,1,central,4498
pretrain,train,CCNC(=O)[C@H](C)OC(=O)Nc1ccccc1,1,central,4018
pretrain,train,CCNC(=S)N(C[C@@H](O)COc1cccc2ccccc12)C(C)C,1,central,-1
pretrain,train,CCNCCCN1C(=O)C[C@@]2(CCCc3ccccc32)C1=O,1,central,4682
pretrain,train,CCNCCC[C@@H](C)Nc1ccnc2cc(Cl)ccc12,1,central,1993
pretrain,train,CCNCCC[C@H](C)NC1CC=Nc2ccccc21,1,central,4180
pretrain,train,CCNC[C@@H](O)COc1ccc(CCOC)cc1,1,central,5052
pretrain,train,CCNC[C@H](O)COc1cccc2ccccc12,1,central,1680
pretrain,train,CCN[C@@H]1C2CCC(C2)[C@H]1c1ccccc1,1,central,4832
pretrain,train,CCOC(=O)/C=C1/S[C@H](N2CCCCC2)C(=O)N1C,1,central,2593
pretrain,train,CCOC(=O)/C=C1/S[C@H](N2CCCCC2)C(=O)N1CC,1,central,2592
pretrain,train,CCOC(=O)/C=C1\S[C@H](N2CCCCC2)C(=O)N1C,1,central,4893
pretrain,train,CCOC(=O)C(=[N+]=[N-])C(=O)C[C@H]1CC(=O)N1,1,central,5191
pretrain,train,CCOC(=O)C(C)(C)[C@H](O)/C=C/c1ccccc1,1,central,2064
pretrain,train,CCOC(=O)C(C)(C)[C@H](O)c1ccccc1,1,central,2065
pretrain,train,CCOC(=O)C(NC(C)=O)(C(=O)OCC)[C@H](CC(=O)c1ccccc1)c1ccccc1,1,central,4827
pretrain,train,CCOC(=O)C(NC(C)=O)(C(=O)OCC)[C@H](CC(C)=O)c1ccccc1,1,central,4826
pretrain,train,CCOC(=O)C/C=C/C=C=C(C)C(C)(C)C,2,axial,1012
pretrain,train,CCOC(=O)C1=C(C)NC(=S)N(C(=O)OC2CCN(Cc3ccccc3)CC2)[C@@H]1c1ccccc1C(F)(F)F,1,central,3082
pretrain,train,CCOC(=O)C1=C(C)NC(C)=C(C(=O)O)[C@H]1c1ccccc1C(F)(F)F,1,central,2766
pretrain,train,CCOC(=O)C1=C(C)NC(C)=C(C(=O)OC)[C@H]1c1cccc(Cl)c1Cl,1,central,4990
pretrain,train,CCOC(=O)C1=C(C)NC(C)=C(C(=O)OC)[C@H]1c1cccc([N+](=O)[O-])c1,1,central,3140
pretrain,train,CCOC(=O)C1=C(C)Nc2cc[nH]c(=O)c2[C@@H]1c1ccccc1C(F)(F)F,1,central,2761
pretrain,train,CCOC(=O)C1=C(C)Nc2ccnc(OC(C)C)c2[C@@H]1c1ccccc1C(F)(F)F,1,central,2760
pretrain,train,CCOC(=O)C1=C(CO)NC(C)=C(C(=O)OC)[C@H]1c1ccccc1Cl,1,central,4903
pretrain,train,CCOC(=O)C1=C(COC(C)=O)NC(C)=C(C(=O)OC)[C@@H]1c1ccccc1Cl,1,central,1331
pretrain,train,CCOC(=O)C1=C(N)NC(C)=C[C@H]1c1ccccc1Cl,1,central,5169
pretrain,train,CCOC(=O)C1=C(c2ccccc2)C2(C)CP1(=O)C(c1ccccc1)=C2C,1,central,5177
pretrain,train,CCOC(=O)C1=C(c2ccccc2)P2(=O)CC1(C)C(C)=C2c1ccccc1,1,central,5176
pretrain,train,CCOC(=O)C1=CCCC[C@@H]1OC(C)=O,1,central,1333
pretrain,train,CCOC(=O)C1=CCCC[C@H]1O,1,central,1334
pretrain,train,CCOC(=O)C1=CCC[C@@H]1O,1,central,1335
pretrain,train,CCOC(=O)C1=CCC[C@H]1OC(C)=O,1,central,1332
pretrain,train,CCOC(=O)C1=C[C@@]2(CC)CCCN3CCc4c(n1c1ccccc41)[C@@H]32,1,central,105
pretrain,train,CCOC(=O)C1=C[C@@]2(CC)CCCN3CCc4c(n1c1ccccc41)[C@H]32,1,central,106
pretrain,train,CCOC(=O)CC(C)=C=C(C)c1ccccc1,2,axial,1016
pretrain,train,CCOC(=O)CC/C=C\CC[C@@H]1C(=O)C=C[C@H]1O[Si](CC)(CC)CC,1,central,61
pretrain,train,CCOC(=O)CC=C=C(C)C(C)(C)C,2,axial,1021
pretrain,train,CCOC(=O)CC=C=C(C)C1(OC)CCCCC1,2,axial,1017
pretrain,train,CCOC(=O)CC=C=C(C)C1=CCCCC1,2,axial,1018
pretrain,train,CCOC(=O)CC=C=C(C)[Si](C)(C)C,2,axial,1019
pretrain,train,CCOC(=O)CC=C=C(C)c1ccccc1,2,axial,1023
pretrain,train,CCOC(=O)CC=C=C(c1ccccc1)C(C)(C)C,2,axial,1022
pretrain,train,CCOC(=O)CCCCCCCCCCOc1ccc2c(c1)OC[C@@H]1c3ccc(OC)cc3O[C@H]21,1,central,376
pretrain,train,CCOC(=O)CCCCOc1ccc([P@@](C)(=O)c2ccccc2)c2ccccc12,1,central,1866
pretrain,train,CCOC(=O)CC[C@H](NC(=O)OCc1ccccc1)C(=O)OCC,1,central,4785
pretrain,train,CCOC(=O)CCc1ccc(OC[C@@H](O)CNC(C)C)c(F)c1,1,central,1167
pretrain,train,CCOC(=O)CNC(=O)[C@@H](NC(=O)c1ccccc1)C(C)C,1,central,3009
pretrain,train,CCOC(=O)CNC(=O)[C@H](C)NC(=O)c1ccccc1,1,central,3010
pretrain,train,CCOC(=O)CNC(=O)[C@H](CC(C)C)NC(=O)c1ccccc1,1,central,3008
pretrain,train,CCOC(=O)CNC(=O)[C@H](Cc1ccccc1)NC(=O)c1ccccc1,1,central,3007
pretrain,train,CCOC(=O)COc1ccc([P@](C)(=O)c2ccccc2)c2ccccc12,1,central,1867
pretrain,train,CCOC(=O)COc1ccc2c(c1)C[C@@H](N(C[C@@H](OC(=O)NC(C)C)c1ccc(Cl)cc1)C(=O)NC(C)C)CC2,1,central,250
pretrain,train,CCOC(=O)COc1ccc2c(c1)C[C@@H](N(C[C@H](OC(=O)NC(C)C)c1ccc(Cl)cc1)C(=O)NC(C)C)CC2,1,central,249
pretrain,train,CCOC(=O)COc1ccc2c(c1)C[C@H](NC[C@@H](O)c1ccc(Cl)cc1)CC2,1,central,252
pretrain,train,CCOC(=O)COc1ccc2c(c1)C[C@H](NC[C@H](O)c1ccc(Cl)cc1)CC2,1,central,251
pretrain,train,CCOC(=O)COc1ccc2c(c1)OC[C@@H]1c3ccc(OC)cc3O[C@H]21,1,central,377
pretrain,train,CCOC(=O)COc1ccc2cc(C)c(C)cc2c1-c1c(O)ccc2cc(C)c(C)cc12,2,axial,1121
pretrain,train,CCOC(=O)COc1ccc2ccccc2c1-c1c(O)ccc2ccccc12,2,axial,1111
pretrain,train,CCOC(=O)C[C@@H](C)Cl,1,central,4691
pretrain,train,CCOC(=O)C[C@@H](C)OC(=O)c1ccccc1,1,central,4341
pretrain,train,CCOC(=O)C[C@@H](CC)OC(=O)c1ccccc1,1,central,4338
pretrain,train,CCOC(=O)C[C@@H](O)C(=O)OCc1ccccc1,1,central,2610
pretrain,train,CCOC(=O)C[C@@H](OC(=O)Nc1cc([N+](=O)[O-])cc([N+](=O)[O-])c1)C(=O)OCC,1,central,1602
pretrain,train,CCOC(=O)C[C@@H](SP(=S)(OC)OC)C(=O)OCC,1,central,4318
pretrain,train,CCOC(=O)C[C@@H]1C=CC(=O)C1,1,central,2645
pretrain,train,CCOC(=O)C[C@@](O)(C(=O)OCC)C(F)(F)C(=O)OCc1ccccc1,1,central,1983
pretrain,train,CCOC(=O)C[C@H](C)NC(=O)OCc1ccccc1,1,central,4808
pretrain,train,CCOC(=O)C[C@H](NC(=O)OCc1ccccc1)C(=O)OCC,1,central,4787
pretrain,train,CCOC(=O)C[C@H](O)c1c2ccccc2cc2ccccc12,1,central,4720
pretrain,train,CCOC(=O)C[C@H](O)c1ccc(-c2ccccc2)cc1,1,central,2673
pretrain,train,CCOC(=O)C[C@H](O)c1ccccc1,1,central,2626
pretrain,train,CCOC(=O)C[C@H](OC)c1ccccc1,1,central,2672
pretrain,train,CCOC(=O)C[C@H](OCC)c1ccc(-c2ccccc2)cc1,1,central,2670
pretrain,train,CCOC(=O)C[C@H](OCC)c1ccccc1,1,central,2671
pretrain,train,CCOC(=O)C[S@](=O)c1c2ccccc2cc2ccccc12,1,central,4154
pretrain,train,CCOC(=O)N(C[C@@H]1CCc2cc(C)c([N+](=O)[O-])cc2N1)C(C)C,1,central,4012
pretrain,train,CCOC(=O)N(C[C@@H]1CCc2cc(CO)c([N+](=O)[O-])cc2N1)C(C)C,1,central,4011
pretrain,train,CCOC(=O)N1CCc2cc3c(c(C(C)=O)c2[C@H]1[C@@H]1c2c(cc4c(c2C(C)=O)OCO4)CCN1C(=O)OCC)OCO3,1,central,815
pretrain,train,CCOC(=O)N1c2ccccc2C=C[C@H]1OCC,1,central,4879
pretrain,train,CCOC(=O)N[C@@H](c1cccc2ccccc12)C(C)C,1,central,3865
pretrain,train,CCOC(=O)N[C@H](C)c1cccc2ccccc12,1,central,3872
pretrain,train,CCOC(=O)[C@@H](C)COc1ccc(Cl)cc1,1,central,1976
pretrain,train,CCOC(=O)[C@@H](C)NC(=O)OC(C)(C)C,1,central,4822
pretrain,train,CCOC(=O)[C@@H](C)NC(=O)Oc1ccccc1,1,central,4820
pretrain,train,CCOC(=O)[C@@H](C)NC(=O)c1cc([N+](=O)[O-])cc([N+](=O)[O-])c1,1,central,1383
pretrain,train,CCOC(=O)[C@@H](C)NC(=O)c1ccccc1,1,central,4824
pretrain,train,CCOC(=O)[C@@H](C)NC(C)=O,1,central,1615
pretrain,train,CCOC(=O)[C@@H](C)Nc1ccc2cc3ccccc3cc2c1,1,central,3643
pretrain,train,CCOC(=O)[C@@H](C)Nc1ccc2ccccc2c1,1,central,3642
pretrain,train,CCOC(=O)[C@@H](C)O,1,central,3319
pretrain,train,CCOC(=O)[C@@H](C)Oc1c(C)cccc1C,1,central,2939
pretrain,train,CCOC(=O)[C@@H](C)Oc1ccc(-c2ccccc2)cc1,1,central,2937
pretrain,train,CCOC(=O)[C@@H](C)Oc1ccc(C)cc1C(C)(C)C,1,central,2938
pretrain,train,CCOC(=O)[C@@H](C)Oc1ccc(Cl)cc1C,1,central,4071
pretrain,train,CCOC(=O)[C@@H](C)Oc1cccc(CC)c1,1,central,2931
pretrain,train,CCOC(=O)[C@@H](C)c1ccc2cc(OC)ccc2c1,1,central,1510
pretrain,train,CCOC(=O)[C@@H](CC(C)C)NC(C)=O,1,central,1611
pretrain,train,CCOC(=O)[C@@H](CC(C)C)Nc1ccc2ccccc2c1,1,central,3638
pretrain,train,CCOC(=O)[C@@H](CC)NC(=O)c1cc([N+](=O)[O-])cc([N+](=O)[O-])c1,1,central,3771
pretrain,train,CCOC(=O)[C@@H](CC)Nc1ccc2ccccc2c1,1,central,3641
pretrain,train,CCOC(=O)[C@@H](CC)OC(=O)Nc1cc([N+](=O)[O-])cc([N+](=O)[O-])c1,1,central,4757
pretrain,train,CCOC(=O)[C@@H](CCc1ccccc1)OC(C)=O,1,central,3228
pretrain,train,CCOC(=O)[C@@H](Cc1c[nH]c2ccccc12)NC(C)=O,1,central,3986
pretrain,train,CCOC(=O)[C@@H](Cc1cc2ccc3cccc4ccc(c1)c2c34)NC(=O)c1ccccc1,1,central,4810
pretrain,train,CCOC(=O)[C@@H](Cc1ccc(Cl)cc1)NC(=O)OCc1ccccc1,1,central,4814
pretrain,train,CCOC(=O)[C@@H](Cc1ccc(OC)c(OC)c1)NC(=O)c1ccccc1,1,central,2570
pretrain,train,CCOC(=O)[C@@H](Cc1ccccc1)NC(=O)c1cc([N+](=O)[O-])cc([N+](=O)[O-])c1,1,central,1384
pretrain,train,CCOC(=O)[C@@H](Cc1ccccc1)c1ccccc1,1,central,3890
pretrain,train,CCOC(=O)[C@@H](Cc1ncc[nH]1)NC(=O)c1cc([N+](=O)[O-])cc([N+](=O)[O-])c1,1,central,3971
pretrain,train,CCOC(=O)[C@@H](F)N1C(=O)c2ccccc2C1=O,1,central,5056
pretrain,train,CCOC(=O)[C@@H](NC(=O)OCc1ccccc1)C(C)C,1,central,4803
pretrain,train,CCOC(=O)[C@@H](NC(=O)OCc1ccccc1)C(C)c1ccccc1,1,central,4812
pretrain,train,CCOC(=O)[C@@H](NC(=O)OCc1ccccc1)[C@@H](C)CC,1,central,652
pretrain,train,CCOC(=O)[C@@H](NC(=O)c1c(F)c(F)c(F)c(F)c1F)c1ccccc1,1,central,2582
pretrain,train,CCOC(=O)[C@@H](NC(=O)c1cc([N+](=O)[O-])cc([N+](=O)[O-])c1)c1ccc2ccccc2c1,1,central,3827
pretrain,train,CCOC(=O)[C@@H](NC(=O)c1cccc2ccccc12)C(C)C,1,central,3509
pretrain,train,CCOC(=O)[C@@H](NC(=O)c1cccc2ccccc12)c1ccccc1,1,central,3510
pretrain,train,CCOC(=O)[C@@H](NC(=O)c1ccccc1)c1ccccc1,1,central,5014
pretrain,train,CCOC(=O)[C@@H](NC(C)=O)C(C)C,1,central,1614
pretrain,train,CCOC(=O)[C@@H](NC(C)=O)c1ccccc1,1,central,5013
pretrain,train,CCOC(=O)[C@@H](Nc1ccc2cc3ccccc3cc2c1)c1ccccc1,1,central,3649
pretrain,train,CCOC(=O)[C@@H](Nc1ccc2ccccc2c1)C(C)C,1,central,3738
pretrain,train,CCOC(=O)[C@@H](Nc1ccc2ccccc2c1)c1ccccc1,1,central,3650
pretrain,train,CCOC(=O)[C@@H](Nc1cccc2ccccc12)c1ccccc1,1,central,3651
pretrain,train,CCOC(=O)[C@@H](Nc1ccccc1)c1ccccc1,1,central,3652
pretrain,train,CCOC(=O)[C@@H]1CCCCN1C(=O)OCc1ccccc1,1,central,4768
pretrain,train,CCOC(=O)[C@@H]1CCCN1C(=O)OCc1ccccc1,1,central,4770
pretrain,train,CCOC(=O)[C@@H]1CCc2ccc(O)cc2O1,1,central,3374
pretrain,train,CCOC(=O)[C@@H]1O[C@H]1c1ccc(OC)cc1,1,central,231
pretrain,train,CCOC(=O)[C@@](C)(Cc1ccccc1)NC(C)=O,1,central,1355
pretrain,train,CCOC(=O)[C@@](C)(O)Cc1ccc(O)c(OC)c1,1,central,1354
pretrain,train,CCOC(=O)[C@@](C)(O)c1ccccc1O,1,central,2443
pretrain,train,CCOC(=O)[C@@](O)(c1ccsc1)C1CCCCC1,1,central,4283
pretrain,train,CCOC(=O)[C@H](C)N(C(=O)c1ccccc1)c1ccc(Cl)c(Cl)c1,1,central,5100
pretrain,train,CCOC(=O)[C@H](C)NC(=O)OCc1ccccc1,1,central,4818
pretrain,train,CCOC(=O)[C@H](C)OC(=O)Nc1cc([N+](=O)[O-])cc([N+](=O)[O-])c1,1,central,4762
pretrain,train,CCOC(=O)[C@H](C)Oc1ccc(C)cc1,1,central,2954
pretrain,train,CCOC(=O)[C@H](C)Oc1ccc(Cc2ccccc2)cc1,1,central,2936
pretrain,train,CCOC(=O)[C@H](C)Oc1ccc(Oc2ccccc2)cc1,1,central,2935
pretrain,train,CCOC(=O)[C@H](C)Oc1ccc(Oc2cnc3cc(Cl)ccc3n2)cc1,1,central,2629
pretrain,train,CCOC(=O)[C@H](C)Oc1ccc(Oc2nc3ccc(Cl)cc3o2)cc1,1,central,3922
pretrain,train,CCOC(=O)[C@H](C)Oc1cccc(C(C)=O)c1,1,central,2934
pretrain,train,CCOC(=O)[C@H](C)Oc1cccc(C)c1,1,central,2932
pretrain,train,CCOC(=O)[C@H](C)Oc1ccccc1C,1,central,2933
pretrain,train,CCOC(=O)[C@H](C)Oc1ccccc1CC,1,central,2930
pretrain,train,CCOC(=O)[C@H](CC(C)C)NC(=O)OCc1ccccc1,1,central,4799
pretrain,train,CCOC(=O)[C@H](CC(N)=O)NC(=O)OCc1ccccc1,1,central,4783
pretrain,train,CCOC(=O)[C@H](CC)NC(=O)OCc1ccccc1,1,central,4805
pretrain,train,CCOC(=O)[C@H](CCC(N)=O)NC(=O)OCc1ccccc1,1,central,4781
pretrain,train,CCOC(=O)[C@H](CCCCNC(=O)OCc1ccccc1)NC(=O)OCc1ccccc1,1,central,4776
pretrain,train,CCOC(=O)[C@H](CCSC)NC(=O)OCc1ccccc1,1,central,4772
pretrain,train,CCOC(=O)[C@H](CO)NC(=O)OCc1ccccc1,1,central,4791
pretrain,train,CCOC(=O)[C@H](CSCc1ccccc1)NC(=O)OCc1ccccc1,1,central,4774
pretrain,train,CCOC(=O)[C@H](Cc1c[nH]c2ccccc12)NC(=O)OCc1ccccc1,1,central,4778
pretrain,train,CCOC(=O)[C@H](Cc1c[nH]c2ccccc12)NC(=O)c1cc([N+](=O)[O-])cc([N+](=O)[O-])c1,1,central,2563
pretrain,train,CCOC(=O)[C@H](Cc1c[nH]c2ccccc12)NC(=O)c1ccccc1,1,central,2834
pretrain,train,CCOC(=O)[C@H](Cc1c[nH]cn1)NC(=O)OCc1ccccc1,1,central,4779
pretrain,train,CCOC(=O)[C@H](Cc1ccc(O)cc1)NC(=O)c1cccc2ccccc12,1,central,3507
pretrain,train,CCOC(=O)[C@H](Cc1ccc(O)cc1)NC(=O)c1ccccc1,1,central,2835
pretrain,train,CCOC(=O)[C@H](Cc1ccc(OCc2ccccc2)cc1)NC(=O)OCc1ccccc1,1,central,4789
pretrain,train,CCOC(=O)[C@H](Cc1ccccc1)NC(=O)OCc1ccccc1,1,central,4793
pretrain,train,CCOC(=O)[C@H](Cc1ccccc1)NC(=O)c1ccccc1,1,central,2404
pretrain,train,CCOC(=O)[C@H](Cc1ccccc1)NC(C)=O,1,central,2403
pretrain,train,CCOC(=O)[C@H](F)OC(=O)c1ccccc1,1,central,5057
pretrain,train,CCOC(=O)[C@H](F)Sc1ccccc1,1,central,5058
pretrain,train,CCOC(=O)[C@H](N)Cc1c[nH]c2ccccc12,1,central,5453
pretrain,train,CCOC(=O)[C@H](NC(=O)OCc1ccccc1)[C@H](C)O,1,central,650
pretrain,train,CCOC(=O)[C@H](NC(=O)OCc1ccccc1)c1ccccc1,1,central,4795
pretrain,train,CCOC(=O)[C@H](NC(=O)c1cc([N+](=O)[O-])cc([N+](=O)[O-])c1)c1ccc(Cl)cc1,1,central,3829
pretrain,train,CCOC(=O)[C@H](NC(=O)c1cc([N+](=O)[O-])cc([N+](=O)[O-])c1)c1cccc(F)c1,1,central,3833
pretrain,train,CCOC(=O)[C@H](NC(=O)c1cc([N+](=O)[O-])cc([N+](=O)[O-])c1)c1cccc2ccccc12,1,central,3828
pretrain,train,CCOC(=O)[C@H](NC(=O)c1cc([N+](=O)[O-])cc([N+](=O)[O-])c1)c1ccccc1,1,central,1382
pretrain,train,CCOC(=O)[C@H](NC(=O)c1cc([N+](=O)[O-])cc([N+](=O)[O-])c1)c1ccccc1F,1,central,3832
pretrain,train,CCOC(=O)[C@H](NC(=O)c1cc([N+](=O)[O-])cc([N+](=O)[O-])c1)c1cccs1,1,central,3831
pretrain,train,CCOC(=O)[C@H](NC(=O)c1cc([N+](=O)[O-])cc([N+](=O)[O-])c1)c1ccsc1,1,central,3830
pretrain,train,CCOC(=O)[C@H](Nc1ccc2ccccc2c1)C1CCCCC1,1,central,3637
pretrain,train,CCOC(=O)[C@H](O)CCc1ccccc1,1,central,1994
pretrain,train,CCOC(=O)[C@H](O)[C@H](C)OC(=O)c1ccccc1,1,central,597
pretrain,train,CCOC(=O)[C@H](O)c1ccccc1,1,central,3446
pretrain,train,CCOC(=O)[C@H](OC(=O)Nc1cc([N+](=O)[O-])cc([N+](=O)[O-])c1)c1ccccc1,1,central,4755
pretrain,train,CCOC(=O)[C@H](OC(=O)c1cc([N+](=O)[O-])cc([N+](=O)[O-])c1)c1ccccc1,1,central,5348
pretrain,train,CCOC(=O)[C@H](OC(=O)c1ccccc1)[C@@H](OC(=O)c1ccccc1)c1ccccc1,1,central,602
pretrain,train,CCOC(=O)[C@H](SP(=S)(OC)OC)c1ccccc1,1,central,3917
pretrain,train,CCOC(=O)[C@H]1CCC(=O)O1,1,central,5386
pretrain,train,CCOC(=O)[C@H]1CCc2cc(F)ccc2O1,1,central,2131
pretrain,train,CCOC(=O)[C@H]1COc2ccccc2O1,1,central,2126
pretrain,train,CCOC(=O)[C@H]1Cc2c(ccc3ccccc23)N1,1,central,3656
pretrain,train,CCOC(=O)[C@H]1Cc2cc(C)c(C)cc2N1,1,central,3658
pretrain,train,CCOC(=O)[C@H]1Cc2cc(OC)ccc2N1,1,central,3657
pretrain,train,CCOC(=O)[C@H]1Cc2cc3c(cc2N1)-c1ccccc1C3,1,central,3653
pretrain,train,CCOC(=O)[C@H]1Cc2ccc3ccccc3c2N1,1,central,3655
pretrain,train,CCOC(=O)[C@H]1Cc2ccccc2N1,1,central,3659
pretrain,train,CCOC(=O)[C@H]1N=C(c2ccccc2)c2cc(Cl)ccc2NC1=O,1,central,2886
pretrain,train,CCOC(=O)[C@H]1N=C(c2ccccc2)c2cc([N+](=O)[O-])ccc2NC1=O,1,central,2889
pretrain,train,CCOC(=O)[C@H]1O[C@@H]1COC(=O)Nc1cccc2ccccc12,1,central,90
pretrain,train,CCOC(=O)[C@H]1O[C@@H]1COC(=O)[C@H]1O[C@@H]1COC(=O)Nc1cccc2ccccc12,1,central,5548
pretrain,train,CCOC(=O)[C@H]1O[C@@H]1c1ccccc1,1,central,822
pretrain,train,CCOC(=O)[C@](Br)(Sc1ccccc1)[N+](=O)[O-],1,central,5061
pretrain,train,CCOC(=O)[C@](C)(C#N)c1ccccc1,1,central,1322
pretrain,train,CCOC(=O)[C@](F)(SCC)[N+](=O)[O-],1,central,5059
pretrain,train,CCOC(=O)[C@](F)(Sc1ccccc1)[N+](=O)[O-],1,central,5060
pretrain,train,CCOC(=O)[C@]1(c2ccccc2)CCC=C[C@@H]1N,1,central,38
pretrain,train,CCOC(=O)c1ccc(C2=N[C@H](c3ccccc3)CO2)nc1,1,central,6542
pretrain,train,CCOC(=O)c1ccc2cc1CSc1cccc(c1)SC2,4,planar,5634
pretrain,train,CCOC(=O)c1ccccc1NC(=O)O[C@H]1CCn2ccnc21,1,central,6151
pretrain,train,CCOC(=O)c1csc([C@@H](C)NC(=O)OC(C)(C)C)n1,1,central,1694
pretrain,train,CCOC(=O)c1csc([C@H](CC(C)C)NC(=O)OC(C)(C)C)n1,1,central,1692
pretrain,train,CCOC(=O)c1csc([C@H](CCC(N)=O)NC(=O)OC(C)(C)C)n1,1,central,1695
pretrain,train,CCOC(=O)c1csc([C@H](Cc2ccccc2)NC(=O)OC(C)(C)C)n1,1,central,1691
pretrain,train,CCOC(=O)c1csc([C@H](NC(=O)OC(C)(C)C)C(C)C)n1,1,central,1693
pretrain,train,CCOC(=O)c1csc([C@H](NC(=O)OC(C)(C)C)[C@H](C)CC)n1,1,central,40
pretrain,train,CCOC(=O)n1cnc([C@@H](C)c2cccc(C)c2C)c1,1,central,3260
pretrain,train,CCOCC(=O)Oc1ccc([P@](C)(=O)c2ccccc2)c2ccccc12,1,central,3788
pretrain,train,CCOCCOC(=O)[C@H](C)Oc1ccc(Oc2ncc(C(F)(F)F)cc2Cl)cc1,1,central,5098
pretrain,train,CCOCC[C@H](O)c1ccccc1,1,central,2063
pretrain,train,CCOCOc1ccc2c(c1)OC[C@@H]1c3ccc(OC)cc3O[C@H]21,1,central,369
pretrain,train,CCOC[C@@H](CC)NC(=O)c1cc([N+](=O)[O-])cc([N+](=O)[O-])c1,1,central,3561
pretrain,train,CCOP(=O)(OCC)[C@@H](CC(C)C)NC(=O)OCc1ccccc1,1,central,2236
pretrain,train,CCOP(=O)(OCC)[C@@H](NC(=O)OCc1ccccc1)C(C)C,1,central,2235
pretrain,train,CCOP(=O)(OCC)[C@@H](NC(=O)c1cc([N+](=O)[O-])cc([N+](=O)[O-])c1)c1ccc(Cl)cc1,1,central,2704
pretrain,train,CCOP(=O)(OCC)[C@@H](NC(=O)c1cc([N+](=O)[O-])cc([N+](=O)[O-])c1)c1ccc(OC)cc1,1,central,3817
pretrain,train,CCOP(=O)(OCC)[C@@H](O)c1c2ccccc2cc2ccccc12,1,central,5108
pretrain,train,CCOP(=O)(OCC)[C@@H](O)c1ccc(OC)cc1,1,central,4144
pretrain,train,CCOP(=O)(OCC)[C@@H](O)c1cccc2ccccc12,1,central,5109
pretrain,train,CCOP(=O)(OCC)[C@@H](O)c1ccccc1,1,central,5110
pretrain,train,CCOP(=O)(OCC)[C@H](CC(C)C)NC(C)=O,1,central,2238
pretrain,train,CCOP(=O)(OCC)[C@H](CC)NC(C)=O,1,central,2237
pretrain,train,CCOP(=O)(OCC)[C@H](NC(=O)c1cc([N+](=O)[O-])cc([N+](=O)[O-])c1)c1ccc(Br)cc1,1,central,4587
pretrain,train,CCOP(=O)(OCC)[C@H](NC(=O)c1cc([N+](=O)[O-])cc([N+](=O)[O-])c1)c1ccc(C)cc1,1,central,2705
pretrain,train,CCOP(=O)(OCC)[C@H](NC(=O)c1cc([N+](=O)[O-])cc([N+](=O)[O-])c1)c1ccccc1,1,central,2706
pretrain,train,CCOP(=O)(OCC)[C@H](NC(C)=O)c1ccccc1,1,central,2239
pretrain,train,CCOP(=O)(OCC)c1ccc2ccccc2c1-c1c(O)ccc2ccccc12,2,axial,1007
pretrain,train,CCOP(=O)(OCC)c1ccc2ccccc2c1-c1c(OS(=O)(=O)C(F)(F)F)ccc2ccccc12,2,axial,1009
pretrain,train,CCO[C@@H](C(=O)O)c1ccccc1,1,central,2588
pretrain,train,CCO[C@@H](c1c(C)cc(C)cc1C)c1c(OC)cc(OC)cc1OC,1,central,2100
pretrain,train,CCO[C@@]1(C2=NCCN2)COc2ccccc2O1,1,central,3219
pretrain,train,CCO[C@@]12C=C[C@]1(C)C=CC2=O,1,central,203
pretrain,train,CCO[C@H](C(=O)c1ccccc1)c1ccccc1,1,central,3057
pretrain,train,CCO[C@H]1N=C(c2ccccc2)c2cc(Cl)ccc2NC1=O,1,central,3710
pretrain,train,CCO[P@@](=O)(NC(C)C)Oc1ccccc1C(=O)OC(C)C,1,central,2594
pretrain,train,CCO[P@@](=O)(OC)c1ccccc1,1,central,4367
pretrain,train,CCO[P@@](=S)(CC)Sc1ccccc1,1,central,3085
pretrain,train,CCO[P@@](=S)(NC(C)C)Oc1ccccc1C(=O)OC(C)C,1,central,2595
pretrain,train,CCO[P@](=S)(NC(C)C)Oc1ccc(Cl)cc1Cl,1,central,2780
pretrain,train,CCO[P@](=S)(Oc1ccc(C#N)cc1)c1ccccc1,1,central,4885
pretrain,train,CCO[P@](=S)(Oc1ccc(Cl)cc1Cl)c1ccccc1,1,central,4317
pretrain,train,CCO[P@](=S)(Oc1ccc([N+](=O)[O-])cc1)c1ccccc1,1,central,4884
pretrain,train,CCO[Si](C)(C)CCCCCCCCCCCOC(=O)[C@@H](C)c1ccc2cc(OC)ccc2c1,1,central,1562
pretrain,train,CCOc1c(C)c(C)c2c(c1C)CC[C@@](C)(CCC[C@@H](C)CCC[C@@H](C)CCCC(C)C)O2,1,central,867
pretrain,train,CCOc1c(C)c(C)c2c(c1C)CC[C@@](C)(CCC[C@@H](C)CCC[C@H](C)CCCC(C)C)O2,1,central,868
pretrain,train,CCOc1c(C)c(C)c2c(c1C)CC[C@@](C)(CCC[C@H](C)CCC[C@@H](C)CCCC(C)C)O2,1,central,869
pretrain,train,CCOc1c(C)c(C)c2c(c1C)CC[C@@](C)(CCC[C@H](C)CCC[C@H](C)CCCC(C)C)O2,1,central,870
pretrain,train,CCOc1cc2c(cc1OC)Cc1cc(OCC)c(OC)cc1Cc1cc(OCC)c(OC)cc1C2,3,helical,5539
pretrain,train,CCOc1cc2ccccc2c(C(=O)[C@@](Cc2ccccc2)(OC)c2ccccc2)c1OCC,1,central,2467
pretrain,train,CCOc1cc2ccccc2c(C(=O)[C@H](OC)c2ccccc2)c1OCC,1,central,2470
pretrain,train,CCOc1cc2ccccc2c(C(=O)[C@](C)(OC)c2ccccc2)c1OCC,1,central,2469
pretrain,train,CCOc1cc2ccccc2c(C(=O)[C@](CC)(OC)c2ccccc2)c1OCC,1,central,2468
pretrain,train,CCOc1ccc([S@@](C)=O)cc1,1,central,1346
pretrain,train,CCOc1ccc2c(c1)O[C@@H]1c3ccc(O)cc3OC[C@H]21,1,central,383
pretrain,train,CCOc1ccc2ccccc2c1-c1c(O)ccc2ccccc12,2,axial,1124
pretrain,train,CCOc1ccccc1N1CCN(C[C@H](O)COc2ccc(-c3cc(C#N)c(O)nc3C)cc2)CC1,1,central,1986
pretrain,train,CCOc1ccccc1OC[C@@H]1CNCCO1,1,central,1675
pretrain,train,CCOc1ccccc1OC[C@H]1CN(C(=O)c2cc([N+](=O)[O-])cc([N+](=O)[O-])c2)CCO1,1,central,4080
pretrain,train,CCPC[C@H](CC)NC(=O)c1cc([N+](=O)[O-])cc([N+](=O)[O-])c1,1,central,5101
pretrain,train,CCSC(=O)CC=C=C(C)c1ccccc1,2,axial,1015
pretrain,train,CCSC(=O)[C@H](C)[C@@H](OC(C)=O)C1CCCCC1,1,central,185
pretrain,train,CCSC(=O)[C@H](C)[C@@H](OC(C)=O)c1ccccc1,1,central,189
pretrain,train,CCSC(=O)[C@H](C)[C@H](CC(C)C)OC(C)=O,1,central,188
pretrain,train,CCSC(=O)[C@H](C)[C@H](CC)OC(C)=O,1,central,186
pretrain,train,CCSCC[C@@H](N)C(=O)O,1,central,2247
pretrain,train,CC[C@@H](/C(=N\OC(=O)Nc1cc([N+](=O)[O-])cc([N+](=O)[O-])c1)c1ccccc1)c1ccccc1,1,central,4416
pretrain,train,CC[C@@H](/C(C)=N\OC(=O)Nc1cc([N+](=O)[O-])cc([N+](=O)[O-])c1)c1ccccc1,1,central,4412
pretrain,train,CC[C@@H](Br)C(=O)N(C)C1CCCCC1,1,central,2004
pretrain,train,CC[C@@H](Br)C(=O)N(C)Cc1ccccc1,1,central,2007
pretrain,train,CC[C@@H](Br)C(=O)Nc1cccc2ccccc12,1,central,2011
pretrain,train,CC[C@@H](Br)C(=O)Nc1ccccc1,1,central,2010
pretrain,train,CC[C@@H](C(=O)NC(=O)NC(=O)c1ccccc1)c1ccccc1,1,central,5111
pretrain,train,CC[C@@H](C(=O)NC(=O)NC(C)=O)c1ccccc1,1,central,3685
pretrain,train,CC[C@@H](C(=O)NC(C)(C)C)[C@@H](O)c1ccccc1,1,central,511
pretrain,train,CC[C@@H](C(=O)NC(N)=O)c1ccccc1,1,central,4079
pretrain,train,CC[C@@H](C(=O)Nc1cc(C)cc(C)c1)c1ccccc1,1,central,4861
pretrain,train,CC[C@@H](C(=O)Nc1cc(OC)cc(OC)c1)c1ccccc1,1,central,4874
pretrain,train,CC[C@@H](C(=O)Nc1cc([N+](=O)[O-])cc([N+](=O)[O-])c1)c1ccccc1,1,central,1394
pretrain,train,CC[C@@H](C(=O)Nc1ccc(C(F)(F)F)cc1)c1ccccc1,1,central,4871
pretrain,train,CC[C@@H](C(=O)Nc1ccc(C)cc1)c1ccccc1,1,central,4453
pretrain,train,CC[C@@H](C(=O)Nc1ccc([N+](=O)[O-])cc1)c1ccccc1,1,central,4873
pretrain,train,CC[C@@H](C(=O)Nc1cccc([N+](=O)[O-])c1)c1ccccc1,1,central,4872
pretrain,train,CC[C@@H](C(=O)Nc1ccccc1)c1ccccc1,1,central,4452
pretrain,train,CC[C@@H](C(=O)O)c1ccc(N2Cc3ccccc3C2=O)cc1,1,central,2421
pretrain,train,CC[C@@H](C(=O)O)c1ccccc1,1,central,1776
pretrain,train,CC[C@@H](C(=O)c1ccccc1)c1ccccc1,1,central,3051
pretrain,train,CC[C@@H](C)/C(C)=N/OC(=O)Nc1cc([N+](=O)[O-])cc([N+](=O)[O-])c1,1,central,4419
pretrain,train,CC[C@@H](C)C(=O)N(CC)c1ccccc1,1,central,5419
pretrain,train,CC[C@@H](C)C1(CC)C(=O)NC(=O)NC1=O,1,central,3736
pretrain,train,CC[C@@H](C)COC(=O)c1cc(Cl)cc(Cl)c1,1,central,4379
pretrain,train,CC[C@@H](C)NC(=O)Oc1ccc2ccccc2c1,1,central,4509
pretrain,train,CC[C@@H](C)NC(=O)c1ccc2ccccc2c1,1,central,5226
pretrain,train,CC[C@@H](C)NC(=O)c1cccc2ccccc12,1,central,3522
pretrain,train,CC[C@@H](C)NC(=O)c1ccccc1,1,central,3043
pretrain,train,CC[C@@H](C)Nc1cc([N+](=O)[O-])cc([N+](=O)[O-])c1,1,central,4743
pretrain,train,CC[C@@H](C)O,1,central,3054
pretrain,train,CC[C@@H](C)OC(=O)/C=C/c1ccccc1,1,central,2075
pretrain,train,CC[C@@H](C)OC(=O)Nc1c(C)cccc1C,1,central,4963
pretrain,train,CC[C@@H](C)OC(=O)Nc1cc(C)cc(C)c1,1,central,4964
pretrain,train,CC[C@@H](C)OC(=O)Nc1cc(Cl)cc(Cl)c1,1,central,4956
pretrain,train,CC[C@@H](C)OC(=O)Nc1ccc(Br)cc1,1,central,4957
pretrain,train,CC[C@@H](C)OC(=O)Nc1ccc(C)c(C)c1,1,central,4965
pretrain,train,CC[C@@H](C)OC(=O)Nc1ccc(C)cc1,1,central,4962
pretrain,train,CC[C@@H](C)OC(=O)Nc1ccc(F)cc1,1,central,4959
pretrain,train,CC[C@@H](C)OC(=O)Nc1ccc([N+](=O)[O-])cc1,1,central,4955
pretrain,train,CC[C@@H](C)OC(=O)Nc1cccc(C)c1,1,central,4960
pretrain,train,CC[C@@H](C)OC(=O)Nc1cccc2ccccc12,1,central,5344
pretrain,train,CC[C@@H](C)OC(=O)Nc1ccccc1C,1,central,4961
pretrain,train,CC[C@@H](C)OC(=O)c1ccc(C)cc1,1,central,5411
pretrain,train,CC[C@@H](C)OS(=O)(=O)c1ccc(C)cc1,1,central,2077
pretrain,train,CC[C@@H](C)OS(C)(=O)=O,1,central,4047
pretrain,train,CC[C@@H](C)[C@@H](NC(=O)c1cc([N+](=O)[O-])cc([N+](=O)[O-])c1)C(=O)O,1,central,168
pretrain,train,CC[C@@H](C)[C@@H](NC(=O)c1cc([N+](=O)[O-])cc([N+](=O)[O-])c1)C(=O)OC(C)C,1,central,411
pretrain,train,CC[C@@H](C)[C@@H](NC(=O)c1ccc([N+](=O)[O-])cc1)C(=O)OC(C)C,1,central,504
pretrain,train,CC[C@@H](C)[C@@H](NC(C)=O)C(=O)OC,1,central,161
pretrain,train,CC[C@@H](C)[C@@H](NC(C)=O)C(=O)OC(C)(C)C,1,central,416
pretrain,train,CC[C@@H](C)[C@H](N)C(=O)O,1,central,123
pretrain,train,CC[C@@H](C)[C@H]1COC(c2cccc(C3=N[C@@H]([C@H](C)CC)CO3)c2)=N1,1,central,6799
pretrain,train,CC[C@@H](C)[C@H]1COC(c2cccc(C3=N[C@@H]([C@H](C)CC)CO3)n2)=N1,1,central,6846
pretrain,train,CC[C@@H](C)[C@H]1COC(c2ccccc2P(c2ccccc2)c2ccccc2)=N1,1,central,6562
pretrain,train,CC[C@@H](C)[C@H]1COC(c2ccccn2)=N1,1,central,6368
pretrain,train,CC[C@@H](CC(=O)C(C)(C)C)c1ccccc1,1,central,3167
pretrain,train,CC[C@@H](CC(=O)C(c1ccccc1)(c1ccccc1)c1ccccc1)c1ccccc1,1,central,3168
pretrain,train,CC[C@@H](CC(=O)C12CC3CC(CC(C3)C1)C2)c1ccccc1,1,central,3166
pretrain,train,CC[C@@H](CC(=O)c1ccc(Cl)cc1)c1ccccc1,1,central,1974
pretrain,train,CC[C@@H](CC(=O)c1ccc(OC)cc1)c1ccccc1,1,central,3954
pretrain,train,CC[C@@H](CC(=O)c1ccccc1)c1ccccc1,1,central,4002
pretrain,train,CC[C@@H](CO)C(=O)NC(C)(C)C,1,central,3961
pretrain,train,CC[C@@H](CO)c1ccccc1,1,central,1270
pretrain,train,CC[C@@H](COC(=O)Cc1cc2ccccc2c2ccccc12)c1ccccc1,1,central,2791
pretrain,train,CC[C@@H](COC(=O)Cc1ccc2c(ccc3ccccc32)c1)c1ccccc1,1,central,2851
pretrain,train,CC[C@@H](COC(=O)Cc1cccc2ccccc12)c1ccccc1,1,central,2803
pretrain,train,CC[C@@H](COC(=O)NC1c2ccccc2-c2ccccc21)c1ccccc1,1,central,2837
pretrain,train,CC[C@@H](COC(=O)Nc1cc([N+](=O)[O-])cc([N+](=O)[O-])c1)OC(=O)Nc1cc([N+](=O)[O-])cc([N+](=O)[O-])c1,1,central,3452
pretrain,train,CC[C@@H](COC(=O)Nc1cccc2ccccc12)c1ccccc1,1,central,2843
pretrain,train,CC[C@@H](COC(=O)c1ccccc1)NC(=O)c1ccccc1,1,central,2959
pretrain,train,CC[C@@H](COC(C)=O)[N+](=O)[O-],1,central,2095
pretrain,train,CC[C@@H](COc1ccc(Cl)cc1)C(=O)OC,1,central,1975
pretrain,train,CC[C@@H](CS(=O)c1ccccc1)OC(=O)Nc1cccc2ccccc12,1,central,817
pretrain,train,CC[C@@H](CSc1ccccc1)OC(=O)Nc1cccc2ccccc12,1,central,5322
pretrain,train,CC[C@@H](Cc1ccccc1)OC(=O)Cc1cc2ccccc2c2ccccc12,1,central,2792
pretrain,train,CC[C@@H](Cc1ccccc1)OC(=O)NC1c2ccccc2-c2ccccc21,1,central,2838
pretrain,train,CC[C@@H](Cc1ccccc1)OC(=O)c1cccc2ccccc12,1,central,2786
pretrain,train,CC[C@@H](N)C(=O)Nc1c(C)cccc1C,1,central,5046
pretrain,train,CC[C@@H](N)C(=O)O,1,central,4203
pretrain,train,CC[C@@H](N)CO,1,central,2250
pretrain,train,CC[C@@H](N)COC(=O)Nc1cc([N+](=O)[O-])cc([N+](=O)[O-])c1,1,central,4400
pretrain,train,CC[C@@H](N)Cc1c[nH]c2ccccc12,1,central,4736
pretrain,train,CC[C@@H](NC(=O)[C@@H](CC(C)C)NC(=O)c1cc([N+](=O)[O-])cc([N+](=O)[O-])c1)c1ccccc1,1,central,473
pretrain,train,CC[C@@H](NC(=O)[C@H](CC(C)C)NC(=O)c1cc([N+](=O)[O-])cc([N+](=O)[O-])c1)c1ccccc1,1,central,478
pretrain,train,CC[C@@H](NC(=O)c1cccc2ccccc12)c1ccccc1,1,central,1450
pretrain,train,CC[C@@H](NC(C)=O)C(=O)OC(C)(C)C,1,central,3500
pretrain,train,CC[C@@H](NC(C)=O)c1ccccc1,1,central,3877
pretrain,train,CC[C@@H](NC=O)c1ccccc1,1,central,3879
pretrain,train,CC[C@@H](NS(=O)(=O)c1cccc2c(N(C)C)cccc12)C(=O)O,1,central,4595
pretrain,train,CC[C@@H](Nc1c(Nc2cccc(C(=O)N(C)C)c2O)c(=O)c1=O)c1ccc(C)o1,1,central,6029
pretrain,train,CC[C@@H](O)C#Cc1ccccc1,1,central,3336
pretrain,train,CC[C@@H](O)C(=O)O,1,central,2243
pretrain,train,CC[C@@H](O)CC(=O)NC(C)(C)C,1,central,3958
pretrain,train,CC[C@@H](O)CC[C@H](O)CC,1,central,6347
pretrain,train,CC[C@@H](O)[C@@H](C)S(=O)c1c2ccccc2cc2ccccc12,1,central,890
pretrain,train,CC[C@@H](O)[C@@H](NC(=O)c1cc([N+](=O)[O-])cc([N+](=O)[O-])c1)C(=O)OC,1,central,406
pretrain,train,CC[C@@H](O)c1ccc(C)o1,1,central,3969
pretrain,train,CC[C@@H](O)c1ccc(C=O)cc1,1,central,2165
pretrain,train,CC[C@@H](O)c1ccco1,1,central,3970
pretrain,train,CC[C@@H](O)c1ccoc1,1,central,3968
pretrain,train,CC[C@@H](OC(=O)Nc1cc([N+](=O)[O-])cc([N+](=O)[O-])c1)[C@@H](C)c1ccccc1,1,central,63
pretrain,train,CC[C@@H](OC(=O)Nc1cc([N+](=O)[O-])cc([N+](=O)[O-])c1)c1ccco1,1,central,3112
pretrain,train,CC[C@@H](OC(=O)c1ccccc1)c1ccccc1,1,central,1550
pretrain,train,CC[C@@H](OC(C)=O)c1ccccc1,1,central,3627
pretrain,train,CC[C@@H](Oc1ccc(Br)cc1)C(=O)O,1,central,1840
pretrain,train,CC[C@@H](Oc1ccc(Br)cc1)C(=O)OC,1,central,1808
pretrain,train,CC[C@@H](Oc1ccc(C)cc1)C(=O)O,1,central,1849
pretrain,train,CC[C@@H](Oc1ccc(C)cc1)C(=O)OC,1,central,1816
pretrain,train,CC[C@@H](Oc1ccc(Cl)cc1)C(=O)NCc1cccc2ccccc12,1,central,1805
pretrain,train,CC[C@@H](Oc1ccc(Cl)cc1)C(=O)O,1,central,1846
pretrain,train,CC[C@@H](Oc1ccc(Cl)cc1)C(=O)OC,1,central,1814
pretrain,train,CC[C@@H](Oc1ccccc1)C(=O)O,1,central,1851
pretrain,train,CC[C@@H](Oc1ccccc1)C(=O)OC,1,central,1817
pretrain,train,CC[C@@H](c1ccccc1)c1c(O)c2ccccc2oc1=O,1,central,1824
pretrain,train,CC[C@@H](c1ccccc1)n1cc[n+]([C@@H](CC)c2ccccc2)c1.F[B-](F)(F)F,1,central,-1
pretrain,train,CC[C@@H](c1ccccc1)n1cc[n+]([C@@H](CC)c2ccccc2)c1.[Cl-],1,central,-1
pretrain,train,CC[C@@H]1C(=O)N[C@@H]1OC(=O)c1ccccc1,1,central,175
pretrain,train,CC[C@@H]1C(=O)N[C@@H]1OC(C)=O,1,central,82
pretrain,train,CC[C@@H]1C(=O)N[C@H]1OC(C)=O,1,central,83
pretrain,train,CC[C@@H]1CCCC(=O)[C@@H]1Cc1ccccc1,1,central,356
pretrain,train,CC[C@@H]1CCCCN1C(=O)Nc1cc([N+](=O)[O-])cc([N+](=O)[O-])c1,1,central,1620
pretrain,train,CC[C@@H]1CCCCN1C(=O)c1cccc2ccccc12,1,central,4981
pretrain,train,CC[C@@H]1CC[C@@H](CC)P1c1ccccc1C1OCCO1,1,central,5697
pretrain,train,CC[C@@H]1CC[C@@H](CC)P1c1ccccc1P1(=O)[C@H](CC)CC[C@H]1CC,1,central,5696
pretrain,train,CC[C@@H]1CC[C@@H](CC)P1c1ccccc1P1[C@H](CC)CC[C@H]1CC,1,central,5694
pretrain,train,CC[C@@H]1COC(c2cccc(C3=N[C@H](CC)CO3)n2)=N1,1,central,6841
pretrain,train,CC[C@@H]1C[C@@H](CC)P1C1=CC=C[CH]1.CC[C@@H]1C[C@@H](CC)P1C1=CC=C[CH]1.[Fe],4,planar,-1
pretrain,train,CC[C@@H]1Cc2ccccc2N1C(=O)c1cccc2ccccc12,1,central,4129
pretrain,train,CC[C@@H]1NC(=S)N(c2ccccc2)C1=O,1,central,3665
pretrain,train,CC[C@@H]1Oc2cccc(-c3c4ccccc4cc4ccccc34)c2[P@]1C(C)(C)C,1,central,-1
pretrain,train,CC[C@@H]1Oc2cccc(-c3cccc4c3[P@](C(C)(C)C)[C@H](CC)O4)c2[P@]1C(C)(C)C,1,central,-1
pretrain,train,CC[C@@H]1Sc2ccccc2[S@@]1=O,1,central,253
pretrain,train,CC[C@@H]1Sc2ccccc2[S@]1=O,1,central,248
pretrain,train,CC[C@@](C#N)(C(=O)OC)c1ccccc1,1,central,3725
pretrain,train,CC[C@@](C)(N)C(=O)O,1,central,2155
pretrain,train,CC[C@@](C)(OC(=O)Cc1cc2ccccc2c2ccccc12)c1ccccc1,1,central,2793
pretrain,train,CC[C@@](C)(OC(=O)Cc1cccc2ccccc12)c1ccccc1,1,central,2805
pretrain,train,CC[C@@](C)(OO)c1ccccc1,1,central,1545
pretrain,train,CC[C@@](COC(=O)c1cc(OC)c(OC)c(OC)c1)(c1ccccc1)N(C)C,1,central,3906
pretrain,train,CC[C@@](O)(c1cccc(C(F)(F)F)c1)c1ccccc1O,1,central,1648
pretrain,train,CC[C@@](O)(c1ccccc1)c1cc(C)ccc1C,1,central,1641
pretrain,train,CC[C@@]1(C)C(=O)N[C@H]1OC(C)=O,1,central,798
pretrain,train,CC[C@@]1(C2=CCCCC2)C(=O)NC(=O)N(C)C1=O,1,central,3731
pretrain,train,CC[C@@]1(C2=NCCN2)COc2ccccc21,1,central,3218
pretrain,train,CC[C@@]1(C2=NCCN2)COc2ccccc2O1,1,central,3223
pretrain,train,CC[C@@]1(C2CCCCC2)C(=O)NC(=O)N(C)C1=O,1,central,4929
pretrain,train,CC[C@@]1(C2CCCCC2)CCC(=O)NC1=O,1,central,4725
pretrain,train,CC[C@@]1(N(C)C)C(=O)NC(=O)N(C)C1=O,1,central,4733
pretrain,train,CC[C@@]1(c2ccc(NC(=O)C(F)(F)F)cc2)CCC(=O)NC1=O,1,central,4727
pretrain,train,CC[C@@]1(c2ccc(NC(=O)Nc3cccc4ccccc34)cc2)CCC(=O)NC1=O,1,central,2842
pretrain,train,CC[C@@]1(c2ccc(NC(C)=O)cc2)CCC(=O)NC1=O,1,central,1779
pretrain,train,CC[C@@]1(c2ccccc2)C(=O)N(C)C(=O)N(C(=O)c2ccccc2)C1=O,1,central,4432
pretrain,train,CC[C@@]1(c2ccccc2)C(=O)N(C)C(=O)N(c2ccc([N+](=O)[O-])cc2)C1=O,1,central,4430
pretrain,train,CC[C@@]1(c2ccccc2)C(=O)NC(=O)N(C(=O)c2ccc([N+](=O)[O-])cc2)C1=O,1,central,4434
pretrain,train,CC[C@@]1(c2ccccc2)CCC(=O)NC1=O,1,central,2829
pretrain,train,CC[C@@]1(c2ccccc2)NC(=O)N(C(C)C)C1=O,1,central,5077
pretrain,train,CC[C@@]1(c2ccccc2)NC(=O)N(C)C1=O,1,central,2827
pretrain,train,CC[C@@]1(c2ccccc2)NC(=O)N(CC(C)C)C1=O,1,central,5075
pretrain,train,CC[C@@]1(c2ccccc2)NC(=O)N(Cc2ccccc2)C1=O,1,central,5073
pretrain,train,CC[C@@]1(c2ccccc2)NC(=O)NC1=O,1,central,4722
pretrain,train,CC[C@@]1(c2ccccc2)OC(=O)c2ccccc21,1,central,4165
pretrain,train,CC[C@@]1(c2ccccc2)SCC[S@@]1=O,1,central,788
pretrain,train,CC[C@@]1(c2ccncc2)CCC(=O)NC1=O,1,central,4555
pretrain,train,CC[C@H](/C(=N/OC(=O)Nc1cc([N+](=O)[O-])cc([N+](=O)[O-])c1)c1ccccc1)c1ccccc1,1,central,4427
pretrain,train,CC[C@H](/C(C)=N/OC(=O)Nc1cc([N+](=O)[O-])cc([N+](=O)[O-])c1)c1ccccc1,1,central,4423
pretrain,train,CC[C@H](Br)C(=O)N(C)c1ccccc1,1,central,2009
pretrain,train,CC[C@H](Br)C(=O)NC1CCCCC1,1,central,2005
pretrain,train,CC[C@H](Br)C(=O)NCCc1ccccc1,1,central,2006
pretrain,train,CC[C@H](Br)C(=O)NCc1ccccc1,1,central,2008
pretrain,train,CC[C@H](Br)C(=O)Nc1cc([N+](=O)[O-])cc([N+](=O)[O-])c1,1,central,2545
pretrain,train,CC[C@H](Br)C(=O)OC(C)(C)C,1,central,2002
pretrain,train,CC[C@H](Br)C(=O)Oc1cccc2ccccc12,1,central,2003
pretrain,train,CC[C@H](C(=O)N(C)c1ccccc1)c1ccccc1,1,central,4440
pretrain,train,CC[C@H](C(=O)NC(C)(C)C)[C@@H](O)c1ccccc1,1,central,510
pretrain,train,CC[C@H](C(=O)Nc1c(C)cccc1C)c1ccccc1,1,central,4876
pretrain,train,CC[C@H](C(=O)Nc1c(F)c(F)c(F)c(F)c1F)c1ccccc1,1,central,4867
pretrain,train,CC[C@H](C(=O)Nc1cc(C(F)(F)F)cc(C(F)(F)F)c1)c1ccccc1,1,central,4870
pretrain,train,CC[C@H](C(=O)Nc1ccc(/N=N/c2ccccc2)cc1)c1ccccc1,1,central,4868
pretrain,train,CC[C@H](C(=O)Nc1ccc(C#N)cc1)c1ccccc1,1,central,4869
pretrain,train,CC[C@H](C(=O)Nc1ccc2ccccc2c1)c1ccccc1,1,central,4875
pretrain,train,CC[C@H](C(=O)Nc1cccc2ccccc12)c1ccccc1,1,central,2882
pretrain,train,CC[C@H](C(=O)Nc1ccccc1-c1ccccc1)c1ccccc1,1,central,4866
pretrain,train,CC[C@H](C(=O)OC)[C@@H](O)c1ccccc1,1,central,645
pretrain,train,CC[C@H](C(=O)OC)[C@H](O)c1ccccc1,1,central,646
pretrain,train,CC[C@H](C)/C(C)=N\OC(=O)Nc1cc([N+](=O)[O-])cc([N+](=O)[O-])c1,1,central,4408
pretrain,train,CC[C@H](C)C(=O)Nc1ccccc1,1,central,3041
pretrain,train,CC[C@H](C)C(=O)O,1,central,5170
pretrain,train,CC[C@H](C)CC(=O)c1ccccc1,1,central,4001
pretrain,train,CC[C@H](C)CNC(=O)c1ccc2ccccc2c1,1,central,4535
pretrain,train,CC[C@H](C)COC(=O)Nc1ccccc1,1,central,4949
pretrain,train,CC[C@H](C)NC(=O)C(F)(F)F,1,central,5004
pretrain,train,CC[C@H](C)NC(=O)Nc1cc([N+](=O)[O-])cc([N+](=O)[O-])c1,1,central,3820
pretrain,train,CC[C@H](C)NC(=O)c1cc([N+](=O)[O-])cc([N+](=O)[O-])c1,1,central,1403
pretrain,train,CC[C@H](C)OC(=O)Nc1cc([N+](=O)[O-])cc([N+](=O)[O-])c1,1,central,2553
pretrain,train,CC[C@H](C)OC(=O)Nc1ccc(Cl)cc1,1,central,4958
pretrain,train,CC[C@H](C)OC(=O)Nc1ccccc1,1,central,4966
pretrain,train,CC[C@H](C)OC(=O)c1cc(Cl)cc(Cl)c1,1,central,4886
pretrain,train,CC[C@H](C)OC(=O)c1ccccc1,1,central,2076
pretrain,train,CC[C@H](C)OC(C)=O,1,central,2078
pretrain,train,CC[C@H](C)[C@@H]1COC(C2=N[C@H]([C@@H](C)CC)CO2)=N1,1,central,-1
pretrain,train,CC[C@H](C)[C@H](N)C(=O)O,1,central,15
pretrain,train,CC[C@H](C)[C@H](NC(=O)OCc1ccccc1)C(=O)OCc1ccccc1,1,central,651
pretrain,train,CC[C@H](C)[C@H](NC(=O)c1cc([N+](=O)[O-])cc([N+](=O)[O-])c1)C(=O)OC,1,central,814
pretrain,train,CC[C@H](C)[C@H]([NH3+])C(=O)O.OCl,1,central,-1
pretrain,train,CC[C@H](C)[C@H]1COC(C2=N[C@@H]([C@@H](C)CC)CO2)=N1,1,central,6668
pretrain,train,CC[C@H](C)[C@H]1COC(c2ccccn2)=N1,1,central,6367
pretrain,train,CC[C@H](CC(=O)Nc1ccccc1)C(=O)Nc1ccccc1,1,central,3462
pretrain,train,CC[C@H](CC(=O)c1ccccc1)c1ccc(OC)cc1,1,central,1973
pretrain,train,CC[C@H](CC/C=C\C/C=C\C/C=C\C/C=C\CCCC(=O)OC)OC(=O)c1cccc2ccccc12,1,central,3072
pretrain,train,CC[C@H](CO)NC(=O)Nc1ccccc1,1,central,3941
pretrain,train,CC[C@H](CO)NC(=O)c1cc([N+](=O)[O-])cc([N+](=O)[O-])c1,1,central,2712
pretrain,train,CC[C@H](CO)NC(=O)c1ccc2ccccc2c1,1,central,4547
pretrain,train,CC[C@H](CO)NC(=O)c1cccc2ccccc12,1,central,3504
pretrain,train,CC[C@H](COC(=O)Nc1cc([N+](=O)[O-])cc([N+](=O)[O-])c1)NC(=O)Nc1cc([N+](=O)[O-])cc([N+](=O)[O-])c1,1,central,1603
pretrain,train,CC[C@H](COC(=O)Nc1cc([N+](=O)[O-])cc([N+](=O)[O-])c1)c1ccccc1,1,central,2536
pretrain,train,CC[C@H](COC(=O)c1cc([N+](=O)[O-])cc([N+](=O)[O-])c1)NC(=O)c1cc([N+](=O)[O-])cc([N+](=O)[O-])c1,1,central,1583
pretrain,train,CC[C@H](COC(=O)c1cccc2ccccc12)c1ccccc1,1,central,2785
pretrain,train,CC[C@H](COC(=O)c1ccccc1)N(CCN(C(=O)c1ccccc1)[C@H](CC)COC(=O)c1ccccc1)C(=O)c1ccccc1,1,central,322
pretrain,train,CC[C@H](COC)NC(=O)c1cc([N+](=O)[O-])cc([N+](=O)[O-])c1,1,central,2711
pretrain,train,CC[C@H](CPC)NC(=O)c1cc([N+](=O)[O-])cc([N+](=O)[O-])c1,1,central,5102
pretrain,train,CC[C@H](CS(=O)(=O)c1ccccc1)C1SCCS1,1,central,3325
pretrain,train,CC[C@H](Cc1ccccc1)OC(=O)Cc1cccc2ccccc12,1,central,2804
pretrain,train,CC[C@H](Cc1ccccc1)OC(=O)Nc1cc([N+](=O)[O-])cc([N+](=O)[O-])c1,1,central,3454
pretrain,train,CC[C@H](Cc1ccccc1)OC(=O)Nc1cccc2ccccc12,1,central,5275
pretrain,train,CC[C@H](Cc1ccccc1)OC(=O)c1ccc2c(ccc3ccccc32)c1,1,central,2859
pretrain,train,CC[C@H](Cc1ccccc1)OC(=O)c1ccc2ccc3ccccc3c2c1,1,central,2858
pretrain,train,CC[C@H](NC(=O)Nc1cc([N+](=O)[O-])cc([N+](=O)[O-])c1)c1ccccc1,1,central,3754
pretrain,train,CC[C@H](NC(=O)OCc1ccccc1)C(=O)OCc1ccccc1,1,central,4804
pretrain,train,CC[C@H](NC(=O)c1cc([N+](=O)[O-])cc([N+](=O)[O-])c1)c1ccc(-c2ccccc2)cc1,1,central,4609
pretrain,train,CC[C@H](NC(=O)c1cc([N+](=O)[O-])cc([N+](=O)[O-])c1)c1ccc(OC)cc1,1,central,3557
pretrain,train,CC[C@H](NC(=O)c1cc([N+](=O)[O-])cc([N+](=O)[O-])c1)c1ccc2ccccc2c1,1,central,3542
pretrain,train,CC[C@H](NC(=O)c1cc([N+](=O)[O-])cc([N+](=O)[O-])c1)c1cccc2ccccc12,1,central,2738
pretrain,train,CC[C@H](NC(=O)c1cc([N+](=O)[O-])cc([N+](=O)[O-])c1)c1ccccc1,1,central,2751
pretrain,train,CC[C@H](NC(=O)c1ccccc1)c1ccccc1,1,central,1439
pretrain,train,CC[C@H](NC(=O)n1c2ccccc2c2ccccc21)C(=O)O,1,central,1772
pretrain,train,CC[C@H](NC(C)=O)c1ccc2c(c1)Cc1ccccc1-2,1,central,2347
pretrain,train,CC[C@H](NC=O)c1ccc2c(c1)Cc1ccccc1-2,1,central,2348
pretrain,train,CC[C@H](O)/C=C/c1ccccc1,1,central,1548
pretrain,train,CC[C@H](O)CC[C@@H](O)CC,1,central,6349
pretrain,train,CC[C@H](O)CCc1ccccc1,1,central,2613
pretrain,train,CC[C@H](O)CN,1,central,2251
pretrain,train,CC[C@H](O)Cc1ccccc1,1,central,1278
pretrain,train,CC[C@H](O)[C@@H](C)c1ccccc1,1,central,389
pretrain,train,CC[C@H](O)[C@@H](NC(=O)c1cc([N+](=O)[O-])cc([N+](=O)[O-])c1)C(=O)OC,1,central,407
pretrain,train,CC[C@H](O)[C@H](C)c1ccccc1,1,central,390
pretrain,train,CC[C@H](O)[C@H](O)CCOC(=O)c1ccccc1,1,central,46
pretrain,train,CC[C@H](O)c1ccc(Cl)cc1,1,central,3091
pretrain,train,CC[C@H](O)c1ccc(OC)cc1,1,central,1549
pretrain,train,CC[C@H](O)c1ccc2ccccc2c1,1,central,3090
pretrain,train,CC[C@H](O)c1cccc2ccccc12,1,central,4710
pretrain,train,CC[C@H](O)c1ccccc1,1,central,1285
pretrain,train,CC[C@H](OC(=O)Nc1cc([N+](=O)[O-])cc([N+](=O)[O-])c1)[C@@H](C)c1ccccc1,1,central,64
pretrain,train,CC[C@H](OC(=O)Nc1cc([N+](=O)[O-])cc([N+](=O)[O-])c1)c1ccccc1,1,central,1329
pretrain,train,CC[C@H](OC(=O)Nc1ccc(Cl)c(Cl)c1)c1ccccc1,1,central,5033
pretrain,train,CC[C@H](OC(=O)Nc1cccc2ccccc12)c1ccccc1,1,central,1449
pretrain,train,CC[C@H](OC(=O)c1cc([N+](=O)[O-])cc([N+](=O)[O-])c1)c1ccccc1,1,central,4629
pretrain,train,CC[C@H](OC(=O)c1ccccc1)[C@@H](O)CC,1,central,601
pretrain,train,CC[C@H]([C@H](C)O)S(=O)c1c2ccccc2cc2ccccc12,1,central,889
pretrain,train,CC[C@H](c1ccccc1)n1cc[n+]([C@H](CC)c2ccccc2)c1.[Cl-],1,central,-1
pretrain,train,CC[C@H]1C(c2ccc(O)cc2)=C(C)c2cc(O)ccc21,1,central,2685
pretrain,train,CC[C@H]1C=CC(=O)O1,1,central,5373
pretrain,train,CC[C@H]1CCC(=O)O1,1,central,4266
pretrain,train,CC[C@H]1CCCC(=O)O1,1,central,4260
pretrain,train,CC[C@H]1CCCC(=O)[C@@H]1Cc1ccccc1,1,central,357
pretrain,train,CC[C@H]1CCCCN1C(=O)c1cc([N+](=O)[O-])cc([N+](=O)[O-])c1,1,central,1595
pretrain,train,CC[C@H]1CCCOC1=O,1,central,5367
pretrain,train,CC[C@H]1CCOC1=O,1,central,4399
pretrain,train,CC[C@H]1CC[C@H](CC)P1c1ccccc1C1OCCO1,1,central,5703
pretrain,train,CC[C@H]1CC[C@H](CC)P1c1ccccc1P1(=O)[C@@H](CC)CC[C@@H]1CC,1,central,5701
pretrain,train,CC[C@H]1CC[C@H](CC)P1c1ccccc1P1[C@@H](CC)CC[C@@H]1CC,1,central,5706
pretrain,train,CC[C@H]1CN2CC[C@H]1C[C@@H]2[C@@H](O)c1ccnc2ccc(OC)cc12,1,central,6011
pretrain,train,CC[C@H]1CN2CC[C@H]1C[C@@H]2[C@@H](Oc1nc(-c2ccccc2)nc(O[C@@H](c2ccnc3ccc(OC)cc23)[C@H]2C[C@@H]3CCN2C[C@@H]3CC)c1-c1ccccc1)c1ccnc2ccc(OC)cc12,1,central,6015
pretrain,train,CC[C@H]1CN2CC[C@H]1C[C@@H]2[C@@H](Oc1nnc(O[C@@H](c2ccnc3ccc(OC)cc23)[C@H]2C[C@@H]3CCN2C[C@@H]3CC)c2ccccc12)c1ccnc2ccc(OC)cc12,1,central,-1
pretrain,train,CC[C@H]1CN2CC[C@H]1C[C@@H]2[C@H](Oc1nnc(O[C@@H](c2ccnc3ccc(OC)cc23)[C@@H]2C[C@H]3CCN2C[C@@H]3CC)c2ccccc12)c1ccnc2ccc(OC)cc12,1,central,6020
pretrain,train,CC[C@H]1CN2CC[C@H]1C[C@H]2[C@@H](NC(=O)c1ccccc1P(c1ccccc1)c1ccccc1)c1ccnc2ccc(OC)cc12,1,central,6016
pretrain,train,CC[C@H]1CN2CC[C@H]1C[C@H]2[C@@H](NC(=S)Nc1cc(C(F)(F)F)cc(C(F)(F)F)c1)c1ccnc2ccc(OC)cc12,1,central,6070
pretrain,train,CC[C@H]1CN2CC[C@H]1C[C@H]2[C@@H](OC(=O)c1ccc(Cl)cc1)c1ccnc2ccc(OC)cc12,1,central,6012
pretrain,train,CC[C@H]1CN2CC[C@H]1C[C@H]2[C@H](O)c1ccnc2ccc(OC)cc12,1,central,6006
pretrain,train,CC[C@H]1CN2CC[C@H]1C[C@H]2[C@H](Oc1cc2ccccc2c2ccccc12)c1ccnc2ccc(OC)cc12,1,central,6007
pretrain,train,CC[C@H]1CN2CC[C@H]1C[C@H]2[C@H](Oc1ccc(O[C@H](c2ccnc3ccc(OC)cc23)[C@@H]2C[C@@H]3CCN2C[C@@H]3CC)c2c1C(=O)c1ccccc1C2=O)c1ccnc2ccc(OC)cc12,1,central,-1
pretrain,train,CC[C@H]1CN2CC[C@H]1C[C@H]2[C@H](Oc1nc(-c2ccccc2)nc(O[C@H](c2ccnc3ccc(OC)cc23)[C@@H]2C[C@@H]3CCN2C[C@@H]3CC)c1-c1ccccc1)c1ccnc2ccc(OC)cc12,1,central,-1
pretrain,train,CC[C@H]1CN2CC[C@H]1C[C@H]2[C@H](Oc1nnc(O[C@H](c2ccnc3ccc(OC)cc23)[C@@H]2C[C@@H]3CCN2C[C@@H]3CC)c2ccccc12)c1ccnc2ccc(OC)cc12,1,central,6008
pretrain,train,CC[C@H]1N=C(c2ccccc2)c2cc(Cl)ccc2NC1=O,1,central,3721
pretrain,train,CC[C@H]1NC(=O)c2cc(S(N)(=O)=O)c(Cl)cc2N1,1,central,5026
pretrain,train,CC[C@H]1NC(=S)N(C)C1=O,1,central,3667
pretrain,train,CC[C@H]1Nc2cc(Cl)c(S(N)(=O)=O)cc2S(=O)(=O)N1,1,central,3381
pretrain,train,CC[C@H]1Oc2cccc(-c3c(OC)cccc3OC)c2[P@@]1C(C)(C)C,1,central,-1
pretrain,train,CC[C@H]1Oc2cccc(-c3c4ccccc4cc4ccccc34)c2[P@@]1C(C)(C)C,1,central,-1
pretrain,train,CC[C@H]1Oc2cccc(-c3cccc4c3[P@@](C(C)(C)C)[C@@H](CC)O4)c2[P@@]1C(C)(C)C,1,central,-1
pretrain,train,CC[C@](C)(O)Cc1ccccc1,1,central,1269
pretrain,train,CC[C@](C)(O)c1ccccc1,1,central,1282
pretrain,train,CC[C@](C)(OC(=O)c1cccc2ccccc12)c1ccccc1,1,central,2787
pretrain,train,CC[C@](N)(C(=O)O)C(F)(F)F,1,central,1706
pretrain,train,CC[C@](N)(C(=O)O)c1ccccc1,1,central,2158
pretrain,train,CC[C@](O)(C(=O)O)c1ccsc1,1,central,4293
pretrain,train,CC[C@](O)(c1ccc(O)cc1)c1cccc(C(F)(F)F)c1,1,central,1649
pretrain,train,CC[C@](O)(c1ccc(OC(=O)NC)cc1)c1cccc(C(F)(F)F)c1,1,central,1647
pretrain,train,CC[C@](O)(c1ccccc1)c1cc(OC)c(OC)c(OC)c1,1,central,1642
pretrain,train,CC[C@](O)(c1ccccc1)c1ccc(C(F)(F)F)cc1,1,central,1650
pretrain,train,CC[C@](O)(c1ccccc1)c1cccc(C(F)(F)F)c1,1,central,1651
pretrain,train,CC[C@]1(C)C(=O)N[C@H]1OC(C)=O,1,central,799
pretrain,train,CC[C@]1(C)CC(=O)NC1=O,1,central,2825
pretrain,train,CC[C@]1(C2=CCCC2)C(=O)NC(=O)N(C)C1=O,1,central,3729
pretrain,train,CC[C@]1(C2=CCCCC2)CCC(=O)NC1=O,1,central,4726
pretrain,train,CC[C@]1(N2CCCCC2)C(=O)NC(=O)N(C2CCCCC2)C1=O,1,central,4730
pretrain,train,CC[C@]1(c2ccc(N)cc2)CCC(=O)NC1=O,1,central,1780
pretrain,train,CC[C@]1(c2ccc(NC(=O)Cc3cc4ccccc4c4ccccc34)cc2)CCC(=O)NC1=O,1,central,2799
pretrain,train,CC[C@]1(c2ccc(NC(=O)Cc3cccc4ccccc34)cc2)CCC(=O)NC1=O,1,central,2812
pretrain,train,CC[C@]1(c2ccc(NC(=O)NC3c4ccccc4-c4ccccc43)cc2)CCC(=O)NC1=O,1,central,2839
pretrain,train,CC[C@]1(c2ccc(O)cc2)C(=O)NC(=O)N(C)C1=O,1,central,2628
pretrain,train,CC[C@]1(c2ccc(O)cc2)NC(=O)N(C)C1=O,1,central,5072
pretrain,train,CC[C@]1(c2ccc(O)cc2)NC(=O)NC1=O,1,central,5071
pretrain,train,CC[C@]1(c2ccccc2)C(=O)NC(=O)N(C(=O)c2ccc(Cl)cc2)C1=O,1,central,4433
pretrain,train,CC[C@]1(c2ccccc2)C(=O)NC(=O)N(C(=O)c2ccccc2)C1=O,1,central,4435
pretrain,train,CC[C@]1(c2ccccc2)C(=O)NC(=O)N(C)C1=O,1,central,1763
pretrain,train,CC[C@]1(c2ccccc2)C(=O)NC(=O)N(c2ccccc2)C1=O,1,central,4431
pretrain,train,CC[C@]1(c2ccccc2)CC(=O)NC1=O,1,central,4158
pretrain,train,CC[C@]1(c2ccccc2)CC(O)C(=O)NC1=O,1,central,3737
pretrain,train,CC[C@]1(c2ccccc2)NC(=O)CNC1=O,1,central,1834
pretrain,train,CC[C@]1(c2ccccc2)SCC[S@@]1=O,1,central,787
pretrain,train,CC[N+](C)(CC)CCOC(=O)[C@](O)(c1ccccc1)C1CCCCC1,1,central,4429
pretrain,train,CC[P@@](=O)(c1ccccc1)c1ccccc1OC,1,central,4305
pretrain,train,CC[P@](=O)(Oc1ccc([N+](=O)[O-])cc1)c1ccccc1,1,central,1469
pretrain,train,CC[P@](=O)(c1ccccc1)c1c(OC)ccc2ccccc12,1,central,5184
pretrain,train,CC[S@@](=O)c1ccccc1,1,central,1344
pretrain,train,CC[S@](=O)/C(C)=C\C(=O)OC,1,central,3842
pretrain,train,CC[S@](=O)c1ccc(C)cc1,1,central,1339
pretrain,train,CC[S@](=O)c1ccc(F)cc1,1,central,2979
pretrain,train,CC[S@](=O)c1ccc([N+](=O)[O-])cc1,1,central,5426
pretrain,train,CC[Si](CC)(CC)OC(c1cc(C(F)(F)F)cc(C(F)(F)F)c1)(c1cc(C(F)(F)F)cc(C(F)(F)F)c1)[C@@H]1CCCN1,1,central,5957
pretrain,train,CC[Si](CC)(CC)OC(c1cc(C(F)(F)F)cc(C(F)(F)F)c1)(c1cc(C(F)(F)F)cc(C(F)(F)F)c1)[C@H]1CCCN1,1,central,5956
pretrain,train,CC[Si](CC)(CC)OC(c1ccccc1)(c1ccccc1)[C@H]1CCCN1,1,central,5974
pretrain,train,CC[Si](CC)(CC)O[C@H]1C=C(CC/C=C\CCC(=O)OC)C(=O)C1,1,central,1792
pretrain,train,CC[Si](CC)(CC)O[C@H]1C=CC(=O)C1,1,central,5270
pretrain,train,CCc1cc(CC)c([Se](=O)c2ccccc2)c(CC)c1,1,central,5163
pretrain,train,CCc1ccc(NC(=O)[C@H](C)c2ccc(CC(C)C)cc2)cc1,1,central,4480
pretrain,train,CCc1ccc(NC(=O)[C@H](C)c2cccc(Oc3ccccc3)c2)cc1,1,central,4463
pretrain,train,CCc1ccc(NC(=O)[C@H](C)c2cccc3ccccc23)cc1,1,central,4472
pretrain,train,CCc1ccc(NC(=O)[C@H](CC)c2ccccc2)cc1,1,central,4454
pretrain,train,CCc1ccc(NC(=O)[C@H](OC(C)C)c2ccccc2)cc1,1,central,4445
pretrain,train,CCc1ccc(OC[C@@H](O)CNC(C)C)cc1,1,central,1198
pretrain,train,CCc1ccc([C@@H]2CCCN2C)cn1,1,central,5484
pretrain,train,CCc1cccc(CC)c1-n1c[n+]2c(n1)CO[C@@H]1Cc3ccccc3[C@@H]12.F[B-](F)(F)F,2,axial,-1
pretrain,train,CCc1cccc(CC)c1-n1c[n+]2c(n1)CO[C@H]1Cc3ccccc3[C@H]12.F[B-](F)(F)F,2,axial,-1
pretrain,train,CCc1cccc(CC)c1N1C=[N+]([C@H](CO)Cc2ccccc2)CC1.F[P-](F)(F)(F)(F)F,1,central,-1
pretrain,train,CCc1cccc(CC)c1N1C=[N+]([C@H](CO)c2ccccc2)CC1.F[P-](F)(F)(F)(F)F,1,central,-1
pretrain,train,CCc1cccc(O[C@@H](C)C(=O)O)c1,1,central,2953
pretrain,train,CCc1cccc(O[C@H](C)C(=O)NCc2cccc3ccccc23)c1,1,central,2912
pretrain,train,CCc1cccc2c3c([nH]c12)[C@](CC)(CC(=O)Nc1cc(C)cc(C)c1)OCC3,1,central,2971
pretrain,train,CCc1cccc2c3c([nH]c12)[C@](CC)(CC(=O)Nc1cccc2ccccc12)OCC3,1,central,2962
pretrain,train,CCc1cccc2c3c([nH]c12)[C@](CC)(CC(=O)OC)OCC3,1,central,2533
pretrain,train,CCc1cccc2cc([C@@H](O)CNC(C)(C)C)oc12,1,central,2487
pretrain,train,CCc1ccccc1-n1c(C)csc1=O,2,axial,1036
pretrain,train,CCc1ccccc1-n1c2nc(=O)n(C)c(=O)c-2nc2ccccc21,2,axial,1081
pretrain,train,CCc1ccccc1O[C@@H](C)C(=O)O,1,central,2956
pretrain,train,CCc1ccccc1O[C@H](C)C(=O)NCc1cccc2ccccc12,1,central,2913
pretrain,train,CCc1csc(=O)n1-c1ccccc1C,2,axial,1039
pretrain,train,CCn1nc(N[C@@H]2c3cc(C#N)ccc3OC(C)(C)[C@H]2O)ccc1=O,1,central,52
pretrain,train,CN(C(=O)Nc1cccc2ccccc12)[C@@]1(c2ccccc2Cl)CCCCC1=O,1,central,4005
pretrain,train,CN(C(=O)O[C@H]1CCn2ccnc21)C(C)(C)C,1,central,6133
pretrain,train,CN(C(=O)O[C@H]1CCn2ccnc21)c1ccccc1-c1ccccc1,1,central,6137
pretrain,train,CN(C(=O)[C@@H](NC(=S)Nc1cc(C(F)(F)F)cc(C(F)(F)F)c1)C(C)(C)C)C(c1ccccc1)c1ccccc1,1,central,6086
pretrain,train,CN(C)C(=O)CCS[C@H](SCCC(=O)O)c1cccc(/C=C/c2ccc3ccc(Cl)cc3n2)c1,1,central,3004
pretrain,train,CN(C)C(=O)C[C@@]12CCCc3coc(c31)CC1(C2)SCCCS1,1,central,1570
pretrain,train,CN(C)C(=O)N1C(=O)[C@@H](O)N=C(c2ccccc2)c2cc(Cl)ccc21,1,central,1371
pretrain,train,CN(C)C(=O)O[C@@H]1N=C(c2ccccc2)c2cc(Cl)ccc2N(C(=O)N(C)C)C1=O,1,central,1369
pretrain,train,CN(C)C(=O)O[C@@H]1N=C(c2ccccc2)c2cc(Cl)ccc2N(C)C1=O,1,central,1368
pretrain,train,CN(C)C(=O)O[C@H]1N=C(c2ccccc2)c2cc(Cl)ccc2NC1=O,1,central,1370
pretrain,train,CN(C)C(=O)Oc1cc(O)cc([C@H](O)CNC(C)(C)C)c1,1,central,3778
pretrain,train,CN(C)C(=O)Oc1cc(OC(=O)N(C)C)cc([C@@H](O)CNC(C)(C)C)c1,1,central,3779
pretrain,train,CN(C)C(=O)[C@@H]1[C@@H](C(=O)N(C)C)[C@H](c2ccccc2)[C@H]1c1ccccc1,1,central,984
pretrain,train,CN(C)C(=O)c1c(I)cc(I)c(N)c1I,2,axial,1153
pretrain,train,CN(C)C(=O)c1cc(C(=O)N(C)C)cc([C@H](CN(C(=O)Nc2cc([N+](=O)[O-])cc([N+](=O)[O-])c2)C(C)(C)C)OC(=O)Nc2cc([N+](=O)[O-])cc([N+](=O)[O-])c2)c1,1,central,3744
pretrain,train,CN(C)CCCCCN1C(=O)C[C@@]2(CCCc3ccccc32)C1=O,1,central,4693
pretrain,train,CN(C)CCCCN1C(=O)C[C@]2(CCCc3ccc(O)cc32)C1=O,1,central,4675
pretrain,train,CN(C)CCCCN1C(=O)C[C@]2(CCCc3ccccc32)C1=O,1,central,4694
pretrain,train,CN(C)CCCN1C(=O)C[C@@]2(CCCc3ccc(F)cc32)C1=O,1,central,4668
pretrain,train,CN(C)CCCN1C(=O)C[C@@]2(CCCc3ccccc32)C1=O,1,central,4695
pretrain,train,CN(C)CCCOC(=O)[C@@](O)(c1ccsc1)C1CCCCC1,1,central,3012
pretrain,train,CN(C)CCN1C(=O)C[C@]2(CCCc3ccccc32)C1=O,1,central,4696
pretrain,train,CN(C)CCOC(=O)[C@H](c1ccccc1)C1(O)CCCC1,1,central,3909
pretrain,train,CN(C)CCOC(=O)[C@](O)(c1ccsc1)C1CCCCC1,1,central,3014
pretrain,train,CN(C)CCO[C@@H](c1ccc(Cl)cc1)c1ccccn1,1,central,3390
pretrain,train,CN(C)CCO[C@@H](c1ccccc1)c1ccc(Br)cc1,1,central,5042
pretrain,train,CN(C)CCO[C@@](C)(c1ccccc1)c1ccc(Br)cc1,1,central,1208
pretrain,train,CN(C)CCO[C@](C)(c1ccccc1)c1ccccn1,1,central,4738
pretrain,train,CN(C)CC[C@@H](O)c1ccccc1,1,central,3172
pretrain,train,CN(C)CC[C@@H](c1ccc(Cl)cc1)c1ccccn1,1,central,1365
pretrain,train,CN(C)CC[C@@H](c1ccccc1)c1ccccn1,1,central,4207
pretrain,train,CN(C)CC[C@H](c1ccc(Br)cc1)c1ccccn1,1,central,4829
pretrain,train,CN(C)CC[C@](O)(c1ccccc1)c1ccccc1Cl,1,central,3911
pretrain,train,CN(C)C[C@@H](OC(=O)Nc1cc([N+](=O)[O-])cc([N+](=O)[O-])c1)c1ccccc1,1,central,3396
pretrain,train,CN(C)C[C@H](OC(=O)Nc1cc([N+](=O)[O-])cc([N+](=O)[O-])c1)C(C)(C)C,1,central,4882
pretrain,train,CN(C)P1OC(c2ccccc2)(c2ccccc2)[C@@H]2OC(C)(C)O[C@H]2C(c2ccccc2)(c2ccccc2)O1,2,axial,5839
pretrain,train,CN(C)P1OC(c2ccccc2)(c2ccccc2)[C@H]2OC(C)(C)O[C@@H]2C(c2ccccc2)(c2ccccc2)O1,2,axial,5840
pretrain,train,CN(C)P1Oc2cccc3c2C2(CC3)CCc3cccc(c32)O1,2,axial,5831
pretrain,train,CN(C)[C@@H](c1ccccc1)[C@@H](NC(=S)Nc1cc(C(F)(F)F)cc(C(F)(F)F)c1)c1ccccc1,1,central,6056
pretrain,train,CN(C)[C@@H](c1ccccc1)[C@@H](Nc1c(Nc2cc(C(F)(F)F)cc(C(F)(F)F)c2)c(=O)c1=O)c1ccccc1,1,central,6058
pretrain,train,CN(C)[C@@H](c1ccccc1)[C@@H](OC(=O)Nc1cc([N+](=O)[O-])cc([N+](=O)[O-])c1)c1ccccc1,1,central,397
pretrain,train,CN(C)[C@@H](c1ccccc1)[C@H](c1ccccc1)N(C)C,1,central,6216
pretrain,train,CN(C)[C@@H]1C(=O)N[C@@H]1c1ccccc1,1,central,663
pretrain,train,CN(C)[C@@H]1C2CCC(C)([C@@H]1OC(=O)Nc1cc([N+](=O)[O-])cc([N+](=O)[O-])c1)C2(C)C,1,central,5569
pretrain,train,CN(C)[C@@H]1CCCC[C@H]1N,1,central,6183
pretrain,train,CN(C)[C@@H]1CCCC[C@H]1N(C)C,1,central,6178
pretrain,train,CN(C)[C@@H]1CCCC[C@H]1NC(=O)Nc1cc(C(F)(F)F)cc(C(F)(F)F)c1,1,central,6054
pretrain,train,CN(C)[C@@H]1CCCC[C@H]1NC(=S)N[C@H](c1ccccc1)[C@H](NS(=O)(=O)c1cc(C(F)(F)F)cc(C(F)(F)F)c1)c1ccccc1,1,central,6088
pretrain,train,CN(C)[C@@H]1CCCC[C@H]1Nc1c(Nc2cc(C(F)(F)F)cc(C(F)(F)F)c2)c(=O)c1=O,1,central,6030
pretrain,train,CN(C)[C@@H]1CCN(Cc2ccccc2)C1,1,central,6274
pretrain,train,CN(C)[C@H](c1ccccc1)[C@@H](OC(=O)Nc1cc([N+](=O)[O-])cc([N+](=O)[O-])c1)c1ccccc1,1,central,396
pretrain,train,CN(C)[C@H](c1ccccc1)[C@H](NC(=S)Nc1cc(C(F)(F)F)cc(C(F)(F)F)c1)c1ccccc1,1,central,6081
pretrain,train,CN(C)[C@H](c1ccccc1)[C@H](Nc1c(Nc2cc(C(F)(F)F)cc(C(F)(F)F)c2)c(=O)c1=O)c1ccccc1,1,central,6057
pretrain,train,CN(C)[C@H]1CCCC[C@@H]1N,1,central,6214
pretrain,train,CN(C)[C@H]1CCCC[C@@H]1N(C)C,1,central,6208
pretrain,train,CN(C)[C@H]1CCCC[C@@H]1NC(=O)Nc1cc(C(F)(F)F)cc(C(F)(F)F)c1,1,central,6055
pretrain,train,CN(C)[C@H]1CCCC[C@@H]1NC(=S)Nc1cc(C(F)(F)F)cc(C(F)(F)F)c1,1,central,6059
pretrain,train,CN(C)[C@H]1CCCC[C@@H]1Nc1c(Nc2cc(C(F)(F)F)cc(C(F)(F)F)c2)c(=O)c1=O,1,central,6031
pretrain,train,CN(C)c1ccc([C@@H](O)C(C)(C)C)cc1,1,central,4899
pretrain,train,CN(C)c1ccc([C@H](O)C2CCCCC2)cc1,1,central,4898
pretrain,train,CN(C)c1ccc2ccccc2c1-c1c(P(C2CCCCC2)C2CCCCC2)ccc2ccccc12,2,axial,6988
pretrain,train,CN(C)c1cccc(-n2c(C(C)(C)C)csc2=S)c1,2,axial,1149
pretrain,train,CN(C)c1cccc2c(S(=O)(=O)N[C@@H](CC(=O)O)C(=O)O)cccc12,1,central,4332
pretrain,train,CN(C)c1cccc2c(S(=O)(=O)N[C@@H](CCC(=O)O)C(=O)O)cccc12,1,central,1710
pretrain,train,CN(C)c1cccc2c(S(=O)(=O)N[C@@H](CCCNC(=N)N)C(=O)O)cccc12,1,central,4346
pretrain,train,CN(C)c1cccc2c(S(=O)(=O)N[C@@H](CO)C(=O)O)cccc12,1,central,1874
pretrain,train,CN(C)c1cccc2c(S(=O)(=O)N[C@H](Cc3c[nH]c4ccccc34)C(=O)O)cccc12,1,central,1883
pretrain,train,CN(C)c1cccc2c(S(=O)(=O)N[C@H](Cc3ccccc3)C(=O)O)cccc12,1,central,1747
pretrain,train,CN(C)c1cccc2c1P(C(C)(C)C)[C@@H](P(=O)(C(C)(C)C)C(C)(C)C)O2,1,central,-1
pretrain,train,CN(C)p1oc2c(P(c3ccccc3)c3ccccc3)cc3ccccc3c2c2c(o1)c(P(c1ccccc1)c1ccccc1)cc1ccccc12,2,axial,5849
pretrain,train,CN(C)p1oc2ccc3c(c2c2c4c(ccc2o1)CCCC4)CCCC3,2,axial,5823
pretrain,train,CN(C)p1oc2ccc3ccccc3c2c2c(ccc3ccccc32)o1,2,axial,5798
pretrain,train,CN(CCC(C)(C)C)[C@H]1CCCC[C@@H]1N(C)CCC(C)(C)C,1,central,6192
pretrain,train,CN(CCCCCN(C)P1(=O)N(C)c2ccc3ccccc3c2-c2c(ccc3ccccc23)N1C)P1(=O)N(C)c2ccc3ccccc3c2-c2c(ccc3ccccc23)N1C,2,axial,6142
pretrain,train,CN(CCO)CCCCCN1C(=O)C[C@]2(CCCc3ccccc32)C1=O,1,central,4659
pretrain,train,CN(CCO)CCCCN1C(=O)C[C@]2(CCCc3ccccc32)C1=O,1,central,4685
pretrain,train,CN(CCO)CCCN1C(=O)C[C@@]2(CCCc3ccccc32)C1=O,1,central,4686
pretrain,train,CN(CCO)CCN1C(=O)C[C@]2(CCCc3ccccc32)C1=O,1,central,4687
pretrain,train,CN(CC[C@@H](Oc1ccc(C(F)(F)F)cc1)c1ccccc1)C(=O)c1cc([N+](=O)[O-])cc([N+](=O)[O-])c1,1,central,4932
pretrain,train,CN(CC[C@@H](Oc1cccc2ccccc12)c1cccs1)C(=O)c1cc([N+](=O)[O-])cc([N+](=O)[O-])c1,1,central,4934
pretrain,train,CN(C[C@@H](O)c1ccc(Cl)cc1)C(=O)Nc1cccc2ccccc12,1,central,2201
pretrain,train,CN(C[C@@H](O)c1ccccc1)C(=O)Nc1cccc2ccccc12,1,central,2204
pretrain,train,CN(C[C@@]1(C)CCCO1)S(=O)(=O)c1ccc(Cl)c(S(N)(=O)=O)c1,1,central,3907
pretrain,train,CN(C[C@H](O)C(C)(C)C)C(=O)Nc1cccc2ccccc12,1,central,2198
pretrain,train,CN(C[C@H](O)c1cccc(O)c1)C(=O)Oc1ccc2ccccc2c1,1,central,4511
pretrain,train,CN(C[C@H](O)c1cccc(OC(=O)Oc2ccc3ccccc3c2)c1)C(=O)Oc1ccc2ccccc2c1,1,central,4510
pretrain,train,CN(C[C@H](O)c1ccccc1)C(=O)Oc1ccc2ccccc2c1,1,central,4515
pretrain,train,CN(Cc1ccccc1)C(=O)[C@@H](N)C(C)(C)C,1,central,6050
pretrain,train,CN(Cc1ccccc1)C(=O)[C@@H](NC(=S)N[C@@H]1CCCC[C@H]1N)C(C)(C)C,1,central,6025
pretrain,train,CN(Cc1ccccc1)C(=O)[C@@H](NC(=S)Nc1cc(C(F)(F)F)cc(C(F)(F)F)c1)C(C)(C)C,1,central,-1
pretrain,train,CN(Cc1ccccc1)C[C@H]1Cc2ccccc2[C@H]1O,1,central,351
pretrain,train,CN(Cc1ccccc1)p1oc2ccc3ccccc3c2c2c(ccc3ccccc32)o1,2,axial,5805
pretrain,train,CN(O)C(N)=O,1,central,2768
pretrain,train,CN([C@@H](CP(c1ccccc1)c1ccccc1)c1ccccc1)S(=O)C(C)(C)C,1,central,-1
pretrain,train,CN([C@@H](c1cc(C(F)(F)F)cc(C(F)(F)F)c1)c1ccccc1P(c1ccccc1)c1ccccc1)S(=O)C(C)(C)C,1,central,5730
pretrain,train,CN([C@@H](c1cc2c(cc1P(c1ccccc1)c1ccccc1)OCO2)c1cccc2ccccc12)S(=O)C(C)(C)C,1,central,5727
pretrain,train,CN([C@@H](c1ccc2ccccc2c1)c1cccc(OCc2ccccc2)c1P(C1CCCCC1)C1CCCCC1)S(=O)C(C)(C)C,1,central,-1
pretrain,train,CN([C@@H](c1ccc2ccccc2c1)c1ccccc1P(C1CCCCC1)C1CCCCC1)S(=O)C(C)(C)C,1,central,-1
pretrain,train,CN([C@@H](c1ccccc1)c1cccc(OCc2ccccc2)c1P(C1CCCCC1)C1CCCCC1)S(=O)C(C)(C)C,1,central,-1
pretrain,train,CN([C@@H](c1ccccc1)c1cccc2c1Oc1c(P(c3ccccc3)c3ccccc3)cccc1C2(C)C)S(=O)C(C)(C)C,1,central,5781
pretrain,train,CN([C@@H](c1ccccc1)c1ccccc1P(C(C)(C)C)C(C)(C)C)S(=O)C(C)(C)C,1,central,-1
pretrain,train,CN([C@@H](c1ccccc1)c1ccccc1P(C12CC3CC(CC(C3)C1)C2)C12CC3CC(CC(C3)C1)C2)S(=O)C(C)(C)C,1,central,5765
pretrain,train,CN([C@@H](c1ccccc1)c1ccccc1P(C1CCCCC1)C1CCCCC1)S(=O)C(C)(C)C,1,central,-1
pretrain,train,CN([C@@H](c1ccccc1)c1ccccc1P(c1ccccc1)c1ccccc1)S(=O)C(C)(C)C,1,central,-1
pretrain,train,CN([C@@H](c1ccccc1P(c1ccccc1)c1ccccc1)c1cccc2ccccc12)S(=O)C(C)(C)C,1,central,5722
pretrain,train,CN([C@H](CP(c1ccccc1)c1ccccc1)c1ccccc1)S(=O)C(C)(C)C,1,central,5770
pretrain,train,CN([C@H](CP(c1ccccc1)c1ccccc1)c1ccccc1-c1c2ccccc2cc2ccccc12)S(=O)C(C)(C)C,1,central,-1
pretrain,train,CN([C@H](c1cc(C(F)(F)F)cc(C(F)(F)F)c1)c1ccccc1P(C1CCCCC1)C1CCCCC1)S(=O)C(C)(C)C,1,central,-1
pretrain,train,CN([C@H](c1ccc(C(C)(C)C)cc1)c1ccccc1P(C1CCCCC1)C1CCCCC1)S(=O)C(C)(C)C,1,central,-1
pretrain,train,CN([C@H](c1ccc2ccccc2c1)c1ccccc1P(C1CCCCC1)C1CCCCC1)S(=O)C(C)(C)C,1,central,5749
pretrain,train,CN([C@H](c1ccccc1)c1cccc(OCc2ccccc2)c1P(C1CCCCC1)C1CCCCC1)S(=O)C(C)(C)C,1,central,5755
pretrain,train,CN([C@H](c1ccccc1)c1cccc2c1Oc1c(P(c3ccccc3)c3ccccc3)cccc1C2(C)C)S(=O)C(C)(C)C,1,central,-1
pretrain,train,CN([C@H](c1ccccc1)c1ccccc1P(C(C)(C)C)C(C)(C)C)S(=O)C(C)(C)C,1,central,-1
pretrain,train,CN([C@H](c1ccccc1)c1ccccc1P(C1CCCCC1)C1CCCCC1)S(=O)C(C)(C)C,1,central,5743
pretrain,train,CN([C@H](c1ccccc1)c1ccccc1P(c1ccccc1)c1ccccc1)S(=O)C(C)(C)C,1,central,5714
pretrain,train,CN([C@H](c1ccccc1P(C1CCCCC1)C1CCCCC1)c1cccc2ccccc12)S(=O)C(C)(C)C,1,central,-1
pretrain,train,CN([C@H](c1ccccc1P(c1ccccc1)c1ccccc1)c1cccc2ccccc12)S(=O)C(C)(C)C,1,central,-1
pretrain,train,CN(c1ccc(=O)n(C)n1)[C@@H]1c2cc(C#N)ccc2OC(C)(C)[C@H]1O,1,central,54
pretrain,train,CN(c1ccccc1)[C@H]1N=C(c2ccccc2)c2cc(Cl)ccc2NC1=O,1,central,3692
pretrain,train,CN/C(=N\C#N)Nc1ccc(C2=NNC(=O)C[C@H]2C)cc1,1,central,4010
pretrain,train,CN1/C(=C/C(=O)c2cc3ccc2CCc2ccc(cc2)CC3)C(C)(C)c2ccccc21,4,planar,5585
pretrain,train,CN1C(=O)C2CC(O)CN2C1=S,1,central,468
pretrain,train,CN1C(=O)CCN(C(=O)c2ccccc2)[C@H]1C(C)(C)C,1,central,2369
pretrain,train,CN1C(=O)CCS(=O)(=O)[C@H]1c1ccc(Br)cc1,1,central,5137
pretrain,train,CN1C(=O)CCS(=O)(=O)[C@H]1c1ccc(Cl)c(Cl)c1,1,central,5135
pretrain,train,CN1C(=O)CCS(=O)(=O)[C@H]1c1ccc(Cl)c([N+](=O)[O-])c1,1,central,5134
pretrain,train,CN1C(=O)CCS(=O)(=O)[C@H]1c1ccc(Cl)cc1,1,central,3683
pretrain,train,CN1C(=O)CCS(=O)(=O)[C@H]1c1ccc(F)cc1,1,central,5138
pretrain,train,CN1C(=O)CCS(=O)(=O)[C@H]1c1cccc(Cl)c1,1,central,5136
pretrain,train,CN1C(=O)CN(C(N)=O)[C@H](c2ccccc2)c2cc(Cl)ccc21,1,central,3276
pretrain,train,CN1C(=O)CN[C@@H](c2ccccc2)c2cc(Cl)ccc21,1,central,3277
pretrain,train,CN1C(=O)C[C@@H](c2ccccc2)C1=O,1,central,3181
pretrain,train,CN1C(=O)C[C@](C)(c2ccccc2)C1=O,1,central,2826
pretrain,train,CN1C(=O)NC(=O)[C@@](C)(C2=CCCCC2)C1=O,1,central,1765
pretrain,train,CN1C(=O)NC(=O)[C@@](C)(C2CCCCC2)C1=O,1,central,3730
pretrain,train,CN1C(=O)NC(=O)[C@@](C)(c2ccccc2)C1=O,1,central,1764
pretrain,train,CN1C(=O)N[C@@](C)(c2ccc3ccccc3c2)C1=O,1,central,4170
pretrain,train,CN1C(=O)[C@@H](CS)NC1=S,1,central,3661
pretrain,train,CN1C(=O)[C@@H](Cc2ccccc2)NC1=S,1,central,1755
pretrain,train,CN1C(=O)[C@@H](Cc2ccccc2)N[C@H]1C(C)(C)C,1,central,5992
pretrain,train,CN1C(=O)[C@@H](N)N=C(c2ccccc2)c2ccccc21,1,central,3071
pretrain,train,CN1C(=O)[C@@H](NC(=O)c2cc3ccccc3[nH]2)N=C(c2ccccc2)c2ccccc21,1,central,5259
pretrain,train,CN1C(=O)[C@@H](O)N=C(c2ccccc2)c2cc(Cl)ccc21,1,central,1234
pretrain,train,CN1C(=O)[C@@H](O)N=C(c2ccccc2Cl)c2cc(Cl)ccc21,1,central,1236
pretrain,train,CN1C(=O)[C@@H](OC(=O)/C=C/c2ccccc2)N=C(c2ccccc2)c2cc(Cl)ccc21,1,central,2661
pretrain,train,CN1C(=O)[C@@H](OC(=O)/C=C/c2ccccc2)N=C(c2ccccc2Cl)c2cc(Cl)ccc21,1,central,2659
pretrain,train,CN1C(=O)[C@@H](OC(=O)CCC(=O)O)N=C(c2ccccc2)c2cc(Cl)ccc21,1,central,3281
pretrain,train,CN1C(=O)[C@@H](OC(=O)CCc2ccccc2)N=C(c2ccccc2)c2cc(Cl)ccc21,1,central,2657
pretrain,train,CN1C(=O)[C@@H](OC(=O)CCc2ccccc2)N=C(c2ccccc2Cl)c2cc(Cl)ccc21,1,central,2655
pretrain,train,CN1C(=O)[C@@H](OC(=O)c2ccccc2)N=C(c2ccccc2)c2cc(Cl)ccc21,1,central,2669
pretrain,train,CN1C(=O)[C@@H](OC(=O)c2ccccc2)N=C(c2ccccc2Cl)c2cc(Cl)ccc21,1,central,2667
pretrain,train,CN1C(=O)[C@@H](c2ccccc2)N[C@@H]1C(C)(C)C,1,central,5999
pretrain,train,CN1C(=O)[C@@H](c2ccccc2)N[C@H]1C(C)(C)C,1,central,5998
pretrain,train,CN1C(=O)[C@@H](c2ccccc2)Sc2ccccc21,1,central,1268
pretrain,train,CN1C(=O)[C@H](CC(=O)O)NC1=S,1,central,1753
pretrain,train,CN1C(=O)[C@H](CCCCN)NC1=S,1,central,3662
pretrain,train,CN1C(=O)[C@H](Cc2c[nH]c3ccccc23)NC1=S,1,central,3660
pretrain,train,CN1C(=O)[C@H](Cc2ccc(O)cc2)NC1=S,1,central,1756
pretrain,train,CN1C(=O)[C@H](Cc2ccccc2)N(C)C(=O)/C1=C/c1ccccc1,1,central,2175
pretrain,train,CN1C(=O)[C@H](Cc2ccccc2)NC1(C)C,1,central,5995
pretrain,train,CN1C(=O)[C@H](Cc2ccccc2)N[C@@H]1C(C)(C)C,1,central,5993
pretrain,train,CN1C(=O)[C@H](c2cc(Cl)ccc2O)Sc2ccccc21,1,central,1262
pretrain,train,CN1C(=O)[C@H](c2cc([N+](=O)[O-])ccc2O)Sc2ccccc21,1,central,1260
pretrain,train,CN1C(=O)[C@H](c2ccc(Cl)cc2)S[C@H]1c1cccnc1,1,central,147
pretrain,train,CN1C(=O)[C@H](c2ccc(Cl)cc2)Sc2ccccc21,1,central,1265
pretrain,train,CN1C(=O)[C@H](c2ccc(O)cc2)Sc2ccccc21,1,central,1267
pretrain,train,CN1C(=O)[C@H](c2ccccc2O)Sc2ccccc21,1,central,1263
pretrain,train,CN1C(=O)c2ccccc2[C@@]1(O)c1ccccc1,1,central,1673
pretrain,train,CN1C2CC(OC(=O)[C@@H](CO)c3ccccc3)CC1C1OC12,1,central,1781
pretrain,train,CN1C2CCC1CC(OC(=O)[C@@H](CO)c1ccccc1)C2,1,central,2386
pretrain,train,CN1C2CCC1CC(OC(=O)[C@H](O)c1ccccc1)C2,1,central,4437
pretrain,train,CN1CCCC[C@@H]1C(O)(c1ccccc1)c1ccccc1,1,central,3048
pretrain,train,CN1CCCC[C@@H]1c1cccnc1,1,central,3835
pretrain,train,CN1CCCC[C@H]1CCN1c2ccccc2Sc2ccc(S(C)(=O)=O)cc21,1,central,5009
pretrain,train,CN1CCCC[C@H]1CCN1c2ccccc2Sc2ccc(S(C)=O)cc21,1,central,699
pretrain,train,CN1CCCN([C@H](c2ccccc2)c2ccc(Cl)cc2)CC1,1,central,3388
pretrain,train,CN1CCCN=C1COC(=O)[C@@](O)(c1ccccc1)C1CCCCC1,1,central,3383
pretrain,train,CN1CCC[C@@H]1C(O)(c1ccccc1)c1ccccc1,1,central,5931
pretrain,train,CN1CCC[C@@H]1CN1CCCCC1,1,central,5973
pretrain,train,CN1CCC[C@@H]1c1ccccc1,1,central,5495
pretrain,train,CN1CCC[C@H](C(=O)N2c3ccccc3NC(=O)c3cccnc32)C1,1,central,2767
pretrain,train,CN1CCC[C@H](CC2c3ccccc3Sc3ccccc32)C1,1,central,3384
pretrain,train,CN1CCC[C@H]1CN1CCCCC1,1,central,5927
pretrain,train,CN1CCC[C@H]1c1ccccn1,1,central,5497
pretrain,train,CN1CCC[C@H]1c1cccnc1,1,central,3777
pretrain,train,CN1CCC[C@H]1c1ccncc1,1,central,5496
pretrain,train,CN1CCC[C@H]1c1cnc2c(c1)CCCC2,1,central,5482
pretrain,train,CN1CCN(C(=O)O[C@H]2c3nccnc3C(=O)N2c2ccc(Cl)cn2)CC1,1,central,1923
pretrain,train,CN1CCN([C@@H](c2ccccc2)c2ccc(Cl)cc2)CC1,1,central,4350
pretrain,train,CN1CCN2c3cc(Cl)ccc3Cc3ccccc3[C@H]2C1,1,central,5215
pretrain,train,CN1CCN2c3ccccc3Cc3ccccc3[C@@H]2C1,1,central,2868
pretrain,train,CN1CCN2c3ncccc3Cc3ccccc3[C@H]2C1,1,central,2867
pretrain,train,CN1CCO[C@@H](c2ccccc2)c2ccccc2C1,1,central,1320
pretrain,train,CN1CC[C@@H]1c1cccnc1,1,central,3836
pretrain,train,CN1CCc2cc(Cl)c(O)cc2[C@@H](c2ccccc2)C1,1,central,2363
pretrain,train,CN1C[C@@H](c2ccc(O)c(O)c2)OC1=O,1,central,4105
pretrain,train,CN1C[C@@H]2c3ccccc3Cc3ccccc3N2C1,1,central,2875
pretrain,train,CN1C[C@H](c2ccccc2)O[C@@H]1c1ccc2ccccc2c1,1,central,146
pretrain,train,CN1C[C@H]2c3ccccc3Oc3ccc(Cl)cc3[C@@H]2C1,1,central,2864
pretrain,train,CN1C[C@]2(C)C[C@H]1Cc1ccc(O)cc12,1,central,386
pretrain,train,CN1Cc2c(N)cccc2[C@@H](c2ccccc2)C1,1,central,4014
pretrain,train,CN1O[C@@H](CO)CC1=O,1,central,1971
pretrain,train,CN1[C@@H](CCl)Nc2cc(Cl)c(S(N)(=O)=O)cc2S1(=O)=O,1,central,5022
pretrain,train,CN1[C@@H](CSCC(F)(F)F)Nc2cc(Cl)c(S(N)(=O)=O)cc2S1(=O)=O,1,central,5024
pretrain,train,CN=[S@@](C)(=O)c1ccccc1,1,central,5255
pretrain,train,CNC(=O)N[C@@H](c1cccc2ccccc12)C(C)C,1,central,3864
pretrain,train,CNC(=O)N[C@H](C)c1cccc2ccccc12,1,central,3871
pretrain,train,CNC(=O)Oc1ccc2c(c1)[C@]1(C)CCN(C)C1N2C,1,central,151
pretrain,train,CNC(=O)Oc1ccc2c(c1)[C@]1(C)CCOC1N2C,1,central,91
pretrain,train,CNC(=O)[C@@H](C)c1ccc(CC(C)C)cc1,1,central,4487
pretrain,train,CNC(=O)[C@@H](C)c1cccc2ccccc12,1,central,4497
pretrain,train,CNC(=O)[C@@H](OC(=O)c1cc([N+](=O)[O-])cc([N+](=O)[O-])c1)c1ccccc1,1,central,4590
pretrain,train,CNC(=O)[C@H](CC(C)C)NC(=O)c1cc([N+](=O)[O-])cc([N+](=O)[O-])c1,1,central,3360
pretrain,train,CNC(=O)[C@H](NC(=O)c1cc([N+](=O)[O-])cc([N+](=O)[O-])c1)c1ccccc1,1,central,2718
pretrain,train,CNC(=O)[C@H](c1ccc(Cl)cc1)C(C)C,1,central,1637
pretrain,train,CNC(=S)[C@@]1(c2cccnc2)CCCCS1=O,1,central,218
pretrain,train,CNCC/C=C1\c2ccccc2C[C@@H](O)c2ccccc21,1,central,1327
pretrain,train,CNCCC1=C([C@@H](C)c2ccccn2)c2ccccc2C1,1,central,2357
pretrain,train,CNCCCCN1C(=O)C[C@]2(CCCc3ccccc32)C1=O,1,central,4683
pretrain,train,CNCCC[C@](C#N)(c1ccc(O)c(OC)c1)C(C)C,1,central,1360
pretrain,train,CNCCN1C(=O)C[C@@]2(CCCc3ccccc32)C1=O,1,central,4684
pretrain,train,CNCC[C@H](Oc1ccc(C(F)(F)F)cc1)c1ccccc1,1,central,3217
pretrain,train,CNC[C@@H](O)COc1ccc(CCOC)cc1,1,central,5051
pretrain,train,CNC[C@@H](O)c1cc2ccccc2o1,1,central,2486
pretrain,train,CNC[C@@H](O)c1ccc(O)c(O)c1,1,central,5306
pretrain,train,CNC[C@@H](O)c1ccc(OC)cc1,1,central,2263
pretrain,train,CNC[C@@H](O)c1cccc(O)c1,1,central,2265
pretrain,train,CNC[C@H](O)COc1cccc2ccccc12,1,central,1681
pretrain,train,CNC[C@H](O)COc1ccccc1,1,central,2253
pretrain,train,CNC[C@H](O)c1ccc(O)cc1,1,central,5478
pretrain,train,CNC[C@H](O)c1cccc(OC)c1,1,central,2264
pretrain,train,CNC[C@H]1Cc2ccccc2[C@H]1Oc1ccc(C(F)(F)F)cc1,1,central,352
pretrain,train,CN[C@@H](C(=O)O)C(C)C,1,central,2190
pretrain,train,CN[C@@H](C)[C@H](O)c1ccccc1,1,central,7
pretrain,train,CN[C@@H](c1cc(C(F)(F)F)cc(C(F)(F)F)c1)[C@@H](NC)c1cc(C(F)(F)F)cc(C(F)(F)F)c1,1,central,6181
pretrain,train,CN[C@@H](c1ccc(C(F)(F)F)cc1)[C@@H](NC)c1ccc(C(F)(F)F)cc1,1,central,6180
pretrain,train,CN[C@@H](c1cccc(C(F)(F)F)c1)[C@@H](NC)c1cccc(C(F)(F)F)c1,1,central,6200
pretrain,train,CN[C@@H]1CCCC[C@H]1N(C)C,1,central,6231
pretrain,train,CN[C@@H]1CCCC[C@H]1NC,1,central,6187
pretrain,train,CN[C@@H]1Cc2ccccc2Oc2ccc(Cl)cc2C1,1,central,2861
pretrain,train,CN[C@@]1(c2ccccc2Cl)CCCCC1=O,1,central,4210
pretrain,train,CN[C@H](C)C(=O)O,1,central,2191
pretrain,train,CN[C@H](C)Cc1ccccc1OC,1,central,5476
pretrain,train,CN[C@H](C)[C@H](O)c1ccccc1,1,central,5038
pretrain,train,CN[C@H](CC(=O)O)C(=O)O,1,central,2187
pretrain,train,CN[C@H](CC(C)C)C(=O)O,1,central,2188
pretrain,train,CN[C@H](CCC(=O)O)C(=O)O,1,central,2186
pretrain,train,CN[C@H](Cc1ccccc1)C(=O)O,1,central,2189
pretrain,train,CN[C@H](c1ccc(C(F)(F)F)cc1)[C@@H](NC)c1ccc(C(F)(F)F)cc1,1,central,6179
pretrain,train,CN[C@H](c1cccc(C(F)(F)F)c1)[C@@H](NC)c1cccc(C(F)(F)F)c1,1,central,6228
pretrain,train,CN[C@H](c1ccccc1)[C@@H](NC)c1ccccc1,1,central,6211
pretrain,train,CN[C@H]1CCCC[C@@H]1N(C)C,1,central,6232
pretrain,train,CN[C@H]1CCCC[C@@H]1NC,1,central,6209
pretrain,train,CN[P@](=O)(OC)Oc1ccc(C(C)(C)C)cc1Cl,1,central,3083
pretrain,train,CN[S@](=O)c1ccc(C)cc1,1,central,5253
pretrain,train,CNc1ccc(Cl)cc1[C@@H]1NCCc2ccccc21,1,central,3304
pretrain,train,CNc1ccc2ccccc2c1-c1c(NC)ccc2ccccc12,2,axial,6165
pretrain,train,COC(=O)/C=C(C)\C=C\[C@@]1(O)C(C)=CC(=O)CC1(C)C,1,central,3271
pretrain,train,COC(=O)/C=C(C)\C=C\[C@@]1(O)C(C)=C[C@@H](O)CC1(C)C,1,central,481
pretrain,train,COC(=O)/C=C(C)\C=C\[C@@]1(O)C(C)=C[C@@H](OC(C)=O)CC1(C)C,1,central,482
pretrain,train,COC(=O)/C=C(C)\C=C\[C@]1(O)C(C)=C[C@@H](O)CC1(C)C,1,central,484
pretrain,train,COC(=O)/C=C(C)\C=C\[C@]1(O)C(C)=C[C@@H](OC(C)=O)CC1(C)C,1,central,483
pretrain,train,COC(=O)/C=C/[C@@H]1OC(C)(C)O[C@H]1C(=O)OC,1,central,245
pretrain,train,COC(=O)C(=[N+]=[N-])C(=O)C[C@H]1CC(=O)N1,1,central,5192
pretrain,train,COC(=O)C(C)(C)[C@H]1CC(=O)N1,1,central,1942
pretrain,train,COC(=O)C(C)[C@H](Sc1ccccc1N)c1ccc(OC)cc1,1,central,329
pretrain,train,COC(=O)C(C[C@@H]1OC(C)(C)O[C@H]1C(=O)OC)Sc1ccccn1,1,central,956
pretrain,train,COC(=O)C(N)[C@@H](O)c1ccc([N+](=O)[O-])cc1,1,central,2072
pretrain,train,COC(=O)C(NC(C)=O)(C(=O)OC)[C@@H](/C=C/c1ccccc1)c1ccccc1,1,central,3302
pretrain,train,COC(=O)C(c1ccccc1)C1CCCCN1,1,central,469
pretrain,train,COC(=O)C1=C(C#N)NC(C)=C(C(=O)OC(C)C)[C@H]1c1cccc([N+](=O)[O-])c1,1,central,3138
pretrain,train,COC(=O)C1=C(C(=O)OC)[C@]2(CCCN2)C(c2ccc(Cl)cc2)=C(c2ccc(Cl)cc2)S1,1,central,5280
pretrain,train,COC(=O)C1=C(C)NC(=S)N(C(=O)OC2CCN(Cc3ccccc3)CC2)[C@@H]1c1ccccc1C(F)(F)F,1,central,3125
pretrain,train,COC(=O)C1=C(C)NC(C)=C(C(=O)O)[C@@H]1c1cccc([N+](=O)[O-])c1,1,central,4908
pretrain,train,COC(=O)C1=C(C)NC(C)=C(C(=O)OC(C)C)[C@@H]1c1cccc2nonc12,1,central,3141
pretrain,train,COC(=O)C1=C(C)NC(C)=C(C(=O)OC2CCCN(Cc3ccccc3)C2)[C@@H]1c1cccc([N+](=O)[O-])c1,1,central,349
pretrain,train,COC(=O)C1=C(C)NC(C)=C(C(=O)OCC(C)C)[C@@H]1c1ccccc1[N+](=O)[O-],1,central,3127
pretrain,train,COC(=O)C1=C(C)NC(C)=C(C(=O)OCCCBr)[C@@H]1c1cccc([N+](=O)[O-])c1,1,central,4907
pretrain,train,COC(=O)C1=C(C)NC(C)=C(C(=O)OCCCOc2ccc(CCO)cc2)[C@@H]1c1cccc([N+](=O)[O-])c1,1,central,4906
pretrain,train,COC(=O)C1=C(C)NC(C)=C(C(=O)OCCN(C)C)[C@@H]1c1cccc(Cl)c1Cl,1,central,4902
pretrain,train,COC(=O)C1=C(C)NC(C)=C(C(=O)OCCN(C)Cc2ccccc2)[C@@H]1c1cccc([N+](=O)[O-])c1,1,central,2778
pretrain,train,COC(=O)C1=C(C)NC(C)=C(C(=O)OCCc2ccc(OCC(COC(=O)c3cc([N+](=O)[O-])cc([N+](=O)[O-])c3)OC(=O)c3cc([N+](=O)[O-])cc([N+](=O)[O-])c3)cc2)C1c1cccc([N+](=O)[O-])c1,1,central,224
pretrain,train,COC(=O)C1=C(C)NC(C)=C(C(=O)OCCc2ccc(OCC(COC(C)=O)OC(C)=O)cc2)C1c1cccc([N+](=O)[O-])c1,1,central,222
pretrain,train,COC(=O)C1=C(C)NC(C)=C(C(=O)OCCc2ccc(OCC(O)CO)cc2)C1c1cccc([N+](=O)[O-])c1,1,central,225
pretrain,train,COC(=O)C1=C(C)NC(C)=C(C(=O)OCCc2ccc(OCC(O)COC(=O)Nc3ccccc3)cc2)C1c1cccc([N+](=O)[O-])c1,1,central,221
pretrain,train,COC(=O)C1=C(C)NC(C)=C(C(=O)OCCc2ccc(OCC(O)COC(=O)c3cc([N+](=O)[O-])cc([N+](=O)[O-])c3)cc2)C1c1cccc([N+](=O)[O-])c1,1,central,219
pretrain,train,COC(=O)C1=C(C)NC(C)=C(C(=O)OCCc2ccc(OCC(O)COC(C)=O)cc2)C1c1cccc([N+](=O)[O-])c1,1,central,223
pretrain,train,COC(=O)C1=C(C)NC(C)=C(C(=O)OCCc2ccc(OCC3COC(C)(C)O3)cc2)C1c1cccc([N+](=O)[O-])c1,1,central,220
pretrain,train,COC(=O)C1=C(C)NC(C)=C(C(=O)O[C@@H]2CCN(Cc3ccccc3)C2)[C@@H]1c1cccc([N+](=O)[O-])c1,1,central,678
pretrain,train,COC(=O)C1=C(C)NC(C)=C(S(=O)(=O)c2ccc(OC)cc2)[C@@H]1c1ccccc1Cl,1,central,4905
pretrain,train,COC(=O)C1=C(C)NC(C)=C([N+](=O)[O-])[C@@H]1c1ccccc1C(F)(F)F,1,central,3130
pretrain,train,COC(=O)C1=C(C)NC(COC(C)=O)=C(C(=O)OC(C)C)[C@H]1c1cccc(Cl)c1Cl,1,central,1330
pretrain,train,COC(=O)C1=C([S@@](C)=O)CCC1,1,central,3844
pretrain,train,COC(=O)C1=CNC(=S)N[C@@H]1c1ccc(Br)cc1,1,central,1253
pretrain,train,COC(=O)C1=CNC(=S)N[C@@H]1c1ccc(Cl)cc1,1,central,1254
pretrain,train,COC(=O)C1=CNC(=S)N[C@@H]1c1ccc(NC(C)=O)cc1,1,central,1248
pretrain,train,COC(=O)C1=CNC(=S)N[C@@H]1c1ccccc1Cl,1,central,1256
pretrain,train,COC(=O)C1=CNC(=S)N[C@@H]1c1ccccc1[N+](=O)[O-],1,central,1251
pretrain,train,COC(=O)C1=CNC(=S)N[C@H]1c1cc(Br)ccc1O,1,central,1249
pretrain,train,COC(=O)C1=CNC(=S)N[C@H]1c1ccc(C)cc1,1,central,1252
pretrain,train,COC(=O)C1=CNC(=S)N[C@H]1c1cccc(Cl)c1,1,central,1255
pretrain,train,COC(=O)C1=CNC(=S)N[C@H]1c1cccc([N+](=O)[O-])c1,1,central,1250
pretrain,train,COC(=O)C1=CNC=C(C(=O)OCc2ccccn2)[C@H]1c1cccc(Cl)c1Cl,1,central,4329
pretrain,train,COC(=O)C1C(OC(=O)c2ccccc2)CC2CCC1N2C,1,central,5040
pretrain,train,COC(=O)C1[C@@H](c2ccccc2)[C@@H]1c1ccccc1,1,central,921
pretrain,train,COC(=O)CC/C=C\CCC1=C[C@@H](O)CC1=O,1,central,3215
pretrain,train,COC(=O)CC/C=C\CCC1=C[C@H](OC(C)=O)CC1=O,1,central,3216
pretrain,train,COC(=O)CC/C=C\CCC1=C[C@H](O[Si](C(C)C)(C(C)C)C(C)C)CC1=O,1,central,1790
pretrain,train,COC(=O)CC/C=C\CCC1=C[C@H](O[Si](C)(C)C(C)(C)C)CC1=O,1,central,1789
pretrain,train,COC(=O)CC/C=C\CCC1=C[C@H](O[Si](C)(c2ccccc2)c2ccccc2)CC1=O,1,central,1791
pretrain,train,COC(=O)CC/C=C\CC[C@H]1C(=O)C=C[C@@H]1O,1,central,62
pretrain,train,COC(=O)CC1=C(C)/C(=C/c2ccc([S@](C)=O)cc2)c2ccc(F)cc21,1,central,3385
pretrain,train,COC(=O)CCC#CCCC1=C[C@H](OC(C)=O)CC1=O,1,central,3212
pretrain,train,COC(=O)CCC/C=C\C/C=C\C/C=C\C/C=C\CCC[C@@H](C)OC(=O)c1cccc2ccccc12,1,central,3073
pretrain,train,COC(=O)CCC/C=C\CC1=C[C@@H](O)CC1=O,1,central,3209
pretrain,train,COC(=O)CCC/C=C\CC1=C[C@@H](OC(C)=O)CC1=O,1,central,3208
pretrain,train,COC(=O)CCC/C=C\C[C@H]1C2CCC(C2)[C@@H]1NS(=O)(=O)c1ccccc1,1,central,350
pretrain,train,COC(=O)CCCC#CCCCCCC[C@H](C)OC(=O)Nc1cc([N+](=O)[O-])cc([N+](=O)[O-])c1,1,central,3399
pretrain,train,COC(=O)CCCCCCC1=C[C@@H](O)CC1=O,1,central,3214
pretrain,train,COC(=O)CCCCCCC1=C[C@@H](OC(C)=O)CC1=O,1,central,3213
pretrain,train,COC(=O)CCCCCCC[C@@H](C)OC(=O)Nc1cc([N+](=O)[O-])cc([N+](=O)[O-])c1,1,central,4241
pretrain,train,COC(=O)CCC[C@@H](NC(=O)c1cc([N+](=O)[O-])cc([N+](=O)[O-])c1)C(=O)OC,1,central,5239
pretrain,train,COC(=O)CCNC(=O)[C@H](OC(=O)Nc1cc([N+](=O)[O-])cc([N+](=O)[O-])c1)C(C)(C)COC(=O)Nc1cc([N+](=O)[O-])cc([N+](=O)[O-])c1,1,central,4766
pretrain,train,COC(=O)CC[C@H](NC(=O)c1cc([N+](=O)[O-])cc([N+](=O)[O-])c1)C(=O)OC,1,central,1600
pretrain,train,COC(=O)CC[C@H](NC(=O)c1cc([N+](=O)[O-])cc([N+](=O)[O-])c1)c1ccccc1,1,central,4607
pretrain,train,COC(=O)CC[P@@](=O)(OCCO)c1ccccc1,1,central,4368
pretrain,train,COC(=O)CC[S@](=O)Cc1ccccc1,1,central,3843
pretrain,train,COC(=O)C[C@@H](C)Cl,1,central,4692
pretrain,train,COC(=O)C[C@@H](C)OC(=O)c1ccccc1,1,central,4342
pretrain,train,COC(=O)C[C@@H](C)OC(C)=O,1,central,4046
pretrain,train,COC(=O)C[C@@H](C)c1ccccc1,1,central,3891
pretrain,train,COC(=O)C[C@@H](CNC(=O)c1cc([N+](=O)[O-])cc([N+](=O)[O-])c1)c1ccc(Cl)cc1,1,central,1787
pretrain,train,COC(=O)C[C@@H](Cc1ccc(OC)c(OC)c1)C(=O)OC,1,central,3466
pretrain,train,COC(=O)C[C@@H](Cc1ccc(OCc2ccccc2)c(OC)c1)C(=O)OC,1,central,3467
pretrain,train,COC(=O)C[C@@H](Cc1ccc2c(c1)OCO2)C(=O)OC,1,central,3468
pretrain,train,COC(=O)C[C@@H](Cc1ccccc1)C(=O)OC,1,central,2644
pretrain,train,COC(=O)C[C@@H](NC(=O)Cc1cc2ccccc2c2ccccc12)C(=O)OC,1,central,2800
pretrain,train,COC(=O)C[C@@H](O)CNC(=O)c1cc([N+](=O)[O-])cc([N+](=O)[O-])c1,1,central,1785
pretrain,train,COC(=O)C[C@@H](OC(=O)Nc1cc([N+](=O)[O-])cc([N+](=O)[O-])c1)C(=O)OC,1,central,2312
pretrain,train,COC(=O)C[C@@H](OC(=O)Nc1ccccc1)C(=O)OC,1,central,3966
pretrain,train,COC(=O)C[C@@H]1C=CC(=O)O1,1,central,5372
pretrain,train,COC(=O)C[C@H](C)OS(=O)(=O)c1ccc(C)cc1,1,central,2097
pretrain,train,COC(=O)C[C@H](NC(=O)c1cc([N+](=O)[O-])cc([N+](=O)[O-])c1)C(=O)OC,1,central,1622
pretrain,train,COC(=O)C[C@H](NC(=O)c1cc([N+](=O)[O-])cc([N+](=O)[O-])c1)C(C)C,1,central,3824
pretrain,train,COC(=O)C[C@H](NC(=O)c1cc([N+](=O)[O-])cc([N+](=O)[O-])c1)C1CC=CCC1,1,central,4845
pretrain,train,COC(=O)C[C@H](OC(=O)c1cc([N+](=O)[O-])cc([N+](=O)[O-])c1)C(Cl)(Cl)Cl,1,central,4588
pretrain,train,COC(=O)C[C@H]1C=CC(=O)C1,1,central,2646
pretrain,train,COC(=O)C[C@H]1OC(=O)C=C1C,1,central,5371
pretrain,train,COC(=O)C[S@@](=O)c1ccccc1,1,central,3052
pretrain,train,COC(=O)N1C2C=C(O[Si](C)(C)C)CC1CCC2,1,central,5551
pretrain,train,COC(=O)N1C2CCC(=O)C1C(OC(C)=O)CC2,1,central,5541
pretrain,train,COC(=O)N1CC(=O)O[C@H]1c1ccc2ccccc2c1,1,central,5287
pretrain,train,COC(=O)N1CC(=O)O[C@H]1c1cccc2ccccc12,1,central,5441
pretrain,train,COC(=O)NCC[C@@]1(C)C(=O)N(C)c2ccc(OC)cc21,1,central,2389
pretrain,train,COC(=O)N[C@@H](c1cccc2ccccc12)C(C)C,1,central,3866
pretrain,train,COC(=O)N[C@H](C)c1cccc2ccccc12,1,central,3873
pretrain,train,COC(=O)N[C@H](c1cccc2cc(C)c(C)cc12)C(C)C,1,central,2702
pretrain,train,COC(=O)Nc1nc2cc([S@@](=O)c3ccc(F)cc3)ccc2[nH]1,1,central,2885
pretrain,train,COC(=O)Nc1nc2cc([S@](=O)c3ccccc3)ccc2[nH]1,1,central,2920
pretrain,train,COC(=O)O[C@H](c1ccccc1)[C@H](C)NC(=O)c1cc([N+](=O)[O-])cc([N+](=O)[O-])c1,1,central,5230
pretrain,train,COC(=O)[C@@H](C)CNC(=O)c1cc([N+](=O)[O-])cc([N+](=O)[O-])c1,1,central,3757
pretrain,train,COC(=O)[C@@H](C)COc1ccc(Cl)cc1,1,central,1977
pretrain,train,COC(=O)[C@@H](C)C[C@@](C)(CC1c2ccccc2-c2ccccc21)C(=O)OC,1,central,240
pretrain,train,COC(=O)[C@@H](C)C[C@](C)(CC1c2ccccc2-c2ccccc21)C(=O)OC,1,central,239
pretrain,train,COC(=O)[C@@H](C)NC(=O)[C@H](C)NC(=O)c1cc([N+](=O)[O-])cc([N+](=O)[O-])c1,1,central,620
pretrain,train,COC(=O)[C@@H](C)NC(=O)[C@H](CC(C)C)NC(=O)c1cc([N+](=O)[O-])cc([N+](=O)[O-])c1,1,central,581
pretrain,train,COC(=O)[C@@H](C)NC(=O)[C@H](NC(=O)c1cc([N+](=O)[O-])cc([N+](=O)[O-])c1)C(C)C,1,central,574
pretrain,train,COC(=O)[C@@H](C)NC(C)=O,1,central,2317
pretrain,train,COC(=O)[C@@H](C)O,1,central,3318
pretrain,train,COC(=O)[C@@H](C)OC(=O)Nc1cc([N+](=O)[O-])cc([N+](=O)[O-])c1,1,central,2313
pretrain,train,COC(=O)[C@@H](C)OC(=O)Nc1cccc2ccccc12,1,central,1625
pretrain,train,COC(=O)[C@@H](C)OC(=O)Nc1ccccc1,1,central,1624
pretrain,train,COC(=O)[C@@H](C)OC(=O)c1cc([N+](=O)[O-])cc([N+](=O)[O-])c1,1,central,4631
pretrain,train,COC(=O)[C@@H](C)OS(=O)(=O)c1ccc(C)cc1,1,central,2096
pretrain,train,COC(=O)[C@@H](C)Oc1cc(Cl)c(Cl)cc1Cl,1,central,2456
pretrain,train,COC(=O)[C@@H](C)Oc1ccc(Br)cc1,1,central,1809
pretrain,train,COC(=O)[C@@H](C)Oc1ccc(C)cc1,1,central,2459
pretrain,train,COC(=O)[C@@H](C)Oc1ccc(Cl)cc1,1,central,2458
pretrain,train,COC(=O)[C@@H](C)Oc1ccc(Cl)cc1C,1,central,2457
pretrain,train,COC(=O)[C@@H](C)Oc1ccc(F)cc1,1,central,1815
pretrain,train,COC(=O)[C@@H](C)Oc1ccc(OC)cc1,1,central,1818
pretrain,train,COC(=O)[C@@H](C)Oc1ccc(Oc2ccc(Cl)cn2)cc1,1,central,3900
pretrain,train,COC(=O)[C@@H](C)Oc1ccc(Oc2ccc(F)cc2)cc1,1,central,4321
pretrain,train,COC(=O)[C@@H](C)Oc1ccc(Oc2ccc([N+](=O)[O-])cc2)cc1,1,central,4322
pretrain,train,COC(=O)[C@@H](C)Oc1ccc(Oc2nc3ccc(Cl)cc3o2)cc1,1,central,2653
pretrain,train,COC(=O)[C@@H](C)Oc1ccc([N+](=O)[O-])cc1,1,central,2448
pretrain,train,COC(=O)[C@@H](C)Oc1ccc2ccccc2c1,1,central,2446
pretrain,train,COC(=O)[C@@H](C)Oc1cccc(C)c1,1,central,2460
pretrain,train,COC(=O)[C@@H](C)Oc1cccc(Cl)c1,1,central,2121
pretrain,train,COC(=O)[C@@H](C)Oc1cccc(OC)c1,1,central,2454
pretrain,train,COC(=O)[C@@H](C)Oc1cccc([N+](=O)[O-])c1,1,central,2449
pretrain,train,COC(=O)[C@@H](C)Oc1cccc2ccccc12,1,central,2447
pretrain,train,COC(=O)[C@@H](C)Oc1ccccc1,1,central,2461
pretrain,train,COC(=O)[C@@H](C)Oc1ccccc1C,1,central,2957
pretrain,train,COC(=O)[C@@H](C)Oc1ccccc1Cl,1,central,2123
pretrain,train,COC(=O)[C@@H](C)Oc1ccccc1OC,1,central,2455
pretrain,train,COC(=O)[C@@H](C)Oc1ccccc1[N+](=O)[O-],1,central,2450
pretrain,train,COC(=O)[C@@H](C)c1ccc(C(=O)c2cccs2)cc1,1,central,2124
pretrain,train,COC(=O)[C@@H](C)c1ccc2cc(OC)ccc2c1,1,central,1511
pretrain,train,COC(=O)[C@@H](CC(=O)O)NC(=O)c1cc([N+](=O)[O-])cc([N+](=O)[O-])c1,1,central,3972
pretrain,train,COC(=O)[C@@H](CC(C)C)NC(=O)Nc1ccccc1,1,central,3937
pretrain,train,COC(=O)[C@@H](CC(C)C)NC(=O)[C@H](C)NC(=O)c1cc([N+](=O)[O-])cc([N+](=O)[O-])c1,1,central,563
pretrain,train,COC(=O)[C@@H](CC(C)C)NC(=O)[C@H](CC(C)C)NC(=O)c1cc([N+](=O)[O-])cc([N+](=O)[O-])c1,1,central,577
pretrain,train,COC(=O)[C@@H](CC(C)C)NC(=O)[C@H](NC(=O)c1cc([N+](=O)[O-])cc([N+](=O)[O-])c1)C(C)C,1,central,570
pretrain,train,COC(=O)[C@@H](CC(C)C)NC(=O)c1cc([N+](=O)[O-])cc([N+](=O)[O-])c1,1,central,1381
pretrain,train,COC(=O)[C@@H](CC(C)C)NC(C)=O,1,central,2314
pretrain,train,COC(=O)[C@@H](CC(C)C)OC(=O)Nc1cc([N+](=O)[O-])cc([N+](=O)[O-])c1,1,central,4718
pretrain,train,COC(=O)[C@@H](CC(C)C)OC(=O)Nc1ccccc1,1,central,3965
pretrain,train,COC(=O)[C@@H](CCS)NC(=O)[C@@H](CC(C)C)NC(=O)c1cc([N+](=O)[O-])cc([N+](=O)[O-])c1,1,central,605
pretrain,train,COC(=O)[C@@H](CCSC)NC(=O)CNC(=O)[C@H](CC(C)C)NC(=O)c1cc([N+](=O)[O-])cc([N+](=O)[O-])c1,1,central,608
pretrain,train,COC(=O)[C@@H](CCSC)NC(=O)[C@H](C)NC(=O)c1cc([N+](=O)[O-])cc([N+](=O)[O-])c1,1,central,616
pretrain,train,COC(=O)[C@@H](CCSC)NC(=O)[C@H](CC(C)C)NC(=O)c1cc([N+](=O)[O-])cc([N+](=O)[O-])c1,1,central,615
pretrain,train,COC(=O)[C@@H](CCSC)NC(=O)c1cccc2ccccc12,1,central,1958
pretrain,train,COC(=O)[C@@H](CCSC)NC(=O)c1ccccc1,1,central,1957
pretrain,train,COC(=O)[C@@H](CCSC)NC(C)=O,1,central,1956
pretrain,train,COC(=O)[C@@H](CO)NC(=O)c1cc([N+](=O)[O-])cc([N+](=O)[O-])c1,1,central,2559
pretrain,train,COC(=O)[C@@H](COC(C)=O)OC(=O)c1cc([N+](=O)[O-])cc([N+](=O)[O-])c1,1,central,4630
pretrain,train,COC(=O)[C@@H](CSCc1ccccc1)NC(C)=O,1,central,2476
pretrain,train,COC(=O)[C@@H](Cc1c[nH]c2ccccc12)NC(=O)OCC1c2ccccc2-c2ccccc21,1,central,2506
pretrain,train,COC(=O)[C@@H](Cc1c[nH]c2ccccc12)NC(=O)c1cc([N+](=O)[O-])cc([N+](=O)[O-])c1,1,central,1593
pretrain,train,COC(=O)[C@@H](Cc1ccc(Cl)cc1)NC(=O)c1cc([N+](=O)[O-])cc([N+](=O)[O-])c1,1,central,2042
pretrain,train,COC(=O)[C@@H](Cc1ccc(O)cc1)NC(=O)Cc1cccc2ccccc12,1,central,2810
pretrain,train,COC(=O)[C@@H](Cc1ccc(O)cc1)NC(=O)Nc1cccc2ccccc12,1,central,2844
pretrain,train,COC(=O)[C@@H](Cc1ccc(O)cc1)NC(=O)c1cc([N+](=O)[O-])cc([N+](=O)[O-])c1,1,central,2560
pretrain,train,COC(=O)[C@@H](Cc1ccc(OC(=O)c2ccccc2)cc1)NC(=O)c1ccccc1,1,central,2571
pretrain,train,COC(=O)[C@@H](Cc1ccc(OC(C)=O)c(OC)c1)NC(=O)c1ccccc1,1,central,2569
pretrain,train,COC(=O)[C@@H](Cc1ccc(OC)c(OC)c1)NC(=O)c1ccccc1,1,central,-1
pretrain,train,COC(=O)[C@@H](Cc1ccccc1)CS(=O)(=O)C(C)C,1,central,2575
pretrain,train,COC(=O)[C@@H](Cc1ccccc1)NC(=O)CNC(=O)[C@H](CC(C)C)NC(=O)c1cc([N+](=O)[O-])cc([N+](=O)[O-])c1,1,central,610
pretrain,train,COC(=O)[C@@H](Cc1ccccc1)NC(=O)OCC1c2ccccc2-c2ccccc21,1,central,2505
pretrain,train,COC(=O)[C@@H](Cc1ccccc1)NC(=O)[C@@H](N)CC(=O)O,1,central,347
pretrain,train,COC(=O)[C@@H](Cc1ccccc1)NC(=O)[C@H](C)NC(=O)c1cc([N+](=O)[O-])cc([N+](=O)[O-])c1,1,central,562
pretrain,train,COC(=O)[C@@H](Cc1ccccc1)NC(=O)[C@H](CC(=O)OCc1ccccc1)NC(=O)OCc1ccccc1,1,central,171
pretrain,train,COC(=O)[C@@H](Cc1ccccc1)NC(=O)[C@H](CC(C)C)NC(=O)c1cc([N+](=O)[O-])cc([N+](=O)[O-])c1,1,central,576
pretrain,train,COC(=O)[C@@H](Cc1ccccc1)NC(=O)[C@H](N)CC(=O)O,1,central,348
pretrain,train,COC(=O)[C@@H](Cc1ccccc1)NC(=O)[C@H](NC(=O)c1cc([N+](=O)[O-])cc([N+](=O)[O-])c1)C(C)C,1,central,567
pretrain,train,COC(=O)[C@@H](Cc1ccccc1)NC(=O)[C@H]1CC[C@H](C(C)C)CC1,1,central,938
pretrain,train,COC(=O)[C@@H](Cc1ccccc1)Nc1ccc2ccccc2c1,1,central,2512
pretrain,train,COC(=O)[C@@H](Cc1ccccc1)OC(=O)Nc1ccccc1,1,central,3967
pretrain,train,COC(=O)[C@@H](Cl)c1ccc2c(c1)OC(C)(C)O2,1,central,2226
pretrain,train,COC(=O)[C@@H](N)Cc1c[nH]c2ccccc12,1,central,5452
pretrain,train,COC(=O)[C@@H](N)Cc1ccccc1,1,central,3042
pretrain,train,COC(=O)[C@@H](NC(=O)C(F)(F)F)C(C)C,1,central,4999
pretrain,train,COC(=O)[C@@H](NC(=O)Cc1cc2ccccc2c2ccccc12)C(C)C,1,central,2801
pretrain,train,COC(=O)[C@@H](NC(=O)Cc1cccc2ccccc12)C(C)C,1,central,2813
pretrain,train,COC(=O)[C@@H](NC(=O)Nc1ccccc1)C(C)C,1,central,2215
pretrain,train,COC(=O)[C@@H](NC(=O)Nc1ccccc1)c1ccccc1,1,central,4113
pretrain,train,COC(=O)[C@@H](NC(=O)[C@@H](C)NC(=O)c1cc([N+](=O)[O-])cc([N+](=O)[O-])c1)C(C)C,1,central,565
pretrain,train,COC(=O)[C@@H](NC(=O)[C@@H](CC(C)C)NC(=O)c1cc([N+](=O)[O-])cc([N+](=O)[O-])c1)C(C)C,1,central,580
pretrain,train,COC(=O)[C@@H](NC(=O)[C@H](NC(=O)c1cc([N+](=O)[O-])cc([N+](=O)[O-])c1)C(C)C)C(C)C,1,central,572
pretrain,train,COC(=O)[C@@H](NC(=O)[C@H](NC(=O)c1cc([N+](=O)[O-])cc([N+](=O)[O-])c1)c1ccccc1)C(C)C,1,central,558
pretrain,train,COC(=O)[C@@H](NC(=O)c1cc([N+](=O)[O-])cc([N+](=O)[O-])c1)C(C)(C)C,1,central,3814
pretrain,train,COC(=O)[C@@H](NC(=O)c1cc([N+](=O)[O-])cc([N+](=O)[O-])c1)c1cccc2ccccc12,1,central,3812
pretrain,train,COC(=O)[C@@H](NC(=O)c1cc([N+](=O)[O-])cc([N+](=O)[O-])c1)c1ccccc1,1,central,1401
pretrain,train,COC(=O)[C@@H](NC(=O)c1ccccc1)[C@@H](C)O,1,central,405
pretrain,train,COC(=O)[C@@H](NC(C)=O)C(C)C,1,central,160
pretrain,train,COC(=O)[C@@H](NCc1ccccc1)C(C)C,1,central,5237
pretrain,train,COC(=O)[C@@H](Nc1ccc2ccccc2c1)C(C)C,1,central,2894
pretrain,train,COC(=O)[C@@H](Nc1ccc2ccccc2c1)c1ccccc1,1,central,3648
pretrain,train,COC(=O)[C@@H](Nc1cccc2ccccc12)C(C)C,1,central,2895
pretrain,train,COC(=O)[C@@H](O)c1ccccc1,1,central,2584
pretrain,train,COC(=O)[C@@H](OC(C)=O)c1ccccc1,1,central,3622
pretrain,train,COC(=O)[C@@H](ON1C(=O)c2ccccc2C1=O)c1ccc2c(c1)OC(C)(C)O2,1,central,2225
pretrain,train,COC(=O)[C@@H](SP(=S)(OC)OC)c1ccccc1,1,central,5214
pretrain,train,COC(=O)[C@@H]([NH3+])Cc1ccc(O)cc1.OCl,1,central,-1
pretrain,train,COC(=O)[C@@H]([NH3+])Cc1ccccc1.OCl,1,central,-1
pretrain,train,COC(=O)[C@@H]([NH3+])c1ccc(Cl)cc1,1,central,-1
pretrain,train,COC(=O)[C@@H]([NH3+])c1ccc(Cl)cc1.OCl,1,central,-1
pretrain,train,COC(=O)[C@@H]([NH3+])c1ccc(O)cc1.OCl,1,central,-1
pretrain,train,COC(=O)[C@@H]([NH3+])c1ccccc1,1,central,-1
pretrain,train,COC(=O)[C@@H]([NH3+])c1ccccc1.OCl,1,central,-1
pretrain,train,COC(=O)[C@@H](c1ccccc1Cl)N1CCc2sccc2C1,1,central,3797
pretrain,train,COC(=O)[C@@H]1CCCN1C(=O)Cc1cccc2ccccc12,1,central,2809
pretrain,train,COC(=O)[C@@H]1CCCN1C(=O)OCC1c2ccccc2-c2ccccc21,1,central,2504
pretrain,train,COC(=O)[C@@H]1COc2ccccc2O1,1,central,2127
pretrain,train,COC(=O)[C@@H]1NC(C)(C)S[C@H]1c1ccccc1,1,central,732
pretrain,train,COC(=O)[C@@H]1OC(C)(C)O[C@H]1C(=O)OC,1,central,412
pretrain,train,COC(=O)[C@@H]1O[C@H]1c1ccc(OC)cc1,1,central,232
pretrain,train,COC(=O)[C@@](C)(C#N)c1ccccc1,1,central,3726
pretrain,train,COC(=O)[C@@](O)(c1ccccc1)[C@@](O)(C(=O)OC)c1ccccc1,1,central,212
pretrain,train,COC(=O)[C@@]1(C)CCCc2c1ccc1c2C(=O)C(=O)c2c(C)coc2-1,1,central,3164
pretrain,train,COC(=O)[C@@]1(C)NCCc2c1[nH]c1ccccc21,1,central,3928
pretrain,train,COC(=O)[C@@]1(CCCCCc2ccc(Cl)cc2)CO1,1,central,4915
pretrain,train,COC(=O)[C@H](C#N)c1ccc(C)cc1,1,central,4208
pretrain,train,COC(=O)[C@H](C)N1c2ccccc2C2C=CC=CC21,1,central,2299
pretrain,train,COC(=O)[C@H](C)NC(=O)C(F)(F)F,1,central,5001
pretrain,train,COC(=O)[C@H](C)NC(=O)Nc1ccccc1,1,central,2214
pretrain,train,COC(=O)[C@H](C)NC(=O)[C@@H](NC(=O)c1cc([N+](=O)[O-])cc([N+](=O)[O-])c1)c1ccccc1,1,central,560
pretrain,train,COC(=O)[C@H](C)NC(=O)[C@H](C)NC(=O)c1cc([N+](=O)[O-])cc([N+](=O)[O-])c1,1,central,621
pretrain,train,COC(=O)[C@H](C)NC(=O)[C@H](CC(C)C)NC(=O)c1cc([N+](=O)[O-])cc([N+](=O)[O-])c1,1,central,582
pretrain,train,COC(=O)[C@H](C)NC(=O)[C@H](NC(=O)c1cc([N+](=O)[O-])cc([N+](=O)[O-])c1)C(C)C,1,central,573
pretrain,train,COC(=O)[C@H](C)NC(=O)[C@H](NC(=O)c1cc([N+](=O)[O-])cc([N+](=O)[O-])c1)c1ccccc1,1,central,559
pretrain,train,COC(=O)[C@H](C)NC(=O)c1cc([N+](=O)[O-])cc([N+](=O)[O-])c1,1,central,1592
pretrain,train,COC(=O)[C@H](C)NC(=O)c1ccccc1,1,central,2574
pretrain,train,COC(=O)[C@H](C)Oc1ccc(C(=O)c2ccccc2)cc1,1,central,2943
pretrain,train,COC(=O)[C@H](C)Oc1ccc(Cc2ccccc2)cc1,1,central,2947
pretrain,train,COC(=O)[C@H](C)Oc1ccc(Cl)cc1Cl,1,central,2107
pretrain,train,COC(=O)[C@H](C)Oc1ccc(O)cc1,1,central,2081
pretrain,train,COC(=O)[C@H](C)Oc1ccc(Oc2ccc(Cl)cc2)cc1,1,central,4320
pretrain,train,COC(=O)[C@H](C)Oc1ccc(Oc2ccc(Cl)cc2Cl)cc1,1,central,2654
pretrain,train,COC(=O)[C@H](C)Oc1ccc(Oc2ccccc2)cc1,1,central,2945
pretrain,train,COC(=O)[C@H](C)Oc1cccc(C(=O)c2ccccc2)c1,1,central,2941
pretrain,train,COC(=O)[C@H](C)[C@@H](O)c1ccccc1,1,central,647
pretrain,train,COC(=O)[C@H](C)c1ccc(-c2ccccc2)c(F)c1,1,central,5216
pretrain,train,COC(=O)[C@H](C)c1ccc(C(=O)c2ccccc2)s1,1,central,3901
pretrain,train,COC(=O)[C@H](C)c1ccccc1,1,central,5213
pretrain,train,COC(=O)[C@H](CC(C)C)NC(=O)C(F)(F)F,1,central,5000
pretrain,train,COC(=O)[C@H](CC(C)C)NC(=O)[C@@H](CC(C)C)NC(=O)OCc1ccccc1,1,central,165
pretrain,train,COC(=O)[C@H](CC(C)C)NC(=O)[C@@H](NC(=O)c1cc([N+](=O)[O-])cc([N+](=O)[O-])c1)c1ccccc1,1,central,556
pretrain,train,COC(=O)[C@H](CC(C)C)NC(=O)[C@H](C)NC(=O)c1cc([N+](=O)[O-])cc([N+](=O)[O-])c1,1,central,564
pretrain,train,COC(=O)[C@H](CC(C)C)NC(=O)[C@H](CC(C)C)NC(=O)OCc1ccccc1,1,central,166
pretrain,train,COC(=O)[C@H](CC(C)C)NC(=O)[C@H](CC(C)C)NC(=O)c1cc([N+](=O)[O-])cc([N+](=O)[O-])c1,1,central,578
pretrain,train,COC(=O)[C@H](CC(C)C)NC(=O)[C@H](NC(=O)c1cc([N+](=O)[O-])cc([N+](=O)[O-])c1)C(C)C,1,central,569
pretrain,train,COC(=O)[C@H](CC(C)C)NC(=O)[C@H](NC(=O)c1cc([N+](=O)[O-])cc([N+](=O)[O-])c1)c1ccccc1,1,central,555
pretrain,train,COC(=O)[C@H](CCCCNC(=O)c1cc([N+](=O)[O-])cc([N+](=O)[O-])c1)NC(=O)c1cc([N+](=O)[O-])cc([N+](=O)[O-])c1,1,central,1623
pretrain,train,COC(=O)[C@H](CCSC)NC(=O)CNC(=O)[C@H](CC(C)C)NC(=O)c1cc([N+](=O)[O-])cc([N+](=O)[O-])c1,1,central,609
pretrain,train,COC(=O)[C@H](CCSC)NC(=O)[C@@H](NC(=O)c1cc([N+](=O)[O-])cc([N+](=O)[O-])c1)c1ccccc1,1,central,617
pretrain,train,COC(=O)[C@H](CCSC)NC(=O)[C@H](C)NC(=O)c1cc([N+](=O)[O-])cc([N+](=O)[O-])c1,1,central,619
pretrain,train,COC(=O)[C@H](CCSC)NC(=O)[C@H](CC(C)C)NC(=O)c1cc([N+](=O)[O-])cc([N+](=O)[O-])c1,1,central,618
pretrain,train,COC(=O)[C@H](CCSC)NC(=O)[C@H](NC(=O)c1cc([N+](=O)[O-])cc([N+](=O)[O-])c1)c1ccccc1,1,central,614
pretrain,train,COC(=O)[C@H](CCSC)NC(=O)c1cc([N+](=O)[O-])cc([N+](=O)[O-])c1,1,central,1959
pretrain,train,COC(=O)[C@H](CCc1ccccc1)NC(=O)[C@@H](NC(=O)c1cc([N+](=O)[O-])cc([N+](=O)[O-])c1)c1ccccc1,1,central,613
pretrain,train,COC(=O)[C@H](CCc1ccccc1)NC(=O)[C@H](NC(=O)c1cc([N+](=O)[O-])cc([N+](=O)[O-])c1)c1ccccc1,1,central,612
pretrain,train,COC(=O)[C@H](CO)c1ccccc1,1,central,5456
pretrain,train,COC(=O)[C@H](Cc1c[nH]c2ccccc12)NC(=O)OCc1ccccc1,1,central,2503
pretrain,train,COC(=O)[C@H](Cc1ccc(F)cc1)NC(=O)c1cc([N+](=O)[O-])cc([N+](=O)[O-])c1,1,central,3813
pretrain,train,COC(=O)[C@H](Cc1ccc(O)cc1)NC(=O)Cc1cc2ccccc2c2ccccc12,1,central,2797
pretrain,train,COC(=O)[C@H](Cc1ccccc1)NC(=O)CNC(=O)[C@H](CC(C)C)NC(=O)c1cc([N+](=O)[O-])cc([N+](=O)[O-])c1,1,central,611
pretrain,train,COC(=O)[C@H](Cc1ccccc1)NC(=O)Nc1ccccc1,1,central,2213
pretrain,train,COC(=O)[C@H](Cc1ccccc1)NC(=O)[C@@H](NC(=O)c1cc([N+](=O)[O-])cc([N+](=O)[O-])c1)c1ccccc1,1,central,553
pretrain,train,COC(=O)[C@H](Cc1ccccc1)NC(=O)[C@H](C)NC(=O)c1cc([N+](=O)[O-])cc([N+](=O)[O-])c1,1,central,561
pretrain,train,COC(=O)[C@H](Cc1ccccc1)NC(=O)[C@H](CC(=O)OCc1ccccc1)NC(=O)OCc1ccccc1,1,central,172
pretrain,train,COC(=O)[C@H](Cc1ccccc1)NC(=O)[C@H](CC(C)C)NC(=O)c1cc([N+](=O)[O-])cc([N+](=O)[O-])c1,1,central,575
pretrain,train,COC(=O)[C@H](Cc1ccccc1)NC(=O)[C@H](Cc1ccccc1)NC(=O)OCc1ccccc1,1,central,167
pretrain,train,COC(=O)[C@H](Cc1ccccc1)NC(=O)[C@H](NC(=O)c1cc([N+](=O)[O-])cc([N+](=O)[O-])c1)C(C)C,1,central,568
pretrain,train,COC(=O)[C@H](Cc1ccccc1)NC(=O)[C@H](NC(=O)c1cc([N+](=O)[O-])cc([N+](=O)[O-])c1)c1ccccc1,1,central,554
pretrain,train,COC(=O)[C@H](Cc1ccccc1)NC(=O)c1cc([N+](=O)[O-])cc([N+](=O)[O-])c1,1,central,1619
pretrain,train,COC(=O)[C@H](Cc1ccccc1)NC(=O)c1cccc2ccccc12,1,central,3511
pretrain,train,COC(=O)[C@H](Cc1ccccc1)NC(C)=O,1,central,2315
pretrain,train,COC(=O)[C@H](Cc1ccccc1)[C@@H](Cc1ccccc1)C(=O)OC,1,central,183
pretrain,train,COC(=O)[C@H](N)Cc1c[nH]cn1,1,central,2134
pretrain,train,COC(=O)[C@H](N)Cc1ccc(O)cc1,1,central,5304
pretrain,train,COC(=O)[C@H](NC(=O)[C@@H](C)NC(=O)c1cc([N+](=O)[O-])cc([N+](=O)[O-])c1)C(C)C,1,central,566
pretrain,train,COC(=O)[C@H](NC(=O)[C@@H](CC(C)C)NC(=O)c1cc([N+](=O)[O-])cc([N+](=O)[O-])c1)C(C)C,1,central,579
pretrain,train,COC(=O)[C@H](NC(=O)[C@H](NC(=O)c1cc([N+](=O)[O-])cc([N+](=O)[O-])c1)C(C)C)C(C)C,1,central,571
pretrain,train,COC(=O)[C@H](NC(=O)[C@H](NC(=O)c1cc([N+](=O)[O-])cc([N+](=O)[O-])c1)c1ccccc1)C(C)C,1,central,557
pretrain,train,COC(=O)[C@H](NC(=O)c1cc([N+](=O)[O-])cc([N+](=O)[O-])c1)C(C)C,1,central,1587
pretrain,train,COC(=O)[C@H](NC(=O)c1cc([N+](=O)[O-])cc([N+](=O)[O-])c1)[C@@H](C)O,1,central,408
pretrain,train,COC(=O)[C@H](NC(=O)c1cc([N+](=O)[O-])cc([N+](=O)[O-])c1)[C@H](C)O,1,central,169
pretrain,train,COC(=O)[C@H](NC(=O)c1ccccc1)C(C)C,1,central,2572
pretrain,train,COC(=O)[C@H](NC(C)=O)c1ccccc1,1,central,2316
pretrain,train,COC(=O)[C@H](O)Cc1ccccc1,1,central,5455
pretrain,train,COC(=O)[C@H](O)[C@@H](O)c1ccccc1,1,central,48
pretrain,train,COC(=O)[C@H](O)c1ccc(C)cc1,1,central,5460
pretrain,train,COC(=O)[C@H](O)c1ccc(Cl)cc1,1,central,5462
pretrain,train,COC(=O)[C@H](O)c1ccc(OC)cc1,1,central,5458
pretrain,train,COC(=O)[C@H](O)c1cccc2ccccc12,1,central,5114
pretrain,train,COC(=O)[C@H](O)c1ccccc1C,1,central,5459
pretrain,train,COC(=O)[C@H](O)c1ccccc1Cl,1,central,5461
pretrain,train,COC(=O)[C@H](OC(=O)Nc1cc([N+](=O)[O-])cc([N+](=O)[O-])c1)c1ccccc1,1,central,1609
pretrain,train,COC(=O)[C@H](OC(=O)Nc1cccc2ccccc12)c1ccccc1,1,central,1457
pretrain,train,COC(=O)[C@H](OC(=O)Nc1ccccc1)c1ccccc1,1,central,1447
pretrain,train,COC(=O)[C@H](OC(=O)c1cc([N+](=O)[O-])cc([N+](=O)[O-])c1)C(Cl)(Cl)Cl,1,central,4632
pretrain,train,COC(=O)[C@H](OC(=O)c1cc([N+](=O)[O-])cc([N+](=O)[O-])c1)c1cc(C)ccc1C,1,central,4633
pretrain,train,COC(=O)[C@H](OC(=O)c1cc([N+](=O)[O-])cc([N+](=O)[O-])c1)c1ccccc1,1,central,1627
pretrain,train,COC(=O)[C@H](OC(=O)c1ccccc1)[C@@H](OC(=O)c1ccccc1)C(=O)OC,1,central,599
pretrain,train,COC(=O)[C@H](OC)c1ccccc1,1,central,5457
pretrain,train,COC(=O)[C@H](ON1C(=O)c2ccccc2C1=O)c1ccccc1,1,central,2764
pretrain,train,COC(=O)[C@H](Oc1ccc(Cl)cc1)C(C)C,1,central,1812
pretrain,train,COC(=O)[C@H](Oc1ccc(Cl)cc1)c1ccccc1,1,central,1810
pretrain,train,COC(=O)[C@H]([NH3+])Cc1ccc(F)cc1.OCl,1,central,-1
pretrain,train,COC(=O)[C@H](c1ccccc1)C1CCCCN1,1,central,594
pretrain,train,COC(=O)[C@H](c1ccccc1)[C@@H]1CCCCN1C(=O)c1ccccc1,1,central,535
pretrain,train,COC(=O)[C@H](c1ccccc1)[C@H](C(=O)OC)c1ccccc1,1,central,328
pretrain,train,COC(=O)[C@H]1C(OC(=O)c2ccccc2)CC2CCC1N2C,1,central,622
pretrain,train,COC(=O)[C@H]1CCCN1C(=O)Nc1cc([N+](=O)[O-])cc([N+](=O)[O-])c1,1,central,1621
pretrain,train,COC(=O)[C@H]1CCCN1C(=O)Nc1ccccc1,1,central,3933
pretrain,train,COC(=O)[C@H]1CCCN1C(=O)c1cc([N+](=O)[O-])cc([N+](=O)[O-])c1,1,central,1594
pretrain,train,COC(=O)[C@H]1CCc2cc(F)ccc2O1,1,central,2130
pretrain,train,COC(=O)[C@H]1C[C@@H]1c1ccccc1,1,central,488
pretrain,train,COC(=O)[C@H]1N(S(=O)(=O)c2ccc(C)cc2)c2ccc(Cl)cc2[C@@]1(O)c1ccccc1Cl,1,central,81
pretrain,train,COC(=O)[C@H]1NC(C)(C)S[C@H]1c1ccccc1,1,central,731
pretrain,train,COC(=O)[C@H]1OC(C)(C)O[C@@H]1Sc1ccccn1,1,central,823
pretrain,train,COC(=O)[C@H]1O[C@@H]1COC(=O)Nc1cccc2ccccc12,1,central,86
pretrain,train,COC(=O)[C@](C)(Cc1ccc(O)cc1)NC(=O)c1cc([N+](=O)[O-])cc([N+](=O)[O-])c1,1,central,2041
pretrain,train,COC(=O)[C@](C)(Cc1cccc(O)c1)NC(=O)c1cc([N+](=O)[O-])cc([N+](=O)[O-])c1,1,central,2040
pretrain,train,COC(=O)[C@](C)(O)c1ccccc1,1,central,3593
pretrain,train,COC(=O)[C@](C)(OC(C)=O)c1ccccc1,1,central,3613
pretrain,train,COC(=O)[C@](O)(c1ccsc1)C1CCCCC1,1,central,4284
pretrain,train,COC(=O)[C@]1(C)CO1,1,central,4920
pretrain,train,COC(=O)[C@]1(C)Cc2ccccc2C1=O,1,central,4763
pretrain,train,COC(=O)[C@]1(Cc2ccc3ccccc3c2)CCCCCc2nnnn21,1,central,2408
pretrain,train,COC(=O)[C@]1(Cc2cccc(Cl)c2)CCCCCc2nnnn21,1,central,2407
pretrain,train,COC(=O)[C@]1(Cc2ccccc2)CCCCCC1=O,1,central,2410
pretrain,train,COC(=O)[C@]1(Cc2ccccc2)CCCCCc2nnnn21,1,central,2409
pretrain,train,COC(=O)[C]1[CH][CH][CH][CH][C]1C.[C-]#[O+].[C-]#[O+].[C-]#[O+].[Cr],4,planar,-1
pretrain,train,COC(=O)[C]1[CH][CH][CH][CH][C]1C.[C-]#[O+].[C-]#[O+].[C-]#[O+].[Mn],4,planar,-1
pretrain,train,COC(=O)[C]1[CH][CH][CH][CH][C]1c1ccccc1C(=O)OC.[C-]#[O+].[C-]#[O+].[C-]#[O+].[Cr],2,axial,-1
pretrain,train,COC(=O)[C]1[CH][CH][CH][C](C)[CH]1.[C-]#[O+].[C-]#[O+].[C-]#[O+].[Cr],4,planar,-1
pretrain,train,COC(=O)[C]1[CH][CH][CH][C](C)[CH]1.[C-]#[O+].[C-]#[O+].[C-]#[O+].[Mn],4,planar,-1
pretrain,train,COC(=O)[C]1[CH][CH][CH][C]1C.[CH]1[CH][CH][CH][CH]1.[Fe],4,planar,-1
pretrain,train,COC(=O)[C]1[CH][CH][C](C)[CH]1.[CH]1[CH][CH][CH][CH]1.[Fe],4,planar,-1
pretrain,train,COC(=O)c1c(C)nc(C)c(C(=O)O[C@H]2CCN(Cc3ccccc3)C2)c1-c1cccc([N+](=O)[O-])c1,2,axial,1157
pretrain,train,COC(=O)c1c2cccc1CN(S(=O)(=O)c1ccc(C)cc1)c1cccc(c1)SC2,4,planar,5617
pretrain,train,COC(=O)c1cc(C(=O)N[C@@H](C)c2ccccc2)cc([N+](=O)[O-])c1,1,central,4360
pretrain,train,COC(=O)c1cc2[nH]c([S@@](=O)Cc3ncc(C)c(OC)c3C)nc2cc1C,1,central,5146
pretrain,train,COC(=O)c1cc2[nH]c([S@@](=O)Cc3ncccc3C)nc2cc1C,1,central,5147
pretrain,train,COC(=O)c1ccc(/[S@](C)=N/S(=O)(=O)c2ccc(C)cc2)cc1OC,1,central,5363
pretrain,train,COC(=O)c1ccc(O[C@H](C)C(=O)OC)cc1,1,central,2451
pretrain,train,COC(=O)c1ccc([C@H]([NH3+])C(=O)OC)cc1,1,central,-1
pretrain,train,COC(=O)c1ccc([C@H]([NH3+])C(=O)OC)cc1.OCl,1,central,-1
pretrain,train,COC(=O)c1ccc([S@@](C)(=O)=NS(=O)(=O)c2ccc(C)cc2)cc1OC,1,central,5362
pretrain,train,COC(=O)c1ccc([S@](C)=O)cc1,1,central,5427
pretrain,train,COC(=O)c1ccc([Se](=O)c2c(C(C)(C)C)cc(C(C)(C)C)cc2C(C)(C)C)cc1,1,central,5145
pretrain,train,COC(=O)c1ccc([Se](=O)c2c(C(C)C)cc(C(C)C)cc2C(C)C)cc1,1,central,5144
pretrain,train,COC(=O)c1ccc2c(c1)CC1(C2)Cc2ccc(C(=O)OC)cc2C1,2,axial,1131
pretrain,train,COC(=O)c1ccc2cc1CCc1cc(ccc1C(=O)OC)CC2,4,planar,5626
pretrain,train,COC(=O)c1ccc2cc1CCc1cccc(c1)CC2,4,planar,5627
pretrain,train,COC(=O)c1ccc2ccccc2c1-c1c(C(=O)OC)ccc2ccccc12,2,axial,1101
pretrain,train,COC(=O)c1ccc2ccccc2c1-c1c(OC)ccc2ccccc12,2,axial,1099
pretrain,train,COC(=O)c1cccc(C)c1-c1c(C)cccc1C(=O)OC,2,axial,998
pretrain,train,COC(=O)c1cccc(O[C@H](C)C(=O)OC)c1,1,central,2452
pretrain,train,COC(=O)c1ccccc1-n1c2nc(=O)n(C)c(=O)c-2nc2ccccc21,2,axial,1082
pretrain,train,COC(=O)c1ccccc1O[C@H](C)C(=O)OC,1,central,2453
pretrain,train,COC(=O)c1ccccc1[S@@](C)=O,1,central,3845
pretrain,train,COC(=O)c1ccnc(C[S@@](=O)c2nc3cc(OC)ccc3[nH]2)c1,1,central,2634
pretrain,train,COC(=O)c1cn2c3c(c(N4CCN(C)CC4)c(F)cc3c1=O)OC[C@H]2C,1,central,3379
pretrain,train,COC(C[Se](=O)c1ccccc1)(c1ccccc1)c1ccccc1,1,central,5422
pretrain,train,COC(c1ccccc1)(c1ccccc1)[C@@H]1CCCN1,1,central,5935
pretrain,train,COC12C=C(C)C(C)(CC1)CC2=O,1,central,5543
pretrain,train,COC12C=CC(C)(CC1)CC2=O,1,central,5544
pretrain,train,COC12C=CC(CC1)CC2=O,1,central,5545
pretrain,train,COC12CCC(C=CC1=O)C2,1,central,5542
pretrain,train,COC1=CC(=O)O[C@@H](/C=C/c2ccccc2)C1,1,central,3734
pretrain,train,COCC(=O)N(c1c(C)ccc(Cl)c1C)[C@H]1CCOC1=O,2,axial,1155
pretrain,train,COCC(=O)N(c1c(C)cccc1C)[C@H]1CCOC1=O,1,central,2507
pretrain,train,COCCOC(=O)C1=C(C)NC(C)=C(C(=O)OC(C)C)[C@H]1c1cccc([N+](=O)[O-])c1,1,central,3139
pretrain,train,COCCOC(=O)[C@H]1O[C@@H]1COC(=O)Nc1cccc2ccccc12,1,central,89
pretrain,train,COCCOCOc1c(C)c(C)c2c(c1C)CCC(C)(CCCC(C)CCCC(C)CCCC(C)C)O2,1,central,858
pretrain,train,COCCOC[C@@H](Cc1ccccc1)NC(=O)c1cc([N+](=O)[O-])cc([N+](=O)[O-])c1,1,central,4593
pretrain,train,COCCOc1ccc(OC[C@@H](O)CNC(C)C)cc1,1,central,1196
pretrain,train,COCC[C@H](C)c1ccccc1,1,central,2624
pretrain,train,COCC[S@](=O)c1ccccc1,1,central,4278
pretrain,train,COCCc1ccc(OC[C@@H](O)CCCNC(C)C)cc1,1,central,1205
pretrain,train,COCCc1ccc(OC[C@@H](O)CCNC(C)C)cc1,1,central,1206
pretrain,train,COCCc1ccc(OC[C@@H](O)CN(C(=O)Nc2ccccc2)C(C)C)cc1,1,central,2679
pretrain,train,COCCc1ccc(OC[C@@H](O)CN(C(=O)c2cccc3ccccc23)C(C)C)cc1,1,central,1456
pretrain,train,COCCc1ccc(OC[C@@H](O)CNCCc2ccc(C(N)=O)cc2)c(Br)c1,1,central,1166
pretrain,train,COCCc1ccc(OC[C@H](CN(C(=O)c2cc([N+](=O)[O-])cc([N+](=O)[O-])c2)C(C)C)OC(=O)c2cc([N+](=O)[O-])cc([N+](=O)[O-])c2)cc1,1,central,2038
pretrain,train,COCCc1ccc(OC[C@H](O)CN)cc1,1,central,1193
pretrain,train,COCCc1ccc(OC[C@H](O)CNC(C)(C)C)cc1,1,central,5054
pretrain,train,COCCc1ccc(OC[C@H](O)CNC(C)C)cc1,1,central,1654
pretrain,train,COCCc1ccc(OC[C@H]2CN(C(C)C)C(=O)O2)cc1,1,central,1216
pretrain,train,COCOCC[S@@](=O)c1ccccc1,1,central,4274
pretrain,train,COCOC[C@@H](CO)Cc1cccc2ccccc12,1,central,3470
pretrain,train,COCOC[C@@H](CO)Cc1ccccc1,1,central,3469
pretrain,train,COCO[C@H](COC(=O)c1ccccc1)[C@@H]1C[C@H](C)OC(C)(C)O1,1,central,934
pretrain,train,COCOc1c(B2OC(C)(C)C(C)(C)O2)cc2ccccc2c1-c1c(OCOC)c(B2OC(C)(C)C(C)(C)O2)cc2ccccc12,2,axial,6321
pretrain,train,COCOc1c(Br)cc2ccccc2c1-c1c(OCOC)c(Br)cc2ccccc12,2,axial,6327
pretrain,train,COCOc1c(C)c(C)c2c(c1C)CCC(C)(CCCC(C)CCCC(C)CCCC(C)C)O2,1,central,857
pretrain,train,COCOc1c(I)cc2ccccc2c1-c1c(OCOC)c(I)cc2ccccc12,2,axial,6329
pretrain,train,COCOc1c(I)ccc2c1C1(CC2)CCc2ccc(I)c(OCOC)c21,2,axial,6339
pretrain,train,COCOc1cc(OCOC)c(C(=O)[C@@H]2O[C@H]2c2cc(OCOC)c(OCOC)c(OCOC)c2)c(OCOC)c1,1,central,723
pretrain,train,COCOc1cc(OCOC)c(C(=O)[C@H]2O[C@@H]2c2ccc(OCOC)c(OCOC)c2)c(OCOC)c1,1,central,724
pretrain,train,COCOc1ccc(C(=O)[C@@H]2O[C@H]2c2ccc(OCOC)c(OCOC)c2)c(OCOC)c1,1,central,727
pretrain,train,COCOc1ccc([C@@H]2O[C@H]2C(=O)c2c(OCOC)cc(OC)cc2OCOC)cc1OCOC,1,central,725
pretrain,train,COCOc1ccc([C@H]2O[C@@H]2C(=O)c2c(OCOC)cc(OCOC)cc2OCOC)cc1,1,central,726
pretrain,train,COCOc1ccc([C@H]2O[C@@H]2C(=O)c2ccc(OCOC)cc2OCOC)cc1,1,central,728
pretrain,train,COCOc1ccc2c(c1)OC[C@@H]1c3ccc(OC)cc3O[C@H]21,1,central,370
pretrain,train,COCOc1ccc2c(c1)OC[C@H](c1ccc3c(c1)OCO3)C2=O,1,central,1289
pretrain,train,COCOc1ccc2c(c1)OC[C@H](c1ccccc1)C2=O,1,central,1297
pretrain,train,COCOc1ccc2cc(Br)ccc2c1-c1c(OCOC)ccc2cc(Br)ccc12,2,axial,6313
pretrain,train,COCOc1ccc2ccccc2c1-c1c(OCOC)ccc2ccccc12,2,axial,6337
pretrain,train,COCOc1ccccc1C(=O)[C@H]1O[C@@H]1c1ccccc1,1,central,729
pretrain,train,COC[C@@H](C)NC(=O)c1cc([N+](=O)[O-])cc([N+](=O)[O-])c1,1,central,2053
pretrain,train,COC[C@@H]1CCCN1,1,central,5947
pretrain,train,COC[C@@]1(C)Cc2ccccc2[S@@]1=O,1,central,706
pretrain,train,COC[C@H](C)OC(=O)Nc1cc([N+](=O)[O-])cc([N+](=O)[O-])c1,1,central,1634
pretrain,train,COC[C@H](Cn1ccnc1[N+](=O)[O-])OC(=O)c1cccc2ccccc12,1,central,3671
pretrain,train,COC[C@H]1CCCN1,1,central,5976
pretrain,train,COC[C@]1(C)Cc2ccccc2[S@@]1=O,1,central,705
pretrain,train,COP(=O)(OC)[C@@H](CC(C)C)NC(=O)c1cc([N+](=O)[O-])cc([N+](=O)[O-])c1,1,central,5198
pretrain,train,COP(=O)(OC)[C@@H](NC(=O)c1cc([N+](=O)[O-])cc([N+](=O)[O-])c1)C(C)(C)C,1,central,5197
pretrain,train,COP(=O)(OC)[C@@H](NC(=O)c1cc([N+](=O)[O-])cc([N+](=O)[O-])c1)C(C)C,1,central,5199
pretrain,train,COP(=O)(OC)[C@@H](NC(=O)c1cc([N+](=O)[O-])cc([N+](=O)[O-])c1)c1ccc(C)cc1,1,central,5206
pretrain,train,COP(=O)(OC)[C@@H](NC(=O)c1cc([N+](=O)[O-])cc([N+](=O)[O-])c1)c1cccc(C)c1,1,central,5207
pretrain,train,COP(=O)(OC)[C@@H](NC(=O)c1cc([N+](=O)[O-])cc([N+](=O)[O-])c1)c1ccccc1,1,central,5209
pretrain,train,COP(=O)(OC)[C@@H](NC(=O)c1cc([N+](=O)[O-])cc([N+](=O)[O-])c1)c1ccccc1C,1,central,5208
pretrain,train,COP(=O)(OC)[C@H](NC(=O)c1cc([N+](=O)[O-])cc([N+](=O)[O-])c1)c1c(C)cc(C)cc1C,1,central,5204
pretrain,train,COP(=O)(OC)[C@H](NC(=O)c1cc([N+](=O)[O-])cc([N+](=O)[O-])c1)c1ccc(C(C)C)cc1,1,central,5205
pretrain,train,COP(=O)(OC)[C@H](NC(=O)c1cc([N+](=O)[O-])cc([N+](=O)[O-])c1)c1ccc(Cl)cc1,1,central,5203
pretrain,train,COP(=O)(OC)[C@H](NC(=O)c1cc([N+](=O)[O-])cc([N+](=O)[O-])c1)c1ccc2ccccc2c1,1,central,5200
pretrain,train,COP(=O)(OC)[C@H](NC(=O)c1cc([N+](=O)[O-])cc([N+](=O)[O-])c1)c1cccc2ccccc12,1,central,5201
pretrain,train,COP(=O)(OC)[C@H](O)C(Cl)(Cl)Cl,1,central,4315
pretrain,train,COP1(=O)Oc2ccc3ccccc3c2-c2c(ccc3ccccc23)O1,2,axial,1088
pretrain,train,COP1(=S)OCc2ccccc2O1,1,central,4316
pretrain,train,CO[C@@H](C(=O)NCc1cccc2ccccc12)c1ccccc1,1,central,5092
pretrain,train,CO[C@@H](C(=O)O)c1ccccc1,1,central,3177
pretrain,train,CO[C@@H](C(N)=O)c1ccccc1,1,central,2833
pretrain,train,CO[C@@H](C)c1ccccc1,1,central,4045
pretrain,train,CO[C@@H](COC(=O)Nc1cc([N+](=O)[O-])cc([N+](=O)[O-])c1)c1ccccc1,1,central,2548
pretrain,train,CO[C@@H](Cc1ccccc1)c1ccccc1,1,central,4877
pretrain,train,CO[C@@H]1C(=O)OCC1(C)C,1,central,5357
pretrain,train,CO[C@@H]1CC[C@H]1OC,1,central,74
pretrain,train,CO[C@@H]1CC[C@H]1Oc1ccccc1,1,central,73
pretrain,train,CO[C@@H]1C[C@@H](OC)[C@@H](OC(=O)Nc2cc([N+](=O)[O-])cc([N+](=O)[O-])c2)[C@H](C)O1,1,central,958
pretrain,train,CO[C@@H]1C[C@H](OC)[C@H](OC(=O)Nc2cc([N+](=O)[O-])cc([N+](=O)[O-])c2)[C@@H](C)O1,1,central,959
pretrain,train,CO[C@@H]1c2c(c(C)c3ccccc3c2C)-c2ccccc2[C@H]1O,1,central,304
pretrain,train,CO[C@@H]1c2c(cc3ccc(C)c4c3c2C=C4)-c2ccccc2[C@H]1O,1,central,308
pretrain,train,CO[C@@H]1c2c(cc3ccccc3c2C)-c2ccccc2[C@H]1O,1,central,298
pretrain,train,CO[C@@H]1c2cc3c(ccc4ccccc43)cc2-c2ccccc2[C@H]1O,1,central,309
pretrain,train,CO[C@@H]1c2cc3cccc(C)c3cc2-c2ccccc2[C@H]1O,1,central,299
pretrain,train,CO[C@@H]1c2cc3ccccc3c(C)c2-c2ccccc2[C@H]1O,1,central,301
pretrain,train,CO[C@@H]1c2cc3ccccc3cc2-c2c(C)cccc2[C@H]1O,1,central,291
pretrain,train,CO[C@@H]1c2cc3ccccc3cc2-c2cccc(C)c2[C@H]1O,1,central,293
pretrain,train,CO[C@@H]1c2cc3ccccc3cc2-c2ccccc2[C@H]1O,1,central,290
pretrain,train,CO[C@@H]1c2ccccc2-c2c(c(C)c3ccccc3c2C)[C@H]1O,1,central,305
pretrain,train,CO[C@@H]1c2ccccc2-c2cc3ccc(C)c4c3c(c2[C@H]1O)C=C4,1,central,307
pretrain,train,CO[C@@H]1c2ccccc2-c2cc3ccccc3c(C)c2[C@H]1O,1,central,297
pretrain,train,CO[C@@H]1c2ccccc2-c2ccc3ccccc3c2[C@H]1O,1,central,288
pretrain,train,CO[C@@](C(=O)O)(c1ccccc1)C(F)(F)F,1,central,4015
pretrain,train,CO[C@@]1(C2=NCCN2)COc2ccccc2O1,1,central,3220
pretrain,train,CO[C@@]1(c2ccccc2)c2ccccc2C(=O)N1C,1,central,1672
pretrain,train,CO[C@@]12C=C[C@]1(C)C=CC2=O,1,central,204
pretrain,train,CO[C@H](C(=O)c1ccccc1)c1ccccc1,1,central,3087
pretrain,train,CO[C@H](C)CCc1ccccc1,1,central,2625
pretrain,train,CO[C@H](C)[C]1[CH][CH][CH][CH]1.[CH]1[CH][CH][CH][CH]1.[Fe],1,central,-1
pretrain,train,CO[C@H](CO)c1ccccc1,1,central,3179
pretrain,train,CO[C@H](COC(=O)CCc1ccccc1)c1ccccc1,1,central,2185
pretrain,train,CO[C@H]([C]1[CH][CH][CH][CH]1)c1ccccc1.[CH]1[CH][CH][CH][CH]1.[Fe],1,central,-1
pretrain,train,CO[C@H]1C[C@@H](OC)[C@H]([C@H](C)OC(=O)Nc2cc([N+](=O)[O-])cc([N+](=O)[O-])c2)O1,1,central,834
pretrain,train,CO[C@H]1C[C@H](OC)[C@@H]([C@@H](C)OC(=O)Nc2cc([N+](=O)[O-])cc([N+](=O)[O-])c2)O1,1,central,833
pretrain,train,CO[C@H]1N=C(c2ccccc2)c2cc(Cl)ccc2NC1=O,1,central,1826
pretrain,train,CO[C@H]1N=C(c2ccccc2Cl)c2cc(Cl)ccc2NC1=O,1,central,1830
pretrain,train,CO[C@H]1c2c(C)cccc2-c2cc3ccccc3cc2[C@@H]1O,1,central,294
pretrain,train,CO[C@H]1c2c(cc3ccc4cccc5ccc2c3c45)[C@@H](O)[C@H](O)[C@@H]1O,1,central,966
pretrain,train,CO[C@H]1c2c(cc3ccc4cccc5ccc2c3c45)[C@@H](O)[C@H](O)[C@H]1O,1,central,964
pretrain,train,CO[C@H]1c2c(cc3ccc4cccc5ccc2c3c45)[C@H](O)[C@@H](O)[C@@H]1O,1,central,963
pretrain,train,CO[C@H]1c2c(cc3ccc4cccc5ccc2c3c45)[C@H](O)[C@@H](O)[C@H]1O,1,central,965
pretrain,train,CO[C@H]1c2cc3ccc4cccc5ccc(c2[C@@H](O)[C@H](O)[C@@H]1O)c3c45,1,central,962
pretrain,train,CO[C@H]1c2cc3ccc4cccc5ccc(c2[C@H](O)[C@@H](O)[C@H]1O)c3c45,1,central,961
pretrain,train,CO[C@H]1c2ccc3ccccc3c2-c2ccccc2[C@@H]1O,1,central,284
pretrain,train,CO[C@H]1c2cccc(C)c2-c2cc3ccccc3cc2[C@@H]1O,1,central,280
pretrain,train,CO[C@H]1c2ccccc2-c2c(cc3ccccc3c2C)[C@@H]1O,1,central,274
pretrain,train,CO[C@H]1c2ccccc2-c2c(ccc3ccccc23)[C@@H]1O,1,central,285
pretrain,train,CO[C@H]1c2ccccc2-c2cc3c(C)cccc3cc2[C@@H]1O,1,central,276
pretrain,train,CO[C@H]1c2ccccc2-c2cc3ccc4ccccc4c3cc2[C@@H]1O,1,central,272
pretrain,train,CO[C@H]1c2ccccc2-c2cc3ccccc3cc2[C@@H]1O,1,central,282
pretrain,train,CO[C@H]1c2ccccc2-c2cc3ccccc3cc2[C@]1(C)O,1,central,295
pretrain,train,CO[C@](C#N)(c1ccccc1)C(F)(F)F,1,central,1948
pretrain,train,CO[C@]1(C)c2cc3ccccc3cc2-c2ccccc2[C@H]1O,1,central,278
pretrain,train,CO[C@]1(c2ccc(Cl)c(S(N)(=O)=O)c2)NC(=O)c2ccccc21,1,central,1671
pretrain,train,CO[C@]1(c2ccccc2)NC(=O)c2ccccc21,1,central,1670
pretrain,train,CO[C]([O])[CH][CH][CH]CC=O.[C-]#[O+].[C-]#[O+].[C-]#[O+].[Fe],1,central,-1
pretrain,train,CO[P@@](=O)(OC1CCCCC1)c1ccccc1,1,central,4366
pretrain,train,CO[P@@]1(=S)Oc2ccc(Cl)cc2[C@@H](C)O1,1,central,413
pretrain,train,CO[P@@]1(=S)Oc2ccc(Cl)cc2[C@H](C)O1,1,central,414
pretrain,train,CO[P@](=O)(NC(C)=O)SC,1,central,4319
pretrain,train,CO[P@](=O)(OC=C(Cl)Cl)Oc1ccccc1,1,central,4183
pretrain,train,CO[P@](=O)(c1ccccc1)c1cccc2ccccc12,1,central,5186
pretrain,train,CO[P@](N)(=O)SC,1,central,2372
pretrain,train,CO[Si](O[C@H]1C=CC(=O)C1)(c1ccccc1)C(C)(C)C,1,central,5267
pretrain,train,COc1c(-c2ccccc2)cc(-c2ccccc2)c(OC)c1-c1cccc2c1[P@@](C(C)(C)C)CO2,1,central,-1
pretrain,train,COc1c(-c2ccccc2)cc(-c2ccccc2)c(OC)c1-c1cccc2c1[P@](C(C)(C)C)CO2,1,central,-1
pretrain,train,COc1c(-c2ccccc2)cc2ccccc2c1-c1c(OC)c(-c2ccccc2)cc2ccccc12,2,axial,6299
pretrain,train,COc1c(Br)cc2ccccc2c1-c1c(OC)c(Br)cc2ccccc12,2,axial,6297
pretrain,train,COc1c(C(C)(C)C)cc(-c2cc3c(c4c2OP(=O)(O)Oc2c(-c5cc(C(C)(C)C)c(OC)c(C(C)(C)C)c5)cc5c(c2-4)CCCC5)CCCC3)cc1C(C)(C)C,2,axial,5919
pretrain,train,COc1c(C(C)(C)C)cc(P(c2cc(C(C)(C)C)c(OC)c(C(C)(C)C)c2)c2ccc3c(c2-c2c(P(c4cc(C(C)(C)C)c(OC)c(C(C)(C)C)c4)c4cc(C(C)(C)C)c(OC)c(C(C)(C)C)c4)ccc4c2OCCO4)OCCO3)cc1C(C)(C)C,2,axial,5795
pretrain,train,COc1c(C(C)(C)C)cc(P(c2cc(C(C)(C)C)c(OC)c(C(C)(C)C)c2)c2ccc3c(c2-c2c(P(c4cc(C(C)(C)C)c(OC)c(C(C)(C)C)c4)c4cc(C(C)(C)C)c(OC)c(C(C)(C)C)c4)ccc4c2OCO4)OCO3)cc1C(C)(C)C,2,axial,6978
pretrain,train,COc1c(C(C)(C)C)cc(P(c2cc(C(C)(C)C)c(OC)c(C(C)(C)C)c2)c2ccc3ccccc3c2-c2c(P(c3cc(C(C)(C)C)c(OC)c(C(C)(C)C)c3)c3cc(C(C)(C)C)c(OC)c(C(C)(C)C)c3)ccc3ccccc23)cc1C(C)(C)C,2,axial,7009
pretrain,train,COc1c(C(C)(C)C)cc([C@@H](NS(=O)C(C)(C)C)c2ccccc2P(C2CCCCC2)C2CCCCC2)cc1C(C)(C)C,1,central,-1
pretrain,train,COc1c(C(C)(C)C)cc([C@@H](c2cccc(OCc3ccccc3)c2P(C2CCCCC2)C2CCCCC2)N(C)S(=O)C(C)(C)C)cc1C(C)(C)C,1,central,-1
pretrain,train,COc1c(C(C)(C)C)cc([C@@H](c2ccccc2P(c2ccccc2)c2ccccc2)N(C)S(=O)C(C)(C)C)cc1C(C)(C)C,1,central,5731
pretrain,train,COc1c(C(C)(C)C)cc([C@H](NS(=O)C(C)(C)C)c2cccc(OCc3ccccc3)c2P(C2CCCCC2)C2CCCCC2)cc1C(C)(C)C,1,central,-1
pretrain,train,COc1c(C(C)C)cc(C(C)C)c(OC)c1-c1cccc2c1[P@@](C(C)(C)C)CO2,1,central,-1
pretrain,train,COc1c(C(C)C)cc(C(C)C)c(OC)c1-c1cccc2c1[P@](C(C)(C)C)CO2,1,central,-1
pretrain,train,COc1c(C(C)C)cc(C(O)(c2cc(C(C)C)c(OC)c(C(C)C)c2)[C@@H]2OC(C)(C)O[C@H]2C(O)(c2cc(C(C)C)c(OC)c(C(C)C)c2)c2cc(C(C)C)c(OC)c(C(C)C)c2)cc1C(C)C,1,central,6354
pretrain,train,COc1c(C)c(C)c2c(c1C)CCC(C)(CCCC(C)CCCC(C)CCCC(C)C)O2,1,central,871
pretrain,train,COc1c(C)cc(C)c(OC)c1-c1cccc2c1[P@@](C(C)(C)C)CO2,1,central,-1
pretrain,train,COc1c(C)cc(C)c(OC)c1-c1cccc2c1[P@](C(C)(C)C)CO2,1,central,-1
pretrain,train,COc1c(C)cnc(C[S@@](=O)c2nc3cc(Br)ccc3[nH]2)c1C,1,central,4302
pretrain,train,COc1c(C)cnc(C[S@@](=O)c2nc3cc(C(C)(C)C)ccc3[nH]2)c1C,1,central,4300
pretrain,train,COc1c(C)cnc(C[S@@](=O)c2nc3cc(Cl)ccc3[nH]2)c1C,1,central,4303
pretrain,train,COc1c(C)cnc(C[S@](=O)c2nc3cc(C(C)C)ccc3[nH]2)c1C,1,central,4301
pretrain,train,COc1c(C)cnc(C[S@](=O)c2nc3cc(C)ccc3[nH]2)c1C,1,central,5150
pretrain,train,COc1c(C)cnc(C[S@](=O)c2nc3ccccc3[nH]2)c1C,1,central,5151
pretrain,train,COc1c(C2CCCC2)cc(C2CCCC2)c(OC)c1-c1cccc2c1[P@@](C(C)(C)C)[C@@H](C(C)(C)O)O2,1,central,-1
pretrain,train,COc1c(C2CCCC2)cc(C2CCCC2)c(OC)c1-c1cccc2c1[P@](C(C)(C)C)[C@H](C(C)(C)O)O2,1,central,-1
pretrain,train,COc1c(Cl)ccc(P(c2ccccc2)c2ccccc2)c1-c1c(P(c2ccccc2)c2ccccc2)ccc(Cl)c1OC,2,axial,6973
pretrain,train,COc1c2cccc1CN(S(=O)(=O)c1ccc(C)cc1)c1cccc(c1)SC2,4,planar,5619
pretrain,train,COc1c2ccccc2c([C@@H](O)C(F)(F)F)c2ccccc12,1,central,4576
pretrain,train,COc1c2ccccc2c([C@@H](OC(=O)Nc2cccc3ccccc23)C(F)(F)F)c2ccccc12,1,central,5318
pretrain,train,COc1c2ccccc2c([C@@H]2OC(=O)c3ccccc32)c2ccccc12,1,central,2991
pretrain,train,COc1cc(/[S@](C)=N/S(=O)(=O)c2ccc(C)cc2)ccc1C(=O)O,1,central,5364
pretrain,train,COc1cc(C(C)(C)C)c2op(O[C@@H](C)C[C@H](C)Op3oc4c(C(C)(C)C)cc(OC)cc4c4cc(OC)cc(C(C)(C)C)c4o3)oc3c(C(C)(C)C)cc(OC)cc3c2c1,1,central,5859
pretrain,train,COc1cc(C(C)(C)C)c2op(O[C@H](C)C[C@@H](C)Op3oc4c(C(C)(C)C)cc(OC)cc4c4cc(OC)cc(C(C)(C)C)c4o3)oc3c(C(C)(C)C)cc(OC)cc3c2c1,1,central,-1
pretrain,train,COc1cc(C)nc(C2=N[C@@H](C(C)(C)C)CO2)c1,1,central,6435
pretrain,train,COc1cc(C)nc(C2=N[C@@H](C(C)C)CO2)c1,1,central,6433
pretrain,train,COc1cc(C)nc(C2=N[C@@H](c3ccccc3)CO2)c1,1,central,6437
pretrain,train,COc1cc(C)nc(C2=N[C@H](C(C)(C)C)CO2)c1,1,central,6434
pretrain,train,COc1cc(C)nc(C2=N[C@H](C(C)C)CO2)c1,1,central,6432
pretrain,train,COc1cc(C)nc(C2=N[C@H](Cc3ccccc3)CO2)c1,1,central,6438
pretrain,train,COc1cc(C)nc(C2=N[C@H](c3ccccc3)CO2)c1,1,central,6436
pretrain,train,COc1cc(C)nc(C2=N[C@H]3c4ccccc4C[C@H]3O2)c1,2,axial,6439
pretrain,train,COc1cc(C[C@@H](CO)CC(C)(C)O)ccc1OCc1ccccc1,1,central,3465
pretrain,train,COc1cc(C[C@@H](N)C(=O)O)ccc1O,1,central,2274
pretrain,train,COc1cc(N2C(=O)CC[C@@H]2C)c2ncccc2c1,1,central,5087
pretrain,train,COc1cc(N[C@H](C)CCCN)c2ncccc2c1,1,central,4739
pretrain,train,COc1cc(N[C@H](C)CCCNC(=O)n2ccnc2)c2ncccc2c1,1,central,5088
pretrain,train,COc1cc(N[C@H](C)CCCNC(C)=O)c2ncccc2c1Cc1c(OC)cc(N[C@@H](C)CCCNC(C)=O)c2ncccc12,1,central,702
pretrain,train,COc1cc(N[C@H](C)CCCNC(C)=O)c2ncccc2c1Cc1c(OC)cc(N[C@H](C)CCCNC(C)=O)c2ncccc12,1,central,703
pretrain,train,COc1cc(N[C@H](C)CCCNC(C)=O)c2ncccc2c1Sc1c(OC)cc(N[C@H](C)CCCNC(C)=O)c2ncccc12,1,central,704
pretrain,train,COc1cc(O)c(-c2c(CO)ccc3ccccc23)c(OC)c1,2,axial,990
pretrain,train,COc1cc(O)c2c(c1)O[C@@H](c1ccc(O)cc1)CC2=O,1,central,3353
pretrain,train,COc1cc(O)c2c(c1)O[C@@H](c1ccccc1)CC2=O,1,central,2994
pretrain,train,COc1cc(OC)c(-c2c(OC)cc(OC)cc2P(C2CCCCC2)C2CCCCC2)c(P(C2CCCCC2)C2CCCCC2)c1,2,axial,5797
pretrain,train,COc1cc(OC)c(-c2c(OC)cc(OC)cc2P(c2cc(C(C)(C)C)c(OC)c(C(C)(C)C)c2)c2cc(C(C)(C)C)c(OC)c(C(C)(C)C)c2)c(P(c2cc(C(C)(C)C)c(OC)c(C(C)(C)C)c2)c2cc(C(C)(C)C)c(OC)c(C(C)(C)C)c2)c1,2,axial,5785
pretrain,train,COc1cc(OC)c(-c2c(OC)cc(OC)cc2P(c2cc(C(F)(F)F)cc(C(F)(F)F)c2)c2cc(C(F)(F)F)cc(C(F)(F)F)c2)c(P(c2cc(C(F)(F)F)cc(C(F)(F)F)c2)c2cc(C(F)(F)F)cc(C(F)(F)F)c2)c1,2,axial,6962
pretrain,train,COc1cc(OC)c(-c2c(OC)cc(OC)cc2P(c2cc(C)c(C)c(C)c2)c2cc(C)c(C)c(C)c2)c(P(c2cc(C)c(C)c(C)c2)c2cc(C)c(C)c(C)c2)c1,2,axial,6964
pretrain,train,COc1cc(OC)c(-c2c(OC)cc(OC)cc2P(c2cc(C)cc(C)c2)c2cc(C)cc(C)c2)c(P(c2cc(C)cc(C)c2)c2cc(C)cc(C)c2)c1,2,axial,6963
pretrain,train,COc1cc(OC)c(-c2c(OC)cc(OC)cc2P(c2cc([Si](C)(C)C)cc([Si](C)(C)C)c2)c2cc([Si](C)(C)C)cc([Si](C)(C)C)c2)c(P(c2cc([Si](C)(C)C)cc([Si](C)(C)C)c2)c2cc([Si](C)(C)C)cc([Si](C)(C)C)c2)c1,2,axial,5791
pretrain,train,COc1cc(OC)c(-c2c(OC)cc(OC)cc2P(c2ccc(C)cc2)c2ccc(C)cc2)c(P(c2ccc(C)cc2)c2ccc(C)cc2)c1,2,axial,6961
pretrain,train,COc1cc(OC)c(-c2c(OC)cc(OC)cc2P(c2ccccc2)c2ccccc2)c(P(c2ccccc2)c2ccccc2)c1,2,axial,6960
pretrain,train,COc1cc(OC)c([C@H](C)c2c(C)cc(C)cc2C)c(OC)c1,1,central,2099
pretrain,train,COc1cc(OC)c([C@H](O)c2c(C)cc(C)cc2C)c(OC)c1,1,central,2103
pretrain,train,COc1cc(OC)c2c(c1)OC[C@@H](c1ccccc1)C2=O,1,central,1294
pretrain,train,COc1cc(OC)c2c(c1)O[C@@H](c1ccc(OC)c(OC)c1)[C@H](O)C2=O,1,central,717
pretrain,train,COc1cc(OC)c2c(c1)O[C@H](c1ccc(OC)c(OC)c1)[C@@H](OC(C)=O)C2=O,1,central,713
pretrain,train,COc1cc(OC)c2c(c1C)OC[C@@H](c1ccccc1)C2=O,1,central,1292
pretrain,train,COc1cc(P(c2cc(OC)c(OC)c(OC)c2)c2cccc(OC)c2-c2c(OC)cccc2P(c2cc(OC)c(OC)c(OC)c2)c2cc(OC)c(OC)c(OC)c2)cc(OC)c1OC,2,axial,6989
pretrain,train,COc1cc([C@@H](NS(=O)C(C)(C)C)c2cccc3ccccc23)c(P(c2ccccc2)c2ccccc2)cc1OC,1,central,-1
pretrain,train,COc1cc([C@@H](O)C(=O)O)ccc1O,1,central,2587
pretrain,train,COc1cc([C@@H](O)CN)ccc1O,1,central,2266
pretrain,train,COc1cc([C@@H](O)CN[C@@H](C)CCn2cnc3ccccc32)ccc1O,1,central,551
pretrain,train,COc1cc([C@@H](O)CN[C@H](C)CCn2cnc3ccccc32)ccc1O,1,central,550
pretrain,train,COc1cc([C@@H]2CC(=O)c3c(O)cc(O)cc3O2)ccc1O,1,central,3356
pretrain,train,COc1cc([C@H](NS(=O)C(C)(C)C)c2cc(C(C)(C)C)c(OC)c(C(C)(C)C)c2)c(P(c2ccccc2)c2ccccc2)cc1OC,1,central,-1
pretrain,train,COc1cc([C@H](O)C/N=C/c2ccccc2O)ccc1O,1,central,2282
pretrain,train,COc1cc([C@](C#N)(CCCNCCc2ccc(OC)c(OC)c2)C(C)C)ccc1O,1,central,1358
pretrain,train,COc1cc([S@](C)(=O)=NS(=O)(=O)c2ccc(C)cc2)ccc1C(=O)O,1,central,5361
pretrain,train,COc1cc([S@](C)=O)ccc1-c1nc2cccnc2[nH]1,1,central,4181
pretrain,train,COc1cc2c(c(O)c1OC)[C@H]1Cc3ccc(OC)c(OC)c3CN1CC2,1,central,2599
pretrain,train,COc1cc2c(c(OC)c1OC)C(=O)[C@H](c1ccccc1)CO2,1,central,1291
pretrain,train,COc1cc2c(cc1Br)Cc1cc(OC)c(Br)cc1Cc1cc(OC)c(Br)cc1C2,3,helical,5535
pretrain,train,COc1cc2c(cc1C)C(C(C)C)=CC(=O)[C@@]2(C)O,1,central,5479
pretrain,train,COc1cc2c(cc1C)C(C(C)C)=CC(=O)[C@@]2(C)OC(C)=O,1,central,5480
pretrain,train,COc1cc2c(cc1O)CCN1Cc3c(ccc(OC)c3OC)C[C@H]21,1,central,2598
pretrain,train,COc1cc2c(cc1O)CCN1Cc3c(ccc(OC)c3OC)[C@H](C)[C@H]21,1,central,177
pretrain,train,COc1cc2c(cc1OC(C)=O)Cc1cc(OC)c(OC(C)=O)cc1Cc1cc(OC)c(OC(C)=O)cc1C2,3,helical,5536
pretrain,train,COc1cc2c(cc1OC(C)C)Cc1cc(OC)c(OC(C)C)cc1Cc1cc(OC)c(OC(C)C)cc1C2,3,helical,5537
pretrain,train,COc1cc2c(cc1OC)C(=O)[C@H](CC1CCN(Cc3ccccc3)CC1)C2,1,central,1309
pretrain,train,COc1cc2c(cc1OC)C1=Cc3ccc4c(c3O[C@@H]1CO2)C=CC(C)(C)O4,1,central,5115
pretrain,train,COc1cc2c(cc1OC)C1=Cc3ccc4oc(C(C)C)cc4c3O[C@@H]1CO2,1,central,5116
pretrain,train,COc1cc2c(cc1OC)C[C@H](N)CC2,1,central,2770
pretrain,train,COc1cc2c(cc1OC)[C@@H](CCc1ccccc1)N(C(=O)c1cccc3ccccc13)CC2,1,central,3015
pretrain,train,COc1cc2c(cc1OC)[C@@H](Cc1ccccc1)N(C(=O)c1cccc3ccccc13)CC2,1,central,3016
pretrain,train,COc1cc2c(cc1OC)[C@@H]1C(=O)c3ccc4c(c3O[C@@H]1CO2)C=CC(C)(C)O4,1,central,737
pretrain,train,COc1cc2c(cc1OC)[C@@H]1C(=O)c3ccc4oc(C(C)C)cc4c3O[C@@H]1CO2,1,central,739
pretrain,train,COc1cc2c(cc1OC)[C@@H]1C(=O)c3ccc4occc4c3O[C@@H]1CO2,1,central,738
pretrain,train,COc1cc2c(cc1OC)[C@@H]1Cc3ccc(OC)c(OC)c3CN1CC2,1,central,3058
pretrain,train,COc1cc2c(cc1OC)[C@@](C)(C1CCN(CCOC(c3ccc(F)cc3)c3ccc(F)cc3)CC1)OCC2,1,central,2471
pretrain,train,COc1cc2c(cc1OC)[C@@]1(O)C(=O)c3ccc4c(c3O[C@H]1CO2)C[C@@H](C(C)C)O4,1,central,946
pretrain,train,COc1cc2c(cc1OC)[C@@]1(O)C(=O)c3ccc4c(c3O[C@H]1CO2)C[C@H](C(C)C)O4,1,central,945
pretrain,train,COc1cc2c(cc1OC)[C@H](C)N(C(=O)c1cccc3ccccc13)CC2,1,central,4138
pretrain,train,COc1cc2c(cc1OC)[C@H]1/C(=N/O)c3ccc4c(c3O[C@H]1CO2)C=CC(C)(C)O4,1,central,740
pretrain,train,COc1cc2c(cc1OC)[C@H]1/C(=N/O)c3ccc4oc(C(C)C)cc4c3O[C@H]1CO2,1,central,745
pretrain,train,COc1cc2c(cc1OC)[C@H]1/C(=N/O)c3ccc4occc4c3O[C@H]1CO2,1,central,743
pretrain,train,COc1cc2c(cc1OC)[C@H]1C(=O)c3ccc4c(c3O[C@H]1CO2)C[C@@H](C(C)C)O4,1,central,948
pretrain,train,COc1cc2c(cc1OC)[C@H]1C(=O)c3ccc4c(c3O[C@H]1CO2)C[C@H](C(C)C)O4,1,central,947
pretrain,train,COc1cc2c(cc1OC)[C@H]1[C@@H](C)c3ccc(OC)c(OC)c3CN1CC2,1,central,181
pretrain,train,COc1cc2c(cc1OC)[C@]1(O)C(=O)c3c(O)cc4c(c3O[C@@H]1CO2)C=CC(C)(C)O4,1,central,733
pretrain,train,COc1cc2c(cc1OC)[C@]1(O)C(=O)c3ccc4c(c3O[C@@H]1CO2)C=CC(C)(C)O4,1,central,734
pretrain,train,COc1cc2c(cc1OC)[C@]1(O)C(=O)c3ccc4oc(C(C)C)cc4c3O[C@@H]1CO2,1,central,736
pretrain,train,COc1cc2c(cc1OC)[C@]1(O)C(=O)c3ccc4occc4c3O[C@@H]1CO2,1,central,735
pretrain,train,COc1cc2c(cc1OC)[C@]1(OC)C(=O)c3c(O)cc4c(c3O[C@@H]1CO2)C=CC(C)(C)O4,1,central,741
pretrain,train,COc1cc2c(cc1OC)[C@]1(OC)C(=O)c3ccc4c(c3O[C@@H]1CO2)C=CC(C)(C)O4,1,central,742
pretrain,train,COc1cc2c(cc1OC)[C@]1(OC)C(=O)c3ccc4oc(C(C)C)cc4c3O[C@@H]1CO2,1,central,746
pretrain,train,COc1cc2c(cc1OC)[C@]1(OC)C(=O)c3ccc4occc4c3O[C@@H]1CO2,1,central,744
pretrain,train,COc1cc2c(cc1OCc1ccccc1)CCN1Cc3c(ccc(OC)c3OC)C[C@H]21,1,central,2597
pretrain,train,COc1cc2c3cc1OCC=CCOc1cc4c(cc1OC)Cc1cc5c(OC)cc1Cc1cc(c(OC)cc1C4)OC/C=C/COc1cc(c(cc1OC)Cc1cc(c(OC)cc1C3)OC/C=C/CO5)C2,3,helical,5531
pretrain,train,COc1cc2c3cc1OCCCCOc1cc4c(cc1OC)Cc1cc5c(OC)cc1Cc1cc(c(OC)cc1C4)OCCCCOc1cc(c(cc1OC)Cc1cc(c(OC)cc1C3)OCCCCO5)C2,3,helical,5532
pretrain,train,COc1cc2c3cc1OCCCOc1cc4c(cc1OC)Cc1cc5c(OC)cc1Cc1cc(c(OC)cc1C4)OCCCOc1cc(c(cc1OC)Cc1cc(c(OC)cc1C3)OCCCO5)C2,3,helical,5533
pretrain,train,COc1cc2c3cc1OCCOc1cc4c(cc1OC)Cc1cc5c(OC)cc1Cc1cc(c(OC)cc1C4)OCCOc1cc(c(cc1OC)Cc1cc(c(OC)cc1C3)OCCO5)C2,3,helical,5534
pretrain,train,COc1cc2cc(C3=NNC(=O)C[C@@H]3C)sc2cc1OC,1,central,2860
pretrain,train,COc1cc2nc(N(C)CCCNC(=O)[C@H]3CCCO3)nc(N)c2cc1OC,1,central,5210
pretrain,train,COc1cc2nc(N3CCN(C(=O)[C@H]4COc5ccccc5O4)CC3)nc(N)c2cc1OC,1,central,3317
pretrain,train,COc1cc2sc(C3=NNC(=O)C[C@@H]3C)cc2c(C)c1OCCN1CCCCC1,1,central,2874
pretrain,train,COc1ccc(-c2cc3c(c(-c4c(O)c(-c5ccc(OC)cc5)cc5c4CCCC5)c2O)CCCC3)cc1,2,axial,6317
pretrain,train,COc1ccc(-c2cc3c(c4c2OP(=O)(NS(=O)(=O)C(F)(F)F)Oc2c(-c5ccc(OC)cc5)cc5c(c2-4)CCCC5)CCCC3)cc1,2,axial,6105
pretrain,train,COc1ccc(-c2cc3c(c4c2OP(=O)(O)Oc2c(-c5ccc(OC)cc5)cc5c(c2-4)CCCC5)CCCC3)cc1,2,axial,5913
pretrain,train,COc1ccc(-c2cc3ccccc3c(-c3c(O)c(-c4ccc(OC)cc4)cc4ccccc34)c2O)cc1,2,axial,6295
pretrain,train,COc1ccc(-c2cc3ccccc3c3c2OP(=O)(NS(=O)(=O)C(F)(F)F)Oc2c(-c4ccc(OC)cc4)cc4ccccc4c2-3)cc1,2,axial,6109
pretrain,train,COc1ccc(-c2cc3ccccc3c3c2OP(=O)(O)Oc2c(-c4ccc(OC)cc4)cc4ccccc4c2-3)cc1,2,axial,5888
pretrain,train,COc1ccc(-n2c[n+]3c(n2)CO[C@H]2Cc4ccccc4[C@H]23)cc1.F[B-](F)(F)F,2,axial,-1
pretrain,train,COc1ccc(/C(C)=N/C[C@H](O)c2ccccc2)c(O)c1,1,central,1659
pretrain,train,COc1ccc(/C(C)=N\[C@@H](CO)C(C)C)c(O)c1,1,central,1666
pretrain,train,COc1ccc(/C=N/C[C@H](O)c2ccccc2)c(O)c1,1,central,1658
pretrain,train,COc1ccc(/C=N\[C@@H](CO)C(C)C)c(O)c1,1,central,1665
pretrain,train,COc1ccc(C(=O)C[C@H]2NC(=O)[C@H]2C(C)C)cc1,1,central,664
pretrain,train,COc1ccc(C(=O)N[C@@H](C)C(=O)OC(C)C)cc1,1,central,2428
pretrain,train,COc1ccc(C(=O)N[C@@H](C)c2ccccc2)c(OC)c1,1,central,1424
pretrain,train,COc1ccc(C(=O)N[C@H](C)Cc2ccccc2)cc1,1,central,4055
pretrain,train,COc1ccc(C(=O)[C@@H](O)c2ccc(OC)cc2)cc1,1,central,3915
pretrain,train,COc1ccc(C(=O)[C@H]2O[C@@H]2c2ccccc2)cc1,1,central,3264
pretrain,train,COc1ccc(C(N)(c2ccc(OC)cc2)[C@@H](N)C(C)C)cc1,1,central,6269
pretrain,train,COc1ccc(C(N)(c2ccc(OC)cc2)[C@H](N)C(C)C)cc1,1,central,6268
pretrain,train,COc1ccc(C2=C(c3ccccc3)CCCc3cccc(C)c32)cc1,3,helical,5515
pretrain,train,COc1ccc(CCCO[C@@H](Cn2ccnc2)c2ccc(OC)cc2)cc1,1,central,3203
pretrain,train,COc1ccc(CCN(C)CCC[C@@](C#N)(c2cc(OC)c(OC)c(OC)c2)C(C)C)cc1OC,1,central,3998
pretrain,train,COc1ccc(CCN(C)CCC[C@@](C#N)(c2ccc(OC)c(OC)c2)C(C)C)cc1OC,1,central,1690
pretrain,train,COc1ccc(CCNCCC[C@](C#N)(c2ccc(OC)c(OC)c2)C(C)C)cc1OC,1,central,1361
pretrain,train,COc1ccc(CC[C@H](C)N)cc1,1,central,1328
pretrain,train,COc1ccc(COC2C(O)C(O)C(OCc3ccccc3)C(OCc3ccccc3)C2OCc2ccc(OC)cc2)cc1,1,central,985
pretrain,train,COc1ccc(C[C@@H](CO)CC(C)(C)O)cc1OC,1,central,3463
pretrain,train,COc1ccc(C[C@@H](N)C(=O)O)cc1OC,1,central,2273
pretrain,train,COc1ccc(C[C@@H]2C3=C(CCCC3)CCN2C(=O)c2cccc3ccccc23)cc1,1,central,4128
pretrain,train,COc1ccc(C[C@@H]2COc3cc(OC)ccc3C2=O)cc1,1,central,1287
pretrain,train,COc1ccc(C[C@@H]2c3cc4c(c(OC)c3CCN2C(=O)c2cccc3ccccc23)OCO4)cc1OC,1,central,2169
pretrain,train,COc1ccc(C[C@@H]2c3ccccc3CCN2C(=O)c2cccc3ccccc23)cc1OC,1,central,2171
pretrain,train,COc1ccc(C[C@H](C)NC(C)=O)cc1,1,central,3997
pretrain,train,COc1ccc(C[C@H](C)NC[C@@H](O)c2ccc(O)c(NC=O)c2)cc1,1,central,117
pretrain,train,COc1ccc(C[C@H](C)NC[C@H](O)c2ccc(O)c(NC=O)c2)cc1,1,central,116
pretrain,train,COc1ccc(C[C@H](C)N[C@@H](C)c2ccccc2)cc1,1,central,118
pretrain,train,COc1ccc(C[C@H](N)C(=O)O)cc1,1,central,5241
pretrain,train,COc1ccc(C[C@H](NC(=O)c2cc([N+](=O)[O-])cc([N+](=O)[O-])c2)C(=O)O)cc1,1,central,2557
pretrain,train,COc1ccc(C[C@H]2CCc3ccccc3C2=O)cc1,1,central,1286
pretrain,train,COc1ccc(C[C@H]2c3cc(OC)c(OC)cc3CCN2C)cc1OC,1,central,4735
pretrain,train,COc1ccc(N2C(=O)[C@H](OC(=O)c3cc([N+](=O)[O-])cc([N+](=O)[O-])c3)[C@@H]2/C=C/c2ccccc2)cc1,1,central,156
pretrain,train,COc1ccc(N2C[C@H](CC(C)C)[N][C]2[C]2[N][C@@H](CC(C)C)CN2c2ccc(OC)cc2)cc1,1,central,6249
pretrain,train,COc1ccc(NC(=O)N(C[C@@H](O)COc2cccc3ccccc23)C(C)C)cc1,1,central,3424
pretrain,train,COc1ccc(NC(=O)N=[S@@](C)(=O)c2ccccc2)cc1,1,central,3802
pretrain,train,COc1ccc(NC(=O)[C@@H](C)c2ccc(CC(C)(C)O)cc2)cc1,1,central,3588
pretrain,train,COc1ccc(NC(=O)[C@@H](C)c2ccc(CC(C)C)cc2)cc1,1,central,2902
pretrain,train,COc1ccc(NC(=O)[C@@H](C)c2ccccc2)cc1,1,central,3587
pretrain,train,COc1ccc(NC(=O)[C@H](C)c2ccc(N3CC=CC3)c(Cl)c2)cc1,1,central,4890
pretrain,train,COc1ccc(NC(=S)N(C[C@@H](O)COc2cccc3ccccc23)C(C)C)cc1,1,central,3423
pretrain,train,COc1ccc(N[C@@H](/C=C/c2ccccc2)c2ccccc2)cc1,1,central,3233
pretrain,train,COc1ccc(N[C@@H](C)c2ccc3ccccc3c2)cc1,1,central,3239
pretrain,train,COc1ccc(N[C@@H](C)c2cccc3ccccc23)cc1,1,central,3242
pretrain,train,COc1ccc(N[C@@H](C)c2ccccc2)cc1,1,central,3237
pretrain,train,COc1ccc(N[C@@H](c2ccccc2)c2ccc3ccccc3c2)cc1,1,central,3238
pretrain,train,COc1ccc(N[C@H](C)/C=C/c2ccccc2)cc1,1,central,3234
pretrain,train,COc1ccc(N[S@](=O)C(C)(C)C(=O)OC(C)(C)C)cc1,1,central,3375
pretrain,train,COc1ccc(N[S@](=O)C(C)C(=O)OC(C)(C)C)cc1,1,central,393
pretrain,train,COc1ccc(N[S@](=O)CC(=O)OC(C)(C)C)cc1,1,central,2430
pretrain,train,COc1ccc(O)c([C@@H]2Sc3ccccc3N(C)C2=O)c1,1,central,2296
pretrain,train,COc1ccc(OC(=O)[C@H]2O[C@@H]2c2ccccc2)cc1,1,central,3267
pretrain,train,COc1ccc(OC)c([C@@H]2CNC(=O)O2)c1,1,central,1212
pretrain,train,COc1ccc(OC)c([C@@H]2Sc3ccccc3N(C)C2=O)c1,1,central,1258
pretrain,train,COc1ccc(OC)c([C@H](O)[C@@H](C)N)c1,1,central,125
pretrain,train,COc1ccc(OC)c([C@H](O)[C@@H](C)NC(=O)Nc2cccc3ccccc23)c1,1,central,812
pretrain,train,COc1ccc(OCCCBr)c([C@@H]2Sc3ccccc3N(C)C2=O)c1,1,central,2295
pretrain,train,COc1ccc(OCCC[NH+](C)CCOc2ccc3c(c2)OCO3)c([C@@H]2Sc3ccccc3N(C)C2=O)c1.O=C([O-])/C=C/C(=O)O,1,central,-1
pretrain,train,COc1ccc(OC[C@@H](O)CCl)cc1,1,central,1181
pretrain,train,COc1ccc(OC[C@@H](O)CNC(C)C)cc1,1,central,1201
pretrain,train,COc1ccc(OC[C@@H](O)CO)cc1,1,central,1985
pretrain,train,COc1ccc(OC[C@@H]2CO2)cc1,1,central,2196
pretrain,train,COc1ccc(OC[C@H](CCl)OC(C)=O)cc1,1,central,1172
pretrain,train,COc1ccc(OC[C@H](CN(C(C)=O)c2ccc(Cl)cc2C(=O)c2ccccc2)OC(C)=O)cc1,1,central,1738
pretrain,train,COc1ccc(OCc2ccccc2)c([C@H]2Sc3ccccc3N(C)C2=O)c1,1,central,1257
pretrain,train,COc1ccc(O[C@H](C)C(=O)O)cc1,1,central,1848
pretrain,train,COc1ccc(Oc2cccc([C@H](C)O)n2)cc1,1,central,5295
pretrain,train,COc1ccc(Oc2cccc([C@H](C)OC(C)=O)n2)cc1,1,central,5467
pretrain,train,COc1ccc(P(c2ccc(OC)cc2)c2cc3ccc2CCc2ccc(cc2P(c2ccc(OC)cc2)c2ccc(OC)cc2)CC3)cc1,4,planar,6994
pretrain,train,COc1ccc(S[S@](=O)c2ccc(OC)cc2)cc1,1,central,1800
pretrain,train,COc1ccc(S[S@](=O)c2ccccc2)cc1,1,central,1802
pretrain,train,COc1ccc([C@@H](C)N([C@H](C)c2ccc(OC)cc2)p2oc3ccc4ccccc4c3c3c(ccc4ccccc43)o2)cc1,2,axial,5809
pretrain,train,COc1ccc([C@@H](C)NC(=O)c2cccc3ccccc23)cc1,1,central,3514
pretrain,train,COc1ccc([C@@H](C)NC(C)=O)cc1,1,central,3876
pretrain,train,COc1ccc([C@@H](C)O)cc1,1,central,3594
pretrain,train,COc1ccc([C@@H](C)OC(C)=O)cc1,1,central,3615
pretrain,train,COc1ccc([C@@H](N)[C@@H](N)c2ccc(OC)cc2)cc1,1,central,6162
pretrain,train,COc1ccc([C@@H](N)[C@H](NS(=O)(=O)c2ccc(C)cc2)c2ccc(OC)cc2)cc1,1,central,6172
pretrain,train,COc1ccc([C@@H](NS(=O)C(C)(C)C)c2ccccc2P(c2ccccc2)c2ccccc2)cc1,1,central,5716
pretrain,train,COc1ccc([C@@H](O)C(C)(C)C)cc1,1,central,4888
pretrain,train,COc1ccc([C@@H](O)C(C)C)cc1OC,1,central,4697
pretrain,train,COc1ccc([C@@H](O)CN(C)C(=O)Nc2cccc3ccccc23)cc1OC,1,central,2202
pretrain,train,COc1ccc([C@@H](O)[C@H](C)N(C)C(=O)Oc2ccc3ccccc3c2)cc1,1,central,623
pretrain,train,COc1ccc([C@@H](O)c2ccccc2)cc1,1,central,3059
pretrain,train,COc1ccc([C@@H](c2ccccc2P(C(C)(C)C)C(C)(C)C)N(C)S(=O)C(C)(C)C)cc1,1,central,-1
pretrain,train,COc1ccc([C@@H](c2ccccc2P(C2CCCCC2)C2CCCCC2)N(C)S(=O)C(C)(C)C)cc1,1,central,-1
pretrain,train,COc1ccc([C@@H](c2ccccc2P(c2ccccc2)c2ccccc2)N(C)S(=O)C(C)(C)C)cc1,1,central,-1
pretrain,train,COc1ccc([C@@H]2CC(=O)NC2=O)cc1,1,central,5084
pretrain,train,COc1ccc([C@@H]2CCCNC2=O)cc1,1,central,4167
pretrain,train,COc1ccc([C@@H]2CNCCc3c2cc(OC)c(OC)c3Cl)cc1,1,central,3314
pretrain,train,COc1ccc([C@@H]2COc3cc(OC)ccc3C2=O)cc1,1,central,1296
pretrain,train,COc1ccc([C@@H]2O[C@H](c3ccccc3)[C@H](C)N2C)c2ccccc12,1,central,849
pretrain,train,COc1ccc([C@@H]2Oc3cc(OC)cc(OC)c3C(=O)[C@H]2OC(C)=O)cc1,1,central,714
pretrain,train,COc1ccc([C@@H]2Oc3cccc(OC)c3C(=O)[C@H]2O)cc1,1,central,720
pretrain,train,COc1ccc([C@@H]2Sc3ccccc3N(CCN(C)C)C(=O)[C@H]2OC(C)=O)cc1,1,central,821
pretrain,train,COc1ccc([C@@H]2c3ccccc3C(=O)N2c2ccccc2)cc1,1,central,5171
pretrain,train,COc1ccc([C@@]2(C(C)C)NC(=O)NC2=O)cc1,1,central,4173
pretrain,train,COc1ccc([C@@]2(C)OC(=O)c3ccccc32)cc1,1,central,2993
pretrain,train,COc1ccc([C@H](C)N([C@@H](C)c2ccc(OC)cc2)p2oc3ccc4ccccc4c3c3c(ccc4ccccc43)o2)cc1,2,axial,5810
pretrain,train,COc1ccc([C@H](C)NC(=O)c2cc([N+](=O)[O-])cc([N+](=O)[O-])c2)cc1,1,central,3558
pretrain,train,COc1ccc([C@H](C)OC(=O)Nc2cc([N+](=O)[O-])cc([N+](=O)[O-])c2)cc1,1,central,5121
pretrain,train,COc1ccc([C@H](N)[C@@H](N)c2ccc(OC)cc2)cc1,1,central,6195
pretrain,train,COc1ccc([C@H](N)[C@@H](NS(=O)(=O)c2ccc(C)cc2)c2ccc(OC)cc2)cc1,1,central,6169
pretrain,train,COc1ccc([C@H](NS(=O)C(C)(C)C)c2cc(OC)c(OC)cc2P(c2ccccc2)c2ccccc2)cc1,1,central,-1
pretrain,train,COc1ccc([C@H](NS(=O)C(C)(C)C)c2ccccc2P(C(C)(C)C)C(C)(C)C)cc1,1,central,-1
pretrain,train,COc1ccc([C@H](O)C(F)(F)F)cc1,1,central,2177
pretrain,train,COc1ccc([C@H](O)CN(C)C(=O)Nc2cccc3ccccc23)cc1,1,central,2203
pretrain,train,COc1ccc([C@H](O)[C@@H](O)c2ccc(OC)cc2)cc1,1,central,497
pretrain,train,COc1ccc([C@H](O)c2ccco2)cc1,1,central,3107
pretrain,train,COc1ccc([C@H](c2ccccc2P(C2CCCCC2)C2CCCCC2)N(C)S(=O)C(C)(C)C)cc1,1,central,5745
pretrain,train,COc1ccc([C@H](c2ccccc2P(c2ccccc2)c2ccccc2)N(C)S(=O)C(C)(C)C)cc1,1,central,5718
pretrain,train,COc1ccc([C@H]2CC(=O)c3c(O)cc(O)cc3O2)cc1,1,central,3354
pretrain,train,COc1ccc([C@H]2CC(=O)c3c(O)cc(O)cc3O2)cc1O,1,central,3358
pretrain,train,COc1ccc([C@H]2CC(=O)c3c(ccc(OC)c3OC)O2)cc1,1,central,3733
pretrain,train,COc1ccc([C@H]2CC(=O)c3ccccc3O2)cc1,1,central,2995
pretrain,train,COc1ccc([C@H]2CCNC2=O)cc1,1,central,3792
pretrain,train,COc1ccc([C@H]2NC(=O)c3cccc4cccc2c34)cc1,1,central,2924
pretrain,train,COc1ccc([C@H]2NC(=O)c3ccccc32)cc1,1,central,2928
pretrain,train,COc1ccc([C@H]2OC(=O)c3ccccc32)cc1,1,central,5091
pretrain,train,COc1ccc([C@H]2O[C@@H](c3c(OC)ccc4ccccc34)N(C)[C@H]2C)cc1,1,central,846
pretrain,train,COc1ccc([C@H]2O[C@@H](c3ccc([N+](=O)[O-])cc3)N(C)[C@H]2C)cc1,1,central,848
pretrain,train,COc1ccc([C@H]2O[C@@H](c3ccc4ccccc4c3)N(C)[C@H]2C)cc1,1,central,847
pretrain,train,COc1ccc([C@H]2Oc3cc(OC)cc(OC)c3C(=O)[C@@H]2O)cc1,1,central,718
pretrain,train,COc1ccc([C@H]2Sc3ccccc3N(C)C2=O)cc1,1,central,1266
pretrain,train,COc1ccc([C@H]2Sc3ccccc3N(CCN(C)C)C(=O)[C@H]2OC(C)=O)cc1,1,central,20
pretrain,train,COc1ccc([C@H]2c3ccccc3C(=O)N2C)cc1,1,central,4883
pretrain,train,COc1ccc([C@](C#N)(CCCN)C(C)C)cc1OC,1,central,1359
pretrain,train,COc1ccc([C@](O)(C(=O)O)c2ccsc2)cc1,1,central,4287
pretrain,train,COc1ccc([C@](O)(c2cncnc2)C2CC2)cc1,1,central,3088
pretrain,train,COc1ccc([C@]2(O)c3ccccc3C(=O)N2c2ccccc2)cc1,1,central,2925
pretrain,train,COc1ccc([P@@](C)(=O)c2ccccc2)c2ccccc12,1,central,2903
pretrain,train,COc1ccc([P@](C)(=O)c2ccccc2)cc1,1,central,4306
pretrain,train,COc1ccc([S@@](=O)Sc2ccccc2)cc1,1,central,1801
pretrain,train,COc1ccc([S@](=O)c2c3ccccc3cc3ccccc23)cc1,1,central,4152
pretrain,train,COc1ccc([S@](C)=O)cc1,1,central,2980
pretrain,train,COc1ccc2[nH]c([S@@](=O)Cc3cc(-c4ccccc4)ccn3)nc2c1,1,central,2637
pretrain,train,COc1ccc2[nH]c([S@@](=O)Cc3ncc(C)c(OC)c3C)nc2c1,1,central,2883
pretrain,train,COc1ccc2[nH]c([S@@](=O)Cc3ncc(C)c(SC)c3C)nc2c1,1,central,2631
pretrain,train,COc1ccc2[nH]c([S@](=O)Cc3ccccn3)nc2c1,1,central,2635
pretrain,train,COc1ccc2c([P@](C)(=O)c3ccccc3)cccc2c1,1,central,4404
pretrain,train,COc1ccc2c(c1)-c1c(ccc(OC)c1O)C[C@@H](CCc1ccccc1)N(C)CC2,2,axial,1154
pretrain,train,COc1ccc2c(c1)C(=O)C[C@H](c1ccccc1)O2,1,central,2998
pretrain,train,COc1ccc2c(c1)CCC[C@@]21CC(=O)N(CCCN(C)C)C1=O,1,central,4662
pretrain,train,COc1ccc2c(c1)CCC[C@@]21CC(=O)N(CCCN(C)CCO)C1=O,1,central,4672
pretrain,train,COc1ccc2c(c1)CCC[C@]21CC(=O)N(CCCCN(C)CCO)C1=O,1,central,4671
pretrain,train,COc1ccc2c(c1)CCC[C@]21CC(=O)N(CCN(C)C)C1=O,1,central,4663
pretrain,train,COc1ccc2c(c1)CCC[C@]21CC(=O)N(CCN(C)CCO)C1=O,1,central,4673
pretrain,train,COc1ccc2c(c1)CCN1C[C@H](CCC#N)C(=O)C[C@@H]21,1,central,391
pretrain,train,COc1ccc2c(c1)Cc1ccc(OC)cc1Cc1ccc(OC)cc1C2,3,helical,5540
pretrain,train,COc1ccc2c(c1)N(C[C@@H](C)CN(C)C)c1ccccc1S2,1,central,5008
pretrain,train,COc1ccc2c(c1)OC[C@@H]1c3ccc(O)cc3O[C@H]21,1,central,382
pretrain,train,COc1ccc2c(c1)OC[C@H](c1ccccc1)C2=O,1,central,1299
pretrain,train,COc1ccc2c(c1)O[C@@H]1c3ccc(O)cc3OC[C@H]21,1,central,380
pretrain,train,COc1ccc2c(c1)O[C@@H]1c3ccc(OC(C)=O)cc3OC[C@H]21,1,central,373
pretrain,train,COc1ccc2c(c1)O[C@@H]1c3ccc(OC)cc3OC[C@H]21,1,central,379
pretrain,train,COc1ccc2c(c1)O[C@@H]1c3ccc(OC4CCCCO4)cc3OC[C@H]21,1,central,368
pretrain,train,COc1ccc2c(c1)O[C@@H]1c3ccc(OCCCCCCCCCCCO)cc3OC[C@H]21,1,central,374
pretrain,train,COc1ccc2c(c1)O[C@@H]1c3ccc(OCCO)cc3OC[C@H]21,1,central,375
pretrain,train,COc1ccc2c(c1)O[C@H](c1ccc(OC)c(OC)c1)[C@@H](O)C2=O,1,central,719
pretrain,train,COc1ccc2c(c1)O[C@H](c1ccc(OC)c(OC)c1)[C@@H](OC(C)=O)C2=O,1,central,715
pretrain,train,COc1ccc2c(c1)[C@@H](C)[C@H](NC(C)=O)CC2,1,central,4352
pretrain,train,COc1ccc2c(c1)[C@@](C)(CC#N)C(=O)N2C,1,central,2392
pretrain,train,COc1ccc2c(c1)[C@@](C)(CC=C(C)C)C(=O)N2C,1,central,2390
pretrain,train,COc1ccc2c(c1)[C@@](C)(CCN)C(=O)N2C,1,central,2387
pretrain,train,COc1ccc2c(c1)[C@@](C)(CCNC(=O)c1ccccc1)C(=O)N2C,1,central,2388
pretrain,train,COc1ccc2c(c1)[C@@](C)(CCNC(C)=O)C(=O)N2C,1,central,2394
pretrain,train,COc1ccc2c(c1)[C@@]1(CCC2)CC(=O)N(CCCCN(C)C)C1=O,1,central,4674
pretrain,train,COc1ccc2c(c1)[C@@]1(SCC[S@@]1=O)c1ccccc1-2,1,central,760
pretrain,train,COc1ccc2c(c1)[C@@]1(SCC[S@]1=O)c1ccccc1-2,1,central,761
pretrain,train,COc1ccc2c(c1)[C@@]13CCCC[C@H]1[C@@H](C2)N(C(=O)c1cccc2ccccc12)CC3,1,central,928
pretrain,train,COc1ccc2c(c1)[C@@]13CCCC[C@H]1[C@@H](C2)N(C)CC3,1,central,944
pretrain,train,COc1ccc2c(c1)[C@](C)(CCNC(=O)c1cc([N+](=O)[O-])cc([N+](=O)[O-])c1)C(=O)N2C,1,central,2393
pretrain,train,COc1ccc2c(c1)[C@]1(C)CCN(C)C1N2C,1,central,150
pretrain,train,COc1ccc2c(c1)[C@]1(SCC[S@@]1=O)c1ccc3ccccc3c1-2,1,central,749
pretrain,train,COc1ccc2c(c1)[C@]1(SCC[S@]1=O)c1ccc3ccccc3c1-2,1,central,757
pretrain,train,COc1ccc2c(c1)nc([S@@](=O)Cc1ncc(C)c(OC)c1C)n2C,1,central,5148
pretrain,train,COc1ccc2c(c1OC)C(=O)N1CCc3ccccc3[C@@H]1C2,1,central,4137
pretrain,train,COc1ccc2c(c1OC)CC[C@@H](N)C2,1,central,2769
pretrain,train,COc1ccc2c(c1OC)CC[C@@H]1[C@@H]2CCCN1C(=O)c1cccc2ccccc12,1,central,540
pretrain,train,COc1ccc2c(c1OC)CN1CCc3cc4c(cc3[C@H]1C2)OCO4,1,central,2600
pretrain,train,COc1ccc2c(c1OC)CN1CCc3cc4c(cc3[C@H]1[C@H]2C)OCO4,1,central,178
pretrain,train,COc1ccc2c(c1OC)[C@@H](C)N(C(=O)c1cccc3ccccc13)CC2,1,central,4130
pretrain,train,COc1ccc2cc(Br)ccc2c1-c1c(O)ccc2cc(Br)ccc12,2,axial,1123
pretrain,train,COc1ccc2cc(Br)ccc2c1-c1c(OC)ccc2cc(Br)ccc12,2,axial,6333
pretrain,train,COc1ccc2cc(C)c(C)cc2c1-c1c(O)ccc2cc(C)c(C)cc12,2,axial,1125
pretrain,train,COc1ccc2cc([C@@H](C)C(=O)N(C)C)ccc2c1,1,central,1506
pretrain,train,COc1ccc2cc([C@@H](C)C(=O)N3CCCCC3)ccc2c1,1,central,1503
pretrain,train,COc1ccc2cc([C@@H](C)C(=O)NCc3cccc4ccccc34)ccc2c1,1,central,4118
pretrain,train,COc1ccc2cc([C@@H](C)C(=O)Nc3cc(C)cc(C)c3)ccc2c1,1,central,2977
pretrain,train,COc1ccc2cc([C@@H](C)C(=O)Nc3cc([N+](=O)[O-])cc([N+](=O)[O-])c3)ccc2c1,1,central,1396
pretrain,train,COc1ccc2cc([C@@H](C)C(=O)Nc3cccc4ccccc34)ccc2c1,1,central,2968
pretrain,train,COc1ccc2cc([C@H](C)C(=O)NC(C)(C)C)ccc2c1,1,central,1507
pretrain,train,COc1ccc2cc([C@H](C)C(=O)NC3CCCCC3)ccc2c1,1,central,4120
pretrain,train,COc1ccc2cc([C@H](C)C(=O)NCc3ccccc3)ccc2c1,1,central,4119
pretrain,train,COc1ccc2cc([C@H](C)C(=O)O)ccc2c1,1,central,1210
pretrain,train,COc1ccc2cc([C@H](C)O)ccc2c1,1,central,3230
pretrain,train,COc1ccc2cc([C@H](C)OC(C)=O)ccc2c1,1,central,3229
pretrain,train,COc1ccc2ccc(O)c(-c3c(O)ccc4ccc(OC)cc34)c2c1,2,axial,1110
pretrain,train,COc1ccc2ccccc2c1-c1c(O)ccc2ccccc12,2,axial,1070
pretrain,train,COc1ccc2ccccc2c1-c1c(OC)ccc2ccccc12,2,axial,1104
pretrain,train,COc1ccc2ccccc2c1-c1c(P(C2CCCCC2)C2CCCCC2)ccc2ccccc12,2,axial,6995
pretrain,train,COc1ccc2ccccc2c1-c1c(P(c2ccccc2)c2ccccc2)ccc2ccccc12,2,axial,6958
pretrain,train,COc1ccc2ccccc2c1-n1c2nc(=O)n(C)c(=O)c-2cc2ccccc21,2,axial,1077
pretrain,train,COc1ccc2ccccc2c1-n1c2nc(=O)n(C)c(=O)c-2nc2ccccc21,2,axial,1078
pretrain,train,COc1ccc2ccccc2c1[C@@H]1O[C@H](c2ccccc2)[C@H](C)N1C,1,central,850
pretrain,train,COc1ccc2ccccc2c1[C@H](O)c1c(C)cc(C)cc1C,1,central,2101
pretrain,train,COc1ccc2ccccc2c1[P@](C)(=O)c1ccccc1,1,central,3494
pretrain,train,COc1ccc2nc(-c3ccc([C@H](C)O)cc3)oc2c1,1,central,2638
pretrain,train,COc1cccc(-n2c(C(C)(C)C)csc2=S)c1,2,axial,1148
pretrain,train,COc1cccc(/C=C/[S@](C)=O)c1,1,central,1858
pretrain,train,COc1cccc(C2=N[C@@H](c3ccccc3)[C@@H](c3ccccc3)O2)n1,1,central,6543
pretrain,train,COc1cccc(C[C@@H](C)N(C)C(=O)Oc2ccc3ccccc3c2)c1,1,central,4516
pretrain,train,COc1cccc(C[C@@](C)(N)C(=O)O)c1,1,central,2157
pretrain,train,COc1cccc(OC)c1-c1cccc2c1P(C(C)(C)C)CO2,1,central,5635
pretrain,train,COc1cccc(OC)c1-c1cccc2c1P(C(C)(C)C)[C@@H](C(C)C)O2,1,central,5683
pretrain,train,COc1cccc(OC)c1-c1cccc2c1P(C(C)(C)C)[C@H](C(C)C)O2,1,central,5684
pretrain,train,COc1cccc(OC)c1-c1cccc2c1[P@@](C(C)(C)C)C(C)(C)O2,1,central,-1
pretrain,train,COc1cccc(OC)c1-c1cccc2c1[P@@](C(C)(C)C)CO2,1,central,-1
pretrain,train,COc1cccc(OC)c1-c1cccc2c1[P@@](C(C)(C)C)[C@@H](C)O2,1,central,-1
pretrain,train,COc1cccc(OC)c1-c1cccc2c1[P@@](C(C)(C)C)[C@@H](Cc1ccccc1)O2,1,central,-1
pretrain,train,COc1cccc(OC)c1-c1cccc2c1[P@@](C(C)(C)C)[C@@H]([C@H]1Oc3cccc(-c4c(OC)cccc4OC)c3[P@@]1C(C)(C)C)O2,1,central,-1
pretrain,train,COc1cccc(OC)c1-c1cccc2c1[P@](C(C)(C)C)C(C)(C)O2,1,central,-1
pretrain,train,COc1cccc(OC)c1-c1cccc2c1[P@](C(C)(C)C)CO2,1,central,-1
pretrain,train,COc1cccc(OC)c1-c1cccc2c1[P@](C(C)(C)C)[C@H](C)O2,1,central,-1
pretrain,train,COc1cccc(OC)c1-c1cccc2c1[P@](C(C)(C)C)[C@H](Cc1c(C(C)C)cc(C(C)C)cc1C(C)C)O2,1,central,-1
pretrain,train,COc1cccc(OC)c1-c1cccc2c1[P@](C(C)(C)C)[C@H](Cc1ccccc1)O2,1,central,-1
pretrain,train,COc1cccc(OC)c1-c1cccc2c1[P@](C(C)(C)C)[C@H]([C@@H]1Oc3cccc(-c4c(OC)cccc4OC)c3[P@]1C(C)(C)C)O2,1,central,-1
pretrain,train,COc1cccc(OC[C@@H](O)CCl)c1,1,central,1182
pretrain,train,COc1cccc(OC[C@H](CCl)OC(C)=O)c1,1,central,1173
pretrain,train,COc1cccc(P(C(C)C)C(C)C)c1-c1c(OC)cccc1P(C(C)C)C(C)C,2,axial,6972
pretrain,train,COc1cccc(P(C2CCCCC2)C2CCCCC2)c1-c1c(OC)cccc1P(C1CCCCC1)C1CCCCC1,2,axial,5789
pretrain,train,COc1cccc(P(c2cc(C(C)(C)C)c(OC)c(C(C)(C)C)c2)c2cc(C(C)(C)C)c(OC)c(C(C)(C)C)c2)c1-c1c(OC)cccc1P(c1cc(C(C)(C)C)c(OC)c(C(C)(C)C)c1)c1cc(C(C)(C)C)c(OC)c(C(C)(C)C)c1,2,axial,6992
pretrain,train,COc1cccc(P(c2cc(C(C)(C)C)cc(C(C)(C)C)c2)c2cc(C(C)(C)C)cc(C(C)(C)C)c2)c1-c1c(OC)cccc1P(c1cc(C(C)(C)C)cc(C(C)(C)C)c1)c1cc(C(C)(C)C)cc(C(C)(C)C)c1,2,axial,6977
pretrain,train,COc1cccc(P(c2cc(C(C)C)c(N(C)C)c(C(C)C)c2)c2cc(C(C)C)c(N(C)C)c(C(C)C)c2)c1-c1c(OC)cccc1P(c1cc(C(C)C)c(N(C)C)c(C(C)C)c1)c1cc(C(C)C)c(N(C)C)c(C(C)C)c1,2,axial,6991
pretrain,train,COc1cccc(P(c2cc(C)cc(C)c2)c2cc(C)cc(C)c2)c1-c1c(OC)cccc1P(c1cc(C)cc(C)c1)c1cc(C)cc(C)c1,2,axial,6993
pretrain,train,COc1cccc(P(c2cc([Si](C)(C)C)cc([Si](C)(C)C)c2)c2cc([Si](C)(C)C)cc([Si](C)(C)C)c2)c1-c1c(OC)cccc1P(c1cc([Si](C)(C)C)cc([Si](C)(C)C)c1)c1cc([Si](C)(C)C)cc([Si](C)(C)C)c1,2,axial,6971
pretrain,train,COc1cccc(P(c2ccc(C)cc2)c2ccc(C)cc2)c1-c1c(OC)cccc1P(c1ccc(C)cc1)c1ccc(C)cc1,2,axial,6957
pretrain,train,COc1cccc(P(c2ccccc2)c2ccccc2)c1-c1c(OC)cccc1P(c1ccccc1)c1ccccc1,2,axial,6956
pretrain,train,COc1cccc(P(c2ccco2)c2ccco2)c1-c1c(OC)cccc1P(c1ccco1)c1ccco1,2,axial,6968
pretrain,train,COc1cccc([C@@H]2Oc3cccc(-c4c(OC)cccc4OC)c3[P@]2C(C)(C)C)n1,1,central,-1
pretrain,train,COc1cccc([C@@H]2Oc3cccc(OC)c3[P@]2C(C)(C)C)n1,1,central,-1
pretrain,train,COc1cccc([C@@]2(c3ccccc3)NC(=O)NC2=O)c1,1,central,2639
pretrain,train,COc1cccc([C@H]2Oc3cccc(-c4c(OC)cccc4OC)c3[P@@]2C(C)(C)C)n1,1,central,-1
pretrain,train,COc1cccc([C@H]2Oc3cccc(OC)c3[P@@]2C(C)(C)C)n1,1,central,-1
pretrain,train,COc1cccc([C@H]2Sc3ccccc3N(C)C2=O)c1,1,central,1259
pretrain,train,COc1cccc([S@](C)=O)c1,1,central,5429
pretrain,train,COc1cccc2c1C(=O)C[C@@H](c1ccccc1)O2,1,central,3000
pretrain,train,COc1cccc2c1C(=O)[C@H](O)[C@@H](c1ccc(O)cc1)O2,1,central,721
pretrain,train,COc1cccc2c1CC[C@@H](N)C2,1,central,1515
pretrain,train,COc1cccc2c1[P@@](C(C)(C)C)[C@@H](P(C(C)(C)C)C(C)(C)C)O2,1,central,5870
pretrain,train,COc1cccc2c1[P@@](C(C)(C)C)[C@@H]([C@H]1Oc3cccc(OC)c3[P@@]1C(C)(C)C)O2,1,central,-1
pretrain,train,COc1cccc2c1[P@@](C(C)(C)C)[C@@H](c1ccccn1)O2,1,central,-1
pretrain,train,COc1cccc2c1[P@](C(C)(C)C)[C@H](P(=O)(C(C)(C)C)C(C)(C)C)O2,1,central,-1
pretrain,train,COc1cccc2c1[P@](C(C)(C)C)[C@H]([C@@H]1Oc3cccc(OC)c3[P@]1C(C)(C)C)O2,1,central,-1
pretrain,train,COc1cccc2c1[P@](C(C)(C)C)[C@H](c1ccccn1)O2,1,central,-1
pretrain,train,COc1ccccc1-c1cccc(CN[C@@H]2CCCC[C@H]2NCc2cccc(-c3ccccc3OC)c2O)c1O,1,central,6160
pretrain,train,COc1ccccc1-c1cccc2c1[P@@](C(C)(C)C)CO2,1,central,-1
pretrain,train,COc1ccccc1-c1cccc2c1[P@@](C(C)(C)C)[C@@H](C(C)C)O2,1,central,-1
pretrain,train,COc1ccccc1-c1cccc2c1[P@](C(C)(C)C)CO2,1,central,-1
pretrain,train,COc1ccccc1-c1cccc2c1[P@](C(C)(C)C)[C@H](C(C)C)O2,1,central,-1
pretrain,train,COc1ccccc1C[C@@H]1c2ccccc2CCN1C(=O)c1cccc2ccccc12,1,central,2172
pretrain,train,COc1ccccc1C[C@H](C)N(C)C(=O)c1cc([N+](=O)[O-])cc([N+](=O)[O-])c1,1,central,4076
pretrain,train,COc1ccccc1N1CCN(C[C@H](O)COc2ccc(-c3cc(C#N)c(O)nc3C)cc2)CC1,1,central,3303
pretrain,train,COc1ccccc1OCCNC[C@@H](O)COc1cccc2[nH]c3ccccc3c12,1,central,1782
pretrain,train,COc1ccccc1OC[C@@H](O)CCl,1,central,1183
pretrain,train,COc1ccccc1OC[C@@H](O)CN1CCN(CC(=O)Nc2c(C)cccc2C)CC1,1,central,4364
pretrain,train,COc1ccccc1OC[C@@H](O)CNC(C)C,1,central,1189
pretrain,train,COc1ccccc1OC[C@@H](O)CO,1,central,3908
pretrain,train,COc1ccccc1OC[C@H](CCl)OC(C)=O,1,central,-1
pretrain,train,COc1ccccc1OC[C@H](O)COC(N)=O,1,central,1209
pretrain,train,COc1ccccc1OC[C@H]1SCCN1C(=O)CC(=O)O,1,central,2758
pretrain,train,COc1ccccc1[C@@H]1O[C@H](CCc2cccnc2)OC[C@@H]1C/C=C\CCC(=O)O,1,central,894
pretrain,train,COc1ccccc1[C@@H]1O[C@H](Cc2cccnc2)OC[C@@H]1C/C=C\CCCC(=O)O,1,central,895
pretrain,train,COc1ccccc1[C@@H]1O[C@H](c2cccnc2)OC[C@@H]1C/C=C\CCC(=O)O,1,central,896
pretrain,train,COc1ccccc1[C@H](C)O,1,central,1274
pretrain,train,COc1ccccc1[C@H](C)OC(=O)Nc1cc([N+](=O)[O-])cc([N+](=O)[O-])c1,1,central,5120
pretrain,train,COc1ccccc1[C@H](N)[C@@H](N)c1ccccc1OC,1,central,6161
pretrain,train,COc1ccccc1[C@H](O)[C@@H](O)c1ccccc1OC,1,central,498
pretrain,train,COc1ccccc1[C@](O)(C(=O)OCCN1CCCCC1)c1cc(C)sc1C,1,central,2900
pretrain,train,COc1ccccc1[P@@](C)(=O)c1ccccc1,1,central,4309
pretrain,train,COc1ccccc1[P@@](CC[P@@](c1ccccc1)c1ccccc1OC)c1ccccc1,1,central,5852
pretrain,train,COc1ccccc1[P@](CC[P@](c1ccccc1)c1ccccc1OC)c1ccccc1,1,central,-1
pretrain,train,COc1ccccc1[S@](=O)Cc1ccccc1,1,central,1441
pretrain,train,COc1ccccc1[S@](C)=O,1,central,1345
pretrain,train,COc1ccccc1[Se](=O)CC(OC)(c1ccccc1)c1ccccc1,1,central,5421
pretrain,train,COc1ccccc1[Se](=O)c1c(C(C)C)cc(C(C)C)cc1C(C)C,1,central,5159
pretrain,train,COc1ccnc(C[S@](=O)c2nc3cc(C)c(C)cc3[nH]2)c1,1,central,5149
pretrain,train,CS(=O)(=O)N[C@@H](c1ccccc1)[C@H](N)c1ccccc1,1,central,6253
pretrain,train,CS(=O)(=O)N[C@@H]1CCCC[C@H]1NS(C)(=O)=O,1,central,6203
pretrain,train,CS(=O)(=O)OCCOCCOc1ccc2ccccc2c1-c1c(OCCOCCOS(C)(=O)=O)ccc2ccccc12,2,axial,1085
pretrain,train,CS(C)(=N)=NC(N)=O,1,central,-1
pretrain,train,CSC1=NN(C(=O)[C@H](O)c2ccccc2)[C@H](c2ccc(Br)cc2)S1,1,central,694
pretrain,train,CSCC[C@@H](CO)NC(=O)c1cc([N+](=O)[O-])cc([N+](=O)[O-])c1,1,central,2708
pretrain,train,CSCC[C@@H](COC(=O)c1cc([N+](=O)[O-])cc([N+](=O)[O-])c1)NC(=O)c1cc([N+](=O)[O-])cc([N+](=O)[O-])c1,1,central,1897
pretrain,train,CSCC[C@@H](N)C(=O)O,1,central,1484
pretrain,train,CSCC[C@@H](NC(=O)CN)C(=O)O,1,central,2139
pretrain,train,CSCC[C@@H](NC(=O)OCC1c2ccccc2-c2ccccc21)C(=O)O,1,central,3921
pretrain,train,CSCC[C@@H](NC(=O)c1cc([N+](=O)[O-])cc([N+](=O)[O-])c1)C(=O)O,1,central,1882
pretrain,train,CSCC[C@@H](NC(=O)c1cc([N+](=O)[O-])cc([N+](=O)[O-])c1)C(=O)OC(C)C,1,central,3481
pretrain,train,CSCC[C@@H](NC(=O)c1cc([N+](=O)[O-])cc([N+](=O)[O-])n1)C(=O)O,1,central,1880
pretrain,train,CSCC[C@@H](NC(=O)c1ccc([N+](=O)[O-])cc1)C(=O)OC(C)C,1,central,3947
pretrain,train,CSCC[C@@H](NC(=O)n1c2ccccc2c2ccccc21)C(=O)O,1,central,3410
pretrain,train,CSCC[C@@H](NS(=O)(=O)c1cccc2c(N(C)C)cccc12)C(=O)O,1,central,1743
pretrain,train,CSCC[C@@H]1NC(=S)N(c2ccccc2)C1=O,1,central,3664
pretrain,train,CSCC[C@H](N)C(=O)Nc1ccc2ccccc2c1,1,central,4349
pretrain,train,CSCC[C@H](NC(=O)OCc1ccccc1)C(=O)O,1,central,1496
pretrain,train,CSCC[C@H](NC(=O)OCc1ccccc1)C(=O)OCc1ccccc1,1,central,4771
pretrain,train,CSCC[C@H](NC(=O)c1cccc2ccccc12)C(=O)O,1,central,1881
pretrain,train,CSCC[C@H](NC(=O)c1ccccc1)C(=O)O,1,central,1722
pretrain,train,CSCC[C@H](NC(C)=O)C(=O)Nc1ccc2ccccc2c1,1,central,3447
pretrain,train,CSCC[C@H](Nc1ccc([N+](=O)[O-])cc1[N+](=O)[O-])C(=O)O,1,central,4323
pretrain,train,CSCC[C@H]([NH3+])C(=O)O.OCl,1,central,-1
pretrain,train,CSCC[C@H]1N=C(c2ccccc2)c2cc(Cl)ccc2NC1=O,1,central,3717
pretrain,train,CSCC[C@H]1NC(=S)N(C)C1=O,1,central,1754
pretrain,train,CSCC[C@](C)(N)C(=O)O,1,central,2160
pretrain,train,CSC[S@@](C)=O,1,central,4068
pretrain,train,CS[C@H]1CCCCC1=O,1,central,2082
pretrain,train,CS[C@H]1CCOC1=O,1,central,2088
pretrain,train,CS[S@@](C)=O,1,central,1798
pretrain,train,CS[S@](=O)c1ccccc1,1,central,1794
pretrain,train,CSc1c2cccc1CN(S(=O)(=O)c1ccc(C)cc1)c1cccc(c1)SC2,4,planar,5618
pretrain,train,CSc1c2ccccc2c([C@@H](O)C(F)(F)F)c2ccccc12,1,central,4575
pretrain,train,CSc1ccc([C@H](O)[C@H](CO)NC(C)=O)cc1,1,central,119
pretrain,train,CSc1ccc([C@H]2CN3CCC[C@@H]3c3ccccc32)cc1,1,central,19
pretrain,train,CSc1ccc2c(c1)N(CCC1CCCCN1C)c1ccccc1S2=O,1,central,698
pretrain,train,CSc1ccc2c(c1)N(CC[C@@H]1CCCCN1)c1ccccc1S2,1,central,5010
pretrain,train,CSc1ccc2c(c1)N(CC[C@@H]1CCCCN1C)c1ccccc1S2,1,central,3905
pretrain,train,CSc1ccc2ccccc2c1-c1c(SC)ccc2ccccc12,2,axial,1031
pretrain,train,CSc1ccccc1C1=N[C@@H](c2ccccc2)CO1,1,central,6603
pretrain,train,CSc1ccccc1C1=N[C@H](C(C)C)CO1,1,central,6601
pretrain,train,CSc1ccccc1C1=N[C@H](c2ccccc2)CO1,1,central,6602
pretrain,train,C[C@@H](/C(=N/OC(=O)Nc1cc([N+](=O)[O-])cc([N+](=O)[O-])c1)c1ccccc1)c1ccccc1,1,central,4428
pretrain,train,C[C@@H](Br)C(=O)N(C)Cc1ccccc1,1,central,2017
pretrain,train,C[C@@H](Br)C(=O)N(C)c1ccccc1,1,central,2019
pretrain,train,C[C@@H](Br)C(=O)NC1CCCCC1,1,central,2015
pretrain,train,C[C@@H](Br)C(=O)Nc1cc([N+](=O)[O-])cc([N+](=O)[O-])c1,1,central,2546
pretrain,train,C[C@@H](Br)C(=O)Oc1cccc2ccccc12,1,central,2013
pretrain,train,C[C@@H](C#N)c1ccccc1,1,central,4067
pretrain,train,C[C@@H](C(=O)NCC(=O)O)c1ccccc1,1,central,1466
pretrain,train,C[C@@H](C(=O)NCc1cccc2ccccc12)c1ccc(-c2ccccc2)c(F)c1,1,central,5093
pretrain,train,C[C@@H](C(=O)NCc1cccc2ccccc12)c1ccc2oc(-c3ccc(Cl)cc3)nc2c1,1,central,4117
pretrain,train,C[C@@H](C(=O)Nc1cc([N+](=O)[O-])cc([N+](=O)[O-])c1)c1ccc(-c2ccccc2)c(F)c1,1,central,3404
pretrain,train,C[C@@H](C(=O)Nc1cc([N+](=O)[O-])cc([N+](=O)[O-])c1)c1ccccc1,1,central,1418
pretrain,train,C[C@@H](C(=O)Nc1cccc2ccccc12)c1ccc2c(c1)Cc1ccccc1-2,1,central,2963
pretrain,train,C[C@@H](C(=O)Nc1cccc2ccccc12)c1ccc2c(c1)[nH]c1cc(Cl)ccc12,1,central,2966
pretrain,train,C[C@@H](C(=O)Nc1cccc2ccccc12)c1cccc(Oc2ccccc2)c1,1,central,2965
pretrain,train,C[C@@H](C(=O)Nc1cccc2ccccc12)c1ccccc1,1,central,1444
pretrain,train,C[C@@H](C(=O)Nc1ccccc1)[C@@H](C)C(=O)Nc1ccccc1,1,central,184
pretrain,train,C[C@@H](C(=O)Nc1ccccc1)c1cccc(Oc2ccccc2)c1,1,central,4461
pretrain,train,C[C@@H](C(=O)Nc1ccccc1)c1cccc2ccccc12,1,central,4470
pretrain,train,C[C@@H](C(=O)O)c1ccc(C(=O)c2ccccc2)s1,1,central,1564
pretrain,train,C[C@@H](C(=O)O)c1ccc(C(=O)c2cccs2)cc1,1,central,2462
pretrain,train,C[C@@H](C(=O)O)c1ccc(C(=O)c2ccsc2)cc1,1,central,5257
pretrain,train,C[C@@H](C(=O)O)c1ccc(N2CC=CC2)c(Cl)c1,1,central,1568
pretrain,train,C[C@@H](C(=O)O)c1ccc(N2Cc3ccccc3C2=O)cc1,1,central,1774
pretrain,train,C[C@@H](C(=O)O)c1ccc([N+](=O)[O-])cc1,1,central,1937
pretrain,train,C[C@@H](C(=O)O)c1ccc2c(c1)CC(=O)c1ccccc1S2,1,central,3202
pretrain,train,C[C@@H](C(=O)O)c1ccc2c(c1)Cc1ccccc1-2,1,central,1566
pretrain,train,C[C@@H](C(=O)O)c1ccc2c(c1)Cc1cccnc1O2,1,central,2367
pretrain,train,C[C@@H](C(=O)O)c1ccc2c(c1)[nH]c1ccc(Cl)cc12,1,central,1565
pretrain,train,C[C@@H](C(=O)O)c1ccc2oc(-c3ccc(Cl)cc3)nc2c1,1,central,2463
pretrain,train,C[C@@H](C(=O)O)c1cccc(C(=O)c2cccs2)c1,1,central,5258
pretrain,train,C[C@@H](C(=O)O)c1cccc(Oc2ccccc2)c1,1,central,1567
pretrain,train,C[C@@H](C(=O)O)c1ccccc1,1,central,1938
pretrain,train,C[C@@H](C(=O)OCCCl)c1ccc([N+](=O)[O-])cc1,1,central,1936
pretrain,train,C[C@@H](C(=O)OCCCl)c1ccc2c(c1)[nH]c1ccc(Cl)cc12,1,central,1935
pretrain,train,C[C@@H](C(N)=O)c1ccccc1,1,central,5020
pretrain,train,C[C@@H](C1=C(CCN(C)C)Cc2ccccc21)c1ccccn1,1,central,3682
pretrain,train,C[C@@H](C1=C(CC[NH+](C)C)Cc2ccccc21)c1cccc[nH+]1.O=C([O-])/C=C\C(=O)[O-],1,central,-1
pretrain,train,C[C@@H](C=O)c1ccccc1,1,central,5499
pretrain,train,C[C@@H](CC(=O)Nc1cccc2ccccc12)c1ccccc1,1,central,2881
pretrain,train,C[C@@H](CC(=O)c1ccccc1)c1ccccc1,1,central,4003
pretrain,train,C[C@@H](CC(C)(C)O)OC(=O)Nc1cc([N+](=O)[O-])cc([N+](=O)[O-])c1,1,central,1952
pretrain,train,C[C@@H](CC(c1ccccc1)c1ccccc1)NC(=O)Nc1cc([N+](=O)[O-])cc([N+](=O)[O-])c1,1,central,3776
pretrain,train,C[C@@H](CCCN)Nc1ccnc2cc(Cl)ccc12,1,central,1202
pretrain,train,C[C@@H](CCO)NC(=O)c1cc([N+](=O)[O-])cc([N+](=O)[O-])c1,1,central,4591
pretrain,train,C[C@@H](CCOC(=O)Cc1cccc2ccccc12)c1ccccc1,1,central,2802
pretrain,train,C[C@@H](CCOC(=O)NC1c2ccccc2-c2ccccc21)c1ccccc1,1,central,2836
pretrain,train,C[C@@H](CCOC(=O)Nc1cccc2ccccc12)c1ccccc1,1,central,2845
pretrain,train,C[C@@H](CCOC(=O)c1ccccc1)c1ccccc1,1,central,4049
pretrain,train,C[C@@H](CC[C@H](C)P(c1ccccc1)c1ccccc1)P(c1ccccc1)c1ccccc1,1,central,6981
pretrain,train,C[C@@H](CCc1ccc(O)cc1)NCCc1ccc(O)c(O)c1,1,central,3786
pretrain,train,C[C@@H](CCc1ccccc1)NC(=O)Nc1cccc2ccccc12,1,central,1442
pretrain,train,C[C@@H](CCc1ccccc1)NC(=O)c1ccccc1,1,central,5413
pretrain,train,C[C@@H](CCc1ccccc1)NC[C@@H](O)c1ccc(O)c(C(N)=O)c1,1,central,0
pretrain,train,C[C@@H](CCc1ccccc1)NC[C@H](O)c1ccc(O)c(C(N)=O)c1,1,central,1
pretrain,train,C[C@@H](CCc1ccccc1)OC(=O)Nc1cccc2ccccc12,1,central,1451
pretrain,train,C[C@@H](CN(C)C)CN1c2ccccc2CCc2ccccc21,1,central,1919
pretrain,train,C[C@@H](CN(C)C)CN1c2ccccc2Sc2ccccc21,1,central,1921
pretrain,train,C[C@@H](CN(C)C)OC(=O)Nc1cc([N+](=O)[O-])cc([N+](=O)[O-])c1,1,central,3397
pretrain,train,C[C@@H](CN(C)C)OC(=O)Nc1ccccc1,1,central,3174
pretrain,train,C[C@@H](CN(CCC(c1ccccc1)c1ccccc1)C(=O)c1ccccc1)c1ccccc1,1,central,4085
pretrain,train,C[C@@H](CN)C(=O)O,1,central,2261
pretrain,train,C[C@@H](CN1CCN(CCOCCO)CC1)CN1c2ccccc2Sc2ccccc21,1,central,3109
pretrain,train,C[C@@H](CN1c2ccccc2Sc2ccccc21)N(C)C,1,central,3676
pretrain,train,C[C@@H](CNC(=O)OCc1ccccc1)C(=O)OCc1ccccc1,1,central,4809
pretrain,train,C[C@@H](CNC(=O)c1cc([N+](=O)[O-])cc([N+](=O)[O-])c1)OC(=O)c1cc([N+](=O)[O-])cc([N+](=O)[O-])c1,1,central,1891
pretrain,train,C[C@@H](CO)Cc1ccccc1,1,central,3232
pretrain,train,C[C@@H](CO)NC(=O)c1ccc2ccccc2c1,1,central,4548
pretrain,train,C[C@@H](CO)NC(=O)c1cccc2ccccc12,1,central,3505
pretrain,train,C[C@@H](CO)c1cccc2ccccc12,1,central,1852
pretrain,train,C[C@@H](CO)c1ccccc1,1,central,1284
pretrain,train,C[C@@H](COC(=O)Nc1cc([N+](=O)[O-])cc([N+](=O)[O-])c1)OC(=O)Nc1cc([N+](=O)[O-])cc([N+](=O)[O-])c1,1,central,4028
pretrain,train,C[C@@H](COC(=O)Nc1cc([N+](=O)[O-])cc([N+](=O)[O-])c1)c1ccccc1,1,central,1854
pretrain,train,C[C@@H](COC(=O)c1ccccc1)OC(=O)c1ccccc1,1,central,4040
pretrain,train,C[C@@H](COc1ccccc1)N(CCCl)Cc1ccccc1,1,central,5035
pretrain,train,C[C@@H](COc1ccccc1Cc1ccccc1)N1CCCCC1,1,central,3680
pretrain,train,C[C@@H](CP(c1ccccc1)c1ccccc1)P(c1ccccc1)c1ccccc1,1,central,7008
pretrain,train,C[C@@H](C[C@H](C)OP1N(c2ccccc2)[C@@H]2CCCC[C@H]2N1c1ccccc1)OP1N(c2ccccc2)[C@@H]2CCCC[C@H]2N1c1ccccc1,2,axial,5872
pretrain,train,C[C@@H](C[C@H](C)OP1N(c2ccccc2)[C@H]2CCCC[C@@H]2N1c1ccccc1)OP1N(c2ccccc2)[C@H]2CCCC[C@@H]2N1c1ccccc1,2,axial,5873
pretrain,train,C[C@@H](C[C@H](C)P(c1ccc(C(C)(C)C)cc1)c1ccc(C(C)(C)C)cc1)P(c1ccc(C(C)(C)C)cc1)c1ccc(C(C)(C)C)cc1,1,central,7022
pretrain,train,C[C@@H](C[C@H](C)P(c1ccccc1)c1ccccc1)P(c1ccccc1)c1ccccc1,1,central,7014
pretrain,train,C[C@@H](Cc1ccccc1)N(C)C(=O)c1ccccc1,1,central,3284
pretrain,train,C[C@@H](Cc1ccccc1)N(C)CCN1C=NC2C1C(=O)N(C)C(=O)N2C,1,central,3079
pretrain,train,C[C@@H](Cc1ccccc1)N(CCCCl)C(=O)c1cc([N+](=O)[O-])cc([N+](=O)[O-])c1,1,central,4084
pretrain,train,C[C@@H](Cc1ccccc1)NC(=O)Cc1cc2ccccc2c2ccccc12,1,central,2849
pretrain,train,C[C@@H](Cc1ccccc1)NC(=O)Nc1cc([N+](=O)[O-])cc([N+](=O)[O-])c1,1,central,3821
pretrain,train,C[C@@H](Cc1ccccc1)NC(=O)Nc1ccccc1,1,central,3243
pretrain,train,C[C@@H](Cc1ccccc1)NC(=O)c1cc([N+](=O)[O-])cc([N+](=O)[O-])c1,1,central,1861
pretrain,train,C[C@@H](Cc1ccccc1)OC(=O)Nc1cccc2ccccc12,1,central,5325
pretrain,train,C[C@@H](Cl)C(=O)N(C)C1CCCCC1,1,central,2023
pretrain,train,C[C@@H](Cl)C(=O)N(C)Cc1ccccc1,1,central,2026
pretrain,train,C[C@@H](Cl)C(=O)N(C)c1ccccc1,1,central,2028
pretrain,train,C[C@@H](Cl)C(=O)NC1CCCCC1,1,central,2024
pretrain,train,C[C@@H](Cl)C(=O)Nc1ccccc1,1,central,2029
pretrain,train,C[C@@H](N)C(=O)NCC(=O)NCC(=O)O,1,central,2246
pretrain,train,C[C@@H](N)C(=O)NCc1ccccc1,1,central,5047
pretrain,train,C[C@@H](N)C(=O)Nc1ccc2ccccc2c1,1,central,4586
pretrain,train,C[C@@H](N)C(=O)Nc1ccccc1,1,central,5048
pretrain,train,C[C@@H](N)C(O)(c1ccccc1)c1ccccc1,1,central,6272
pretrain,train,C[C@@H](N)CC(=O)O,1,central,2260
pretrain,train,C[C@@H](N)Cc1c[nH]c2ccccc12,1,central,4831
pretrain,train,C[C@@H](N)Cc1ccccc1,1,central,3914
pretrain,train,C[C@@H](N)[C@@H](O)c1ccc(O)cc1,1,central,127
pretrain,train,C[C@@H](N)[C@@H](O)c1cccc(O)c1,1,central,128
pretrain,train,C[C@@H](N)[C@@H](c1ccccc1)P(c1ccccc1)c1ccccc1,1,central,7016
pretrain,train,C[C@@H](N)[C]1[CH][CH][CH][CH]1.[CH]1[CH][CH][CH][CH]1.[Fe],1,central,-1
pretrain,train,C[C@@H](N)c1cccc(Cl)c1Cl,1,central,2361
pretrain,train,C[C@@H](N)c1ccccc1,1,central,2240
pretrain,train,C[C@@H](N)c1ccccc1P(c1ccccc1)c1ccccc1,1,central,6976
pretrain,train,C[C@@H](N=C(c1ccccn1)c1ccccn1)c1ccccc1P(c1ccccc1)c1ccccc1,1,central,6987
pretrain,train,C[C@@H](NC(=O)C(=O)NN)c1ccccc1,1,central,3182
pretrain,train,C[C@@H](NC(=O)C(Cl)Cl)c1cccc2ccccc12,1,central,3444
pretrain,train,C[C@@H](NC(=O)CCl)c1cccc2ccccc12,1,central,3445
pretrain,train,C[C@@H](NC(=O)CN)C(=O)O,1,central,2145
pretrain,train,C[C@@H](NC(=O)Cc1cc2ccccc2c2ccccc12)c1ccccc1,1,central,2796
pretrain,train,C[C@@H](NC(=O)Cc1cccc2ccccc12)c1ccccc1,1,central,2808
pretrain,train,C[C@@H](NC(=O)NC1c2ccccc2-c2ccccc21)c1ccccc1,1,central,2841
pretrain,train,C[C@@H](NC(=O)Nc1cc([N+](=O)[O-])cc([N+](=O)[O-])c1)c1ccccc1,1,central,4271
pretrain,train,C[C@@H](NC(=O)OC(C)(C)C)C(=O)Nc1ccccc1,1,central,4226
pretrain,train,C[C@@H](NC(=O)OC(C)(C)C)C(=O)O,1,central,1717
pretrain,train,C[C@@H](NC(=O)OC(C)(C)C)C(=O)OCc1ccccc1,1,central,4821
pretrain,train,C[C@@H](NC(=O)OCC1c2ccccc2-c2ccccc21)C(=O)Nc1ccccc1,1,central,4233
pretrain,train,C[C@@H](NC(=O)OCc1ccccc1)C(=O)N[C@@H](Cc1ccccc1)C(=O)OCc1ccccc1,1,central,32
pretrain,train,C[C@@H](NC(=O)OCc1ccccc1)C(=O)N[C@H](C)C(=O)OCc1ccccc1,1,central,31
pretrain,train,C[C@@H](NC(=O)OCc1ccccc1)C(=O)N[C@H](Cc1ccccc1)C(=O)OCc1ccccc1,1,central,33
pretrain,train,C[C@@H](NC(=O)OCc1ccccc1)C(=O)Nc1ccccc1,1,central,4219
pretrain,train,C[C@@H](NC(=O)Oc1ccc2ccccc2c1)[C@@H](O)c1ccccc1,1,central,627
pretrain,train,C[C@@H](NC(=O)Oc1ccc2ccccc2c1)[C@H](O)c1ccccc1,1,central,626
pretrain,train,C[C@@H](NC(=O)[C@@H](Cc1ccccc1)NC(=O)OCc1ccccc1)C(=O)OCc1ccccc1,1,central,35
pretrain,train,C[C@@H](NC(=O)[C@H](Cc1ccccc1)NC(=O)OCc1ccccc1)C(=O)OCc1ccccc1,1,central,34
pretrain,train,C[C@@H](NC(=O)c1c(F)c(F)c(F)c(F)c1F)C(=O)OC(C)(C)Cc1ccc(Cl)cc1,1,central,3022
pretrain,train,C[C@@H](NC(=O)c1cc(C#N)cc(C#N)c1)c1ccccc1,1,central,4359
pretrain,train,C[C@@H](NC(=O)c1cc(Cl)cc(Cl)c1)c1ccccc1,1,central,1632
pretrain,train,C[C@@H](NC(=O)c1cc([N+](=O)[O-])c2c([N+](=O)[O-])cc([N+](=O)[O-])cc2c1)c1ccccc1,1,central,4353
pretrain,train,C[C@@H](NC(=O)c1cc([N+](=O)[O-])cc([N+](=O)[O-])c1)C(=O)O,1,central,2531
pretrain,train,C[C@@H](NC(=O)c1cc([N+](=O)[O-])cc([N+](=O)[O-])c1)C(C)(C)C,1,central,1572
pretrain,train,C[C@@H](NC(=O)c1cc([N+](=O)[O-])cc([N+](=O)[O-])c1)C(OC(=O)c1cc([N+](=O)[O-])cc([N+](=O)[O-])c1)(c1ccccc1)c1ccccc1,1,central,1604
pretrain,train,C[C@@H](NC(=O)c1cc([N+](=O)[O-])cc([N+](=O)[O-])c1)C1CCCCC1,1,central,2564
pretrain,train,C[C@@H](NC(=O)c1cc([N+](=O)[O-])cc([N+](=O)[O-])c1)[C@H](/C=C/c1ccccc1)OC(=O)c1cc([N+](=O)[O-])cc([N+](=O)[O-])c1,1,central,12
pretrain,train,C[C@@H](NC(=O)c1cc([N+](=O)[O-])cc([N+](=O)[O-])c1)c1ccc(-c2ccccc2)cc1,1,central,4610
pretrain,train,C[C@@H](NC(=O)c1cc([N+](=O)[O-])cc([N+](=O)[O-])n1)C(=O)O,1,central,1873
pretrain,train,C[C@@H](NC(=O)c1ccc([N+](=O)[O-])c([N+](=O)[O-])c1)c1ccccc1,1,central,4356
pretrain,train,C[C@@H](NC(=O)c1ccc([N+](=O)[O-])cc1)c1ccccc1,1,central,4361
pretrain,train,C[C@@H](NC(=O)c1ccc2c(ccc3ccccc32)c1)c1ccccc1,1,central,2783
pretrain,train,C[C@@H](NC(=O)c1ccc2ccccc2c1)c1ccccc1,1,central,3204
pretrain,train,C[C@@H](NC(=O)c1cccc2ccccc12)C(=O)OC(C)(C)Cc1ccc(Cl)cc1,1,central,3023
pretrain,train,C[C@@H](NC(=O)c1cccc2ccccc12)C(C)(C)C,1,central,3518
pretrain,train,C[C@@H](NC(=O)c1cccc2ccccc12)C1CCCCC1,1,central,1962
pretrain,train,C[C@@H](NC(=O)c1cccc2ccccc12)c1ccc2ccccc2c1,1,central,3512
pretrain,train,C[C@@H](NC(=O)c1cccc2ccccc12)c1cccs1,1,central,3513
pretrain,train,C[C@@H](NC(=O)c1ccccc1)C(=O)OCc1ccccc1,1,central,4823
pretrain,train,C[C@@H](NC(=O)c1ccccc1)C1CCCCC1,1,central,1961
pretrain,train,C[C@@H](NC(=O)c1ccccc1)c1ccccc1,1,central,1591
pretrain,train,C[C@@H](NC(=O)c1ccccc1C(=O)O)c1ccccc1,1,central,1230
pretrain,train,C[C@@H](NC(=O)c1ccccc1[N+](=O)[O-])c1ccccc1,1,central,4363
pretrain,train,C[C@@H](NC(=O)n1c2ccccc2c2ccccc21)C(=O)O,1,central,1773
pretrain,train,C[C@@H](NC=O)C(=O)OCc1ccccc1,1,central,1638
pretrain,train,C[C@@H](NCc1ccccc1)[C]1[CH][CH][CH][CH]1.[CH]1[CH][CH][CH][CH]1.[Fe],1,central,-1
pretrain,train,C[C@@H](NS(=O)(=O)c1ccccc1)C(=O)O,1,central,4008
pretrain,train,C[C@@H](NS(=O)C(C)(C)C)c1ccccc1P(c1ccccc1)c1ccccc1,1,central,-1
pretrain,train,C[C@@H](Nc1nnc(-c2c(P(c3ccccc3)c3ccccc3)ccc3ccccc23)c2ccccc12)c1ccccc1,2,axial,7018
pretrain,train,C[C@@H](O)C#Cc1ccccc1,1,central,3337
pretrain,train,C[C@@H](O)C(=O)O,1,central,1483
pretrain,train,C[C@@H](O)C(c1ccccc1)(c1ccccc1)c1ccccc1,1,central,2412
pretrain,train,C[C@@H](O)C/N=C/c1ccccc1O,1,central,2281
pretrain,train,C[C@@H](O)C1=CCCCC1=O,1,central,2615
pretrain,train,C[C@@H](O)C1=CCCCCC1=O,1,central,2614
pretrain,train,C[C@@H](O)CCC1CCCCC1,1,central,2623
pretrain,train,C[C@@H](O)CCO,1,central,4064
pretrain,train,C[C@@H](O)CC[C@@H](C)O,1,central,6343
pretrain,train,C[C@@H](O)CCc1ccccc1,1,central,1277
pretrain,train,C[C@@H](O)CN(C)C(=O)Nc1cccc2ccccc12,1,central,2200
pretrain,train,C[C@@H](O)COc1ccccc1,1,central,3025
pretrain,train,C[C@@H](O)C[C@@H](C)O,1,central,6342
pretrain,train,C[C@@H](O)Cc1ccc2oc(C(=O)O)cc(=O)c2c1,1,central,1833
pretrain,train,C[C@@H](O)Cc1ccccc1,1,central,1283
pretrain,train,C[C@@H](O)[C@@H]1CCCN1,1,central,5991
pretrain,train,C[C@@H](O)[C@H](N)C(=O)O,1,central,16
pretrain,train,C[C@@H](O)[C@H](N)CP(c1ccccc1)c1ccccc1,1,central,6954
pretrain,train,C[C@@H](O)[C@H](NS(=O)(=O)c1cccc2c(N(C)C)cccc12)C(=O)O,1,central,42
pretrain,train,C[C@@H](O)[C@H]1CCC(=O)O1,1,central,679
pretrain,train,C[C@@H](O)[C]1[CH][CH][CH][CH]1.[CH]1[CH][CH][CH][CH]1.[Fe],1,central,-1
pretrain,train,C[C@@H](O)[C]1[CH][CH][CH][CH]1.[CH]1[CH][CH][CH][CH]1.[Os],1,central,-1
pretrain,train,C[C@@H](O)[C]1[CH][CH][CH][CH]1.[CH]1[CH][CH][CH][CH]1.[Ru],1,central,-1
pretrain,train,C[C@@H](O)c1ccc(C(F)(F)F)cc1,1,central,1273
pretrain,train,C[C@@H](O)c1ccc(C=O)cc1,1,central,2166
pretrain,train,C[C@@H](O)c1cccc2ccccc12,1,central,2887
pretrain,train,C[C@@H](O)c1ccco1,1,central,3591
pretrain,train,C[C@@H](OC(=O)C(C)(C)C)c1ccncc1,1,central,4837
pretrain,train,C[C@@H](OC(=O)Nc1cc([N+](=O)[O-])cc([N+](=O)[O-])c1)c1cccc2ccccc12,1,central,1589
pretrain,train,C[C@@H](OC(=O)Nc1cc([N+](=O)[O-])cc([N+](=O)[O-])c1)c1ccco1,1,central,3113
pretrain,train,C[C@@H](OC(=O)Nc1cc([N+](=O)[O-])cc([N+](=O)[O-])c1)c1cccs1,1,central,3111
pretrain,train,C[C@@H](OC(=O)Nc1ccccc1)c1ccccc1,1,central,3205
pretrain,train,C[C@@H](OC(=O)c1cc([N+](=O)[O-])cc([N+](=O)[O-])c1)c1c2ccccc2cc2ccccc12,1,central,3806
pretrain,train,C[C@@H](OC(=O)c1ccc([N+](=O)[O-])cc1)c1ccccc1,1,central,4377
pretrain,train,C[C@@H](OC(=O)c1ccc2ccccc2c1)c1ccccc1,1,central,4375
pretrain,train,C[C@@H](OC(=O)c1cccc2c1-c1ccccc1C2=O)c1ccccc1,1,central,2852
pretrain,train,C[C@@H](OO)c1ccccc1,1,central,1541
pretrain,train,C[C@@H](Oc1ccc(-c2ccc(F)cc2F)cc1)C(=O)O,1,central,2949
pretrain,train,C[C@@H](Oc1ccc(-c2ccccc2)cc1)C(=O)NCc1cccc2ccccc12,1,central,2909
pretrain,train,C[C@@H](Oc1ccc(-c2ccccc2)cc1)C(=O)O,1,central,2950
pretrain,train,C[C@@H](Oc1ccc(Cc2ccccc2)cc1)C(=O)NCc1cccc2ccccc12,1,central,2908
pretrain,train,C[C@@H](Oc1ccc(Cl)cc1)C(=O)NCc1cccc2ccccc12,1,central,1806
pretrain,train,C[C@@H](Oc1ccc(Cl)cc1)C(=O)OC1CCCC1,1,central,2109
pretrain,train,C[C@@H](Oc1ccc(Cl)cc1)C(=O)OC1CCCCC1,1,central,2108
pretrain,train,C[C@@H](Oc1ccc(Cl)cc1Cl)C(=O)N(c1ccccc1)c1ccccc1,1,central,2509
pretrain,train,C[C@@H](Oc1ccc(Cl)cc1Cl)C(=O)O,1,central,1839
pretrain,train,C[C@@H](Oc1ccc(Cl)cc1Cl)C(=O)OC1CCCC1,1,central,2105
pretrain,train,C[C@@H](Oc1ccc(Cl)cc1Cl)C(=O)OC1CCCCC1,1,central,2104
pretrain,train,C[C@@H](Oc1ccc(F)cc1)C(=O)NCc1cccc2ccccc12,1,central,1807
pretrain,train,C[C@@H](Oc1ccc(F)cc1)C(=O)O,1,central,1847
pretrain,train,C[C@@H](Oc1ccc(I)cc1)C(=O)O,1,central,1231
pretrain,train,C[C@@H](Oc1ccc(O)cc1)C(=O)O,1,central,4020
pretrain,train,C[C@@H](Oc1ccc(Oc2ccccc2)cc1)C(=O)NCc1cccc2ccccc12,1,central,2907
pretrain,train,C[C@@H](Oc1cccc(Cl)c1)C(=O)O,1,central,2111
pretrain,train,C[C@@H](Oc1cccc(Cl)c1)C(=O)OC1CCCC1,1,central,2113
pretrain,train,C[C@@H](Oc1cccc(Cl)c1)C(=O)OC1CCCCC1,1,central,2112
pretrain,train,C[C@@H](Oc1cccc2ccccc12)C(=O)O,1,central,1838
pretrain,train,C[C@@H](Oc1ccccc1)C(=O)O,1,central,2779
pretrain,train,C[C@@H](Oc1ccccc1)C(=O)OC1CCCC1,1,central,2119
pretrain,train,C[C@@H](Oc1ccccc1)C(=O)OC1CCCCC1,1,central,2118
pretrain,train,C[C@@H](Oc1ccccc1Cl)C(=O)OC1CCCC1,1,central,2116
pretrain,train,C[C@@H](Oc1ccccc1Cl)C(=O)OC1CCCCC1,1,central,2115
pretrain,train,C[C@@H](Oc1nnc(-c2c(P(c3ccccc3)c3ccccc3)ccc3ccccc23)c2ccccc12)c1ccccc1,2,axial,7017
pretrain,train,C[C@@H]([C@@H](O)c1ccccc1)N(C)C(=O)Nc1cccc2ccccc12,1,central,310
pretrain,train,C[C@@H]([C@H](C)P(c1ccccc1)c1ccccc1)P(c1ccccc1)c1ccccc1,1,central,7007
pretrain,train,C[C@@H]([C@H](O)c1ccc(O)cc1)N(C)C(=O)Oc1ccc2ccccc2c1,1,central,4513
pretrain,train,C[C@@H]([C@H](O)c1ccccc1)N(C)C(=O)c1cc([N+](=O)[O-])cc([N+](=O)[O-])c1,1,central,5229
pretrain,train,C[C@@H]([C@H](OC(=O)c1cc([N+](=O)[O-])cc([N+](=O)[O-])c1)c1ccccc1)N(C)C(=O)c1cc([N+](=O)[O-])cc([N+](=O)[O-])c1,1,central,101
pretrain,train,C[C@@H](c1ccc(Cl)c(Cl)c1)N1N=C(N)CC1=O,1,central,1246
pretrain,train,C[C@@H](c1cccc2ccccc12)N([C@@H](C)c1cccc2ccccc12)p1oc2ccc3ccccc3c2c2c(ccc3ccccc32)o1,2,axial,5811
pretrain,train,C[C@@H](c1cccc2ccccc12)n1cc[n+]([C@@H](C)c2cccc3ccccc23)c1.F[B-](F)(F)F,1,central,-1
pretrain,train,C[C@@H](c1cccc2ccccc12)n1cc[n+]([C@@H](C)c2cccc3ccccc23)c1.[Cl-],1,central,-1
pretrain,train,C[C@@H](c1ccccc1)N(C)C(=O)Nc1cc([N+](=O)[O-])cc([N+](=O)[O-])c1,1,central,1599
pretrain,train,C[C@@H](c1ccccc1)N(CCC(c1ccccc1)c1ccccc1)C(=O)c1ccc([N+](=O)[O-])cc1,1,central,4088
pretrain,train,C[C@@H](c1ccccc1)N(CCC(c1ccccc1)c1ccccc1)C(=S)Nc1ccccc1,1,central,4090
pretrain,train,C[C@@H](c1ccccc1)N([C@@H](C)c1ccccc1)p1oc2ccc3c(c2c2c4c(ccc2o1)CCCC4)CCCC3,2,axial,5829
pretrain,train,C[C@@H](c1ccccc1)N([C@@H](C)c1ccccc1)p1oc2ccc3ccccc3c2c2c(ccc3ccccc32)o1,2,axial,5808
pretrain,train,C[C@@H](c1ccccc1)N([C@@H](C)c1ccccc1)p1oc2ccccc2c2ccccc2o1,2,axial,5838
pretrain,train,C[C@@H](c1ccccc1)c1ccc(Cl)cc1O,1,central,4830
pretrain,train,C[C@@H](c1ccccc1)c1ccc(O)cc1,1,central,3137
pretrain,train,C[C@@H](c1ccccc1)n1cc[n+]([C@@H](C)c2ccccc2)c1.F[B-](F)(F)F,1,central,-1
pretrain,train,C[C@@H](c1ccccc1)n1cc[n+]([C@@H](C)c2ccccc2)c1.[Cl-],1,central,-1
pretrain,train,C[C@@H](c1cccnc1)N(C)Cc1ccc2ccccc2c1,1,central,5486
pretrain,train,C[C@@H](c1cccnc1)N(C)Cc1cccc2ccccc12,1,central,5487
pretrain,train,C[C@@H](c1cccnc1)N(C)Cc1ccccc1,1,central,5488
pretrain,train,C[C@@H]1C(=O)N[C@@H]1OC(=O)c1ccccc1,1,central,176
pretrain,train,C[C@@H]1C=Cc2cc([N+](=O)[O-])ccc21,1,central,5398
pretrain,train,C[C@@H]1CC(=O)NN=C1c1ccc(N)cc1,1,central,1356
pretrain,train,C[C@@H]1CC(=O)NN=C1c1ccc(NC(=O)CCBr)cc1,1,central,1357
pretrain,train,C[C@@H]1CC(=O)NN=C1c1ccc(NN=C(C#N)C#N)cc1,1,central,1537
pretrain,train,C[C@@H]1CC2N[C@@H](C)CC3N[C@@H](C)CC(N1)N32,1,central,932
pretrain,train,C[C@@H]1CCC(=O)c2ccccc21,1,central,3030
pretrain,train,C[C@@H]1CCCC(=O)[C@@H]1Cc1ccccc1,1,central,360
pretrain,train,C[C@@H]1CCCC/C1=N\OC(=O)Nc1cc([N+](=O)[O-])cc([N+](=O)[O-])c1,1,central,4418
pretrain,train,C[C@@H]1CCCCC1=O,1,central,5219
pretrain,train,C[C@@H]1CCCCCCCCCCCCC(=O)C1,1,central,3322
pretrain,train,C[C@@H]1CCCCN1C(=O)c1cccc2ccccc12,1,central,4894
pretrain,train,C[C@@H]1CCCCN1C(=O)c1ccccc1,1,central,4895
pretrain,train,C[C@@H]1CCCC[C@@H]1NC(=O)c1cccc2ccccc12,1,central,419
pretrain,train,C[C@@H]1CCCC[C@@H]1OC(=O)c1ccccc1,1,central,4374
pretrain,train,C[C@@H]1CCCC[C@H]1NC(=O)c1cccc2ccccc12,1,central,420
pretrain,train,C[C@@H]1CCCN(C(=O)c2cccc3ccccc23)C1,1,central,4972
pretrain,train,C[C@@H]1CCCN1C(=O)c1cccc2ccccc12,1,central,4973
pretrain,train,C[C@@H]1CCC[C@H](C)N1CCC[C@@](O)(c1ccccc1)c1ccccn1,1,central,826
pretrain,train,C[C@@H]1CCCc2ccc3c(ccc4ccccc43)c21,1,central,2819
pretrain,train,C[C@@H]1CCOC1=O,1,central,5355
pretrain,train,C[C@@H]1CC[C@@H](C)Oc2cccnc2-c2ncccc2O1,2,axial,6156
pretrain,train,C[C@@H]1CC[C@@H](C)P1C1CCCC1.C[C@@H]1CC[C@@H](C)P1C1CCCC1.[Fe],4,planar,-1
pretrain,train,C[C@@H]1CC[C@@H](C)P1c1ccccc1C1OCCO1,1,central,5702
pretrain,train,C[C@@H]1CC[C@@H](C)P1c1ccccc1P1(=O)[C@H](C)CC[C@H]1C,1,central,5693
pretrain,train,C[C@@H]1CC[C@@H](C)P1c1ccccc1P1[C@H](C)CC[C@H]1C,1,central,5700
pretrain,train,C[C@@H]1CCc2ccccc2N1C(=O)c1cccc2ccccc12,1,central,4974
pretrain,train,C[C@@H]1CCc2ccccc2[C@@H]1O,1,central,449
pretrain,train,C[C@@H]1CCc2ccccc2[C@H]1O,1,central,448
pretrain,train,C[C@@H]1CN2CC(=O)Nc3ccc(Cl)cc3C2(c2ccccc2)O1,1,central,486
pretrain,train,C[C@@H]1CN2CC(=O)Nc3ccc(Cl)cc3[C@]2(c2ccccc2)O1,1,central,493
pretrain,train,C[C@@H]1CN[C@H](C(=O)O)C1,1,central,5982
pretrain,train,C[C@@H]1COC(C(C)(C)C2=N[C@H](C)CO2)=N1,1,central,6693
pretrain,train,C[C@@H]1COC(C(C)(Cc2ccccc2)C2=N[C@H](C)CO2)=N1,1,central,6750
pretrain,train,C[C@@H]1COC(C(Cc2ccc(C(C)(C)C)cc2)(Cc2ccc(C(C)(C)C)cc2)C2=N[C@H](C)CO2)=N1,1,central,6734
pretrain,train,C[C@@H]1COC(C(Cc2ccccc2)(Cc2ccccc2)C2=N[C@H](C)CO2)=N1,1,central,6720
pretrain,train,C[C@@H]1COC(CC2=N[C@H](C)CO2)=N1,1,central,6677
pretrain,train,C[C@@H]1COC(c2cccc(C3=N[C@H](C)CO3)n2)=N1,1,central,6839
pretrain,train,C[C@@H]1C[C@H](C)Oc2cccnc2-c2ncccc2O1,2,axial,6256
pretrain,train,C[C@@H]1Cc2ccccc2N1C(=O)c1cccc2ccccc12,1,central,4975
pretrain,train,C[C@@H]1Cc2ccccc2N1NC(=O)c1ccc(Cl)c(S(N)(=O)=O)c1,1,central,1448
pretrain,train,C[C@@H]1Cc2ccccc2[C@@H]1O,1,central,455
pretrain,train,C[C@@H]1Cc2ccccc2[C@H]1O,1,central,454
pretrain,train,C[C@@H]1Cc2ccccc2[S@@]1=O,1,central,707
pretrain,train,C[C@@H]1N=C(C2CCCCC2)c2ccccc2NC1=O,1,central,3687
pretrain,train,C[C@@H]1N=C(c2ccc3ccccc3c2)c2ccccc2NC1=O,1,central,3688
pretrain,train,C[C@@H]1N=C(c2cccc3ccccc23)c2ccccc2NC1=O,1,central,3689
pretrain,train,C[C@@H]1NC(=O)N(c2ccccc2)C1=O,1,central,2211
pretrain,train,C[C@@H]1NC(=O)O[C@@H]1c1ccccc1,1,central,3
pretrain,train,C[C@@H]1O[C@@H]1c1ccccc1,1,central,154
pretrain,train,C[C@@H]1Oc2cccc(-c3c4ccccc4cc4ccccc34)c2[P@]1C(C)(C)C,1,central,-1
pretrain,train,C[C@@H]1Oc2cccc(-c3cccc4c3[P@](C(C)(C)C)[C@H](C)O4)c2[P@]1C(C)(C)C,1,central,-1
pretrain,train,C[C@@H]1Oc2cccnc2-c2ncccc2O[C@H]1C,2,axial,6158
pretrain,train,C[C@@H]1S[C@@H](c2cccnc2)N(C)C1=O,1,central,148
pretrain,train,C[C@@H]1Sc2ccccc2[S@@]1=O,1,central,255
pretrain,train,C[C@@H]1Sc2ccccc2[S@]1=O,1,central,254
pretrain,train,C[C@@H]1[C@@H](c2ccccc2)OC(=O)N1C,1,central,4
pretrain,train,C[C@@H]1[C@H](c2ccccc2)O[C@H](c2ccc([N+](=O)[O-])cc2)N1C,1,central,851
pretrain,train,C[C@@H]1c2ccccc2CCN1C(=O)c1cccc2ccccc12,1,central,4134
pretrain,train,C[C@@](C#N)(C(=O)O)c1ccccc1,1,central,3723
pretrain,train,C[C@@](N)(C(=O)O)C(F)(F)F,1,central,1702
pretrain,train,C[C@@](N)(CC(=O)O)C(=O)O,1,central,2148
pretrain,train,C[C@@](N)(CCC(=O)O)C(=O)O,1,central,2163
pretrain,train,C[C@@](N)(CCCN)C(=O)O,1,central,2162
pretrain,train,C[C@@](N)(CO)C(=O)O,1,central,2150
pretrain,train,C[C@@](N)(Cc1c[nH]c2ccccc12)C(=O)O,1,central,2161
pretrain,train,C[C@@](N)(Cc1c[nH]cn1)C(=O)O,1,central,2149
pretrain,train,C[C@@](N)(Cc1ccc(O)c(O)c1)C(=O)O,1,central,2146
pretrain,train,C[C@@](N)(Cc1ccc(O)cc1)C(=O)O,1,central,2156
pretrain,train,C[C@@](O)(CO)c1ccccc1,1,central,1730
pretrain,train,C[C@@](O)(Cc1ccccc1)c1ccccc1,1,central,1271
pretrain,train,C[C@@]1(C(=O)O)CCCN1,1,central,5943
pretrain,train,C[C@@]1(C2=CCCCC2)CC(=O)NC1=O,1,central,4721
pretrain,train,C[C@@]1(C2=NCCN2)COc2ccccc2O1,1,central,3132
pretrain,train,C[C@@]1(COC(=O)Nc2cccc3ccccc23)CO1,1,central,1947
pretrain,train,C[C@@]1(N2C(=O)c3ccccc3C2=O)CCCNC1=O,1,central,5119
pretrain,train,C[C@@]1(O)CCCc2c1ccc1cc3ccccc3cc21,1,central,2815
pretrain,train,C[C@@]1(O)CCCc2ccc3cc4ccccc4cc3c21,1,central,2820
pretrain,train,C[C@@]1(O)CCCc2ccc3ccccc3c21,1,central,2822
pretrain,train,C[C@@]1(O)CC[C@@H]1NC(=O)c1cc([N+](=O)[O-])cc([N+](=O)[O-])c1,1,central,628
pretrain,train,C[C@@]1(O)c2ccccc2-c2ccccc2[C@@]1(C)O,1,central,500
pretrain,train,C[C@@]1(c2ccc3ccccc3c2)NC(=O)NC1=O,1,central,5083
pretrain,train,C[C@@]1(c2cccc3ccccc23)CCC(=O)O1,1,central,2983
pretrain,train,C[C@@]1(c2cccc3ccccc23)OC(=O)C2CCCCC21,1,central,892
pretrain,train,C[C@@]1(c2cccc3ccccc23)OC(=O)c2ccccc21,1,central,4571
pretrain,train,C[C@@]1(c2ccccc2)C(=O)NC(=O)N(C(=O)c2ccccc2)C1=O,1,central,4436
pretrain,train,C[C@@]1(c2ccccc2)CC1(c1ccccc1)c1ccccc1,1,central,3055
pretrain,train,C[C@@]1(c2ccccc2)SCC[S@@]1=O,1,central,789
pretrain,train,C[C@H](/C(=N\OC(=O)Nc1cc([N+](=O)[O-])cc([N+](=O)[O-])c1)c1ccccc1)c1ccccc1,1,central,4417
pretrain,train,C[C@H](/N=C/c1ccccc1O)[C@@H](O)c1ccccc1,1,central,132
pretrain,train,C[C@H](/N=C/c1ccccc1O)[C@H](O)c1ccc(O)c(O)c1,1,central,131
pretrain,train,C[C@H](/N=C/c1ccccc1O)[C@H](O)c1ccccc1,1,central,133
pretrain,train,C[C@H](/N=C/c1ccccc1O)c1ccccc1,1,central,2278
pretrain,train,C[C@H](Br)C(=O)N(C)C1CCCCC1,1,central,2014
pretrain,train,C[C@H](Br)C(=O)NC(C)(C)C,1,central,2012
pretrain,train,C[C@H](Br)C(=O)NCCc1ccccc1,1,central,2016
pretrain,train,C[C@H](Br)C(=O)NCc1ccccc1,1,central,2018
pretrain,train,C[C@H](Br)C(=O)Nc1cccc2ccccc12,1,central,2021
pretrain,train,C[C@H](Br)C(=O)Nc1ccccc1,1,central,2020
pretrain,train,C[C@H](Br)C(=O)Oc1cc(Cl)cc(Cl)c1,1,central,3060
pretrain,train,C[C@H](C(=O)C(C)(C)C)[C@@H](O)c1cccc2ccccc12,1,central,672
pretrain,train,C[C@H](C(=O)C(C)(C)C)[C@H](O)c1cccc2ccccc12,1,central,673
pretrain,train,C[C@H](C(=O)C(C)(C)C)[C@H](O)c1ccccc1,1,central,674
pretrain,train,C[C@H](C(=O)C(C)(C)O[Si](C)(C)C)[C@H](O)c1cccc2ccccc12,1,central,667
pretrain,train,C[C@H](C(=O)Cc1ccccc1)c1ccccc1,1,central,1989
pretrain,train,C[C@H](C(=O)N(C)c1ccccc1)c1cccc(Oc2ccccc2)c1,1,central,4439
pretrain,train,C[C@H](C(=O)N(C)c1ccccc1)c1cccc2ccccc12,1,central,4438
pretrain,train,C[C@H](C(=O)NC(C)(C)C)[C@@H](O)c1ccccc1,1,central,508
pretrain,train,C[C@H](C(=O)NC(C)(C)C)[C@H](O)c1ccccc1,1,central,509
pretrain,train,C[C@H](C(=O)NC1c2ccccc2-c2ccccc21)c1ccccc1,1,central,2840
pretrain,train,C[C@H](C(=O)NCCc1cccc2ccccc12)c1ccc(-c2ccccc2)c(F)c1,1,central,5090
pretrain,train,C[C@H](C(=O)NCCc1ccccc1)c1ccc(-c2ccccc2)c(F)c1,1,central,5089
pretrain,train,C[C@H](C(=O)NCc1cccc2ccccc12)c1cccc(Oc2ccccc2)c1,1,central,4116
pretrain,train,C[C@H](C(=O)Nc1cc([N+](=O)[O-])cc([N+](=O)[O-])c1)c1cccc(C(=O)c2ccccc2)c1,1,central,3403
pretrain,train,C[C@H](C(=O)Nc1cccc2ccccc12)c1ccc(-c2ccccc2)c(F)c1,1,central,2967
pretrain,train,C[C@H](C(=O)Nc1cccc2ccccc12)c1ccc(C(=O)c2ccccc2)s1,1,central,2961
pretrain,train,C[C@H](C(=O)Nc1cccc2ccccc12)c1ccc(N2CC=CC2)c(Cl)c1,1,central,2964
pretrain,train,C[C@H](C(=O)Nc1cccc2ccccc12)c1cccc(C(=O)c2ccccc2)c1,1,central,2960
pretrain,train,C[C@H](C(=O)Nc1ccccc1)c1ccccc1,1,central,1458
pretrain,train,C[C@H](C(=O)O)N1C(=O)c2ccccc2C1=O,1,central,4330
pretrain,train,C[C@H](C(=O)O)c1ccc(-c2ccccc2)c(F)c1,1,central,1569
pretrain,train,C[C@H](C(=O)O)c1cccc(C(=O)c2ccccc2)c1,1,central,1223
pretrain,train,C[C@H](C(=O)O)n1cc(C(=O)c2ccccc2F)c2ccccc21,1,central,3430
pretrain,train,C[C@H](C(=O)O)n1ccc2ccccc21,1,central,3429
pretrain,train,C[C@H](C(=O)OCCCl)c1ccccc1,1,central,1939
pretrain,train,C[C@H](C(N)=O)c1ccc([N+](=O)[O-])cc1,1,central,1777
pretrain,train,C[C@H](C(N)=O)c1cccc2ccccc12,1,central,4496
pretrain,train,C[C@H](CC(=O)O)c1ccccc1,1,central,1920
pretrain,train,C[C@H](CC(=O)OCc1ccccc1)NC(=O)OCc1ccccc1,1,central,4807
pretrain,train,C[C@H](CC(c1ccccc1)c1ccccc1)NC(C)(C)C,1,central,3081
pretrain,train,C[C@H](CCCCOC(=O)c1ccccc1)OC(=O)c1ccccc1,1,central,4059
pretrain,train,C[C@H](CCCNCCO)Nc1ccnc2cc(Cl)ccc12,1,central,1203
pretrain,train,C[C@H](CCCOC(=O)c1ccccc1)OC(=O)c1ccccc1,1,central,4061
pretrain,train,C[C@H](CCN1CCOCC1)c1ccc(COc2ccccc2)cc1,1,central,3078
pretrain,train,C[C@H](CCO)C1CCCCC1,1,central,2622
pretrain,train,C[C@H](CCO)c1ccccc1,1,central,1279
pretrain,train,C[C@H](CCOC(=O)Cc1cc2ccccc2c2ccccc12)c1ccccc1,1,central,2790
pretrain,train,C[C@H](CCOC(=O)Cc1ccc2c(ccc3ccccc32)c1)c1ccccc1,1,central,2850
pretrain,train,C[C@H](CCOC(=O)c1cccc2ccccc12)c1ccccc1,1,central,2784
pretrain,train,C[C@H](CCOC(=O)c1ccccc1)OC(=O)c1ccccc1,1,central,4063
pretrain,train,C[C@H](CCOc1ccccc1)C(=O)Nc1cc([N+](=O)[O-])cc([N+](=O)[O-])c1,1,central,2703
pretrain,train,C[C@H](CC[C@@H](C)P(c1ccccc1)c1ccccc1)P(c1ccccc1)c1ccccc1,1,central,6967
pretrain,train,C[C@H](CCc1ccccc1)NC(=O)c1ccc2ccccc2c1,1,central,4537
pretrain,train,C[C@H](CCc1ccccc1)NC(=O)c1cccc2ccccc12,1,central,1455
pretrain,train,C[C@H](CCc1ccccc1)OC(=O)c1ccccc1,1,central,4048
pretrain,train,C[C@H](CN(C)C)CN1c2ccccc2Sc2ccc(C#N)cc21,1,central,4212
pretrain,train,C[C@H](CN(CCC(c1ccccc1)c1ccccc1)C(=O)c1cc([N+](=O)[O-])cc([N+](=O)[O-])c1)c1ccccc1,1,central,4086
pretrain,train,C[C@H](CN1CC(=O)NC(=O)C1)N1CC(=O)NC(=O)C1,1,central,2069
pretrain,train,C[C@H](CN1CCOCC1)n1cc(C(=O)c2cccc3ccccc23)c2ccccc21,1,central,5302
pretrain,train,C[C@H](CN1CCOCC1)n1ccc2ccccc21,1,central,5303
pretrain,train,C[C@H](CN1c2ccccc2Sc2ccc(S(=O)(=O)N(C)C)cc21)N(C)C,1,central,3386
pretrain,train,C[C@H](CNC(=O)Nc1cc([N+](=O)[O-])cc([N+](=O)[O-])c1)OC(=O)Nc1cc([N+](=O)[O-])cc([N+](=O)[O-])c1,1,central,1605
pretrain,train,C[C@H](CO)/N=C/c1ccccc1O,1,central,2280
pretrain,train,C[C@H](CO)C(O)(c1ccccc1)c1ccccc1,1,central,3160
pretrain,train,C[C@H](CO)C1(O)c2ccccc2-c2ccccc21,1,central,3162
pretrain,train,C[C@H](CO)NC(=O)Nc1cc([N+](=O)[O-])cc([N+](=O)[O-])c1,1,central,3748
pretrain,train,C[C@H](CO)NC(=O)c1cc([N+](=O)[O-])cc([N+](=O)[O-])c1,1,central,2713
pretrain,train,C[C@H](CO)[N+](=O)[O-],1,central,4070
pretrain,train,C[C@H](COC(=O)Nc1ccccc1)OC(=O)Nc1ccccc1,1,central,4941
pretrain,train,C[C@H](COC(=O)c1cc([N+](=O)[O-])cc([N+](=O)[O-])c1)NC(=O)c1cc([N+](=O)[O-])cc([N+](=O)[O-])c1,1,central,1892
pretrain,train,C[C@H](COC(=O)c1cc([N+](=O)[O-])cc([N+](=O)[O-])c1)OC(=O)c1cc([N+](=O)[O-])cc([N+](=O)[O-])c1,1,central,3559
pretrain,train,C[C@H](COc1ccc(Oc2ccccc2)cc1)Oc1ccccn1,1,central,1428
pretrain,train,C[C@H](CP(c1ccccc1)c1ccccc1)P(c1ccccc1)c1ccccc1,1,central,5869
pretrain,train,C[C@H](C[C@@H](C)OC(=O)Nc1ccccc1)OC(=O)Nc1ccccc1,1,central,689
pretrain,train,C[C@H](C[C@@H](C)OC(=O)c1ccccc1)OC(=O)c1ccccc1,1,central,681
pretrain,train,C[C@H](C[C@@H](C)OP1N(c2ccccc2)[C@H]2CCCC[C@@H]2N1c1ccccc1)OP1N(c2ccccc2)[C@H]2CCCC[C@@H]2N1c1ccccc1,2,axial,5871
pretrain,train,C[C@H](C[C@@H](C)P(c1ccc(C(C)(C)C)cc1)c1ccc(C(C)(C)C)cc1)P(c1ccc(C(C)(C)C)cc1)c1ccc(C(C)(C)C)cc1,1,central,6969
pretrain,train,C[C@H](C[C@@H](C)P(c1ccc(C(F)(F)F)cc1)c1ccc(C(F)(F)F)cc1)P(c1ccc(C(F)(F)F)cc1)c1ccc(C(F)(F)F)cc1,1,central,6983
pretrain,train,C[C@H](C[C@@H](C)P(c1ccc(F)cc1)c1ccc(F)cc1)P(c1ccc(F)cc1)c1ccc(F)cc1,1,central,7002
pretrain,train,C[C@H](C[C@@H](C)P(c1ccccc1)c1ccccc1)P(c1ccccc1)c1ccccc1,1,central,7026
pretrain,train,C[C@H](C[NH+](C)C)C[NH+]1c2ccccc2CCc2ccccc21.O=C([O-])/C=C\C(=O)[O-],1,central,-1
pretrain,train,C[C@H](Cc1ccc(O)cc1)NC(=O)Oc1ccc2ccccc2c1,1,central,4506
pretrain,train,C[C@H](Cc1ccc(OC(=O)Oc2ccc3ccccc3c2)cc1)NC(=O)Oc1ccc2ccccc2c1,1,central,4514
pretrain,train,C[C@H](Cc1ccccc1)C(=O)O,1,central,3231
pretrain,train,C[C@H](Cc1ccccc1)N(C)C(=O)Oc1ccc2ccccc2c1,1,central,4517
pretrain,train,C[C@H](Cc1ccccc1)N(CCCCl)C(=O)c1ccccc1,1,central,4083
pretrain,train,C[C@H](Cc1ccccc1)NC(=O)C(C)(C)C,1,central,3995
pretrain,train,C[C@H](Cc1ccccc1)NC(=O)Cc1cccc2ccccc12,1,central,2848
pretrain,train,C[C@H](Cc1ccccc1)NC(=O)Nc1cccc2ccccc12,1,central,2879
pretrain,train,C[C@H](Cc1ccccc1)NC(=O)Oc1ccc2ccccc2c1,1,central,4507
pretrain,train,C[C@H](Cc1ccccc1)NC(=O)c1ccc(-c2ccccc2)cc1,1,central,4056
pretrain,train,C[C@H](Cc1ccccc1)NC(=O)c1ccc(C#N)cc1,1,central,4053
pretrain,train,C[C@H](Cc1ccccc1)NC(=O)c1ccc(Cl)cc1,1,central,4054
pretrain,train,C[C@H](Cc1ccccc1)NC(=O)c1ccc([N+](=O)[O-])cc1,1,central,3881
pretrain,train,C[C@H](Cc1ccccc1)NC(=O)c1ccc2ccccc2c1,1,central,4052
pretrain,train,C[C@H](Cc1ccccc1)NC(=O)c1cccc2ccccc12,1,central,1445
pretrain,train,C[C@H](Cc1ccccc1)NC(=O)c1ccccc1,1,central,3283
pretrain,train,C[C@H](Cc1ccccc1)OC(=O)Nc1cc([N+](=O)[O-])cc([N+](=O)[O-])c1,1,central,3455
pretrain,train,C[C@H](Cc1ccccc1)OC(=O)c1ccccc1,1,central,3896
pretrain,train,C[C@H](Cl)C(=O)NCCc1ccccc1,1,central,2025
pretrain,train,C[C@H](Cl)C(=O)NCc1ccccc1,1,central,2027
pretrain,train,C[C@H](Cl)C(=O)Nc1cc([N+](=O)[O-])cc([N+](=O)[O-])c1,1,central,2031
pretrain,train,C[C@H](Cl)C(=O)Nc1cccc2ccccc12,1,central,2030
pretrain,train,C[C@H](Cl)C(=O)Oc1ccc2ccccc2c1,1,central,2093
pretrain,train,C[C@H](Cl)C(=O)Oc1cccc2ccccc12,1,central,2022
pretrain,train,C[C@H](N)C(=O)O,1,central,1486
pretrain,train,C[C@H](N)C(=O)OCc1ccccc1,1,central,1639
pretrain,train,C[C@H](N)C(=O)Oc1ccc2ccccc2c1,1,central,4348
pretrain,train,C[C@H](N)C(O)(c1ccccc1)c1ccccc1,1,central,6271
pretrain,train,C[C@H](N)[C@@H](O)c1ccccc1,1,central,129
pretrain,train,C[C@H](N)[C@H](O)c1ccc(O)c(O)c1,1,central,126
pretrain,train,C[C@H](N)[C@H](O)c1ccccc1,1,central,130
pretrain,train,C[C@H](N)[C@H](c1ccccc1)P(c1ccccc1)c1ccccc1,1,central,6990
pretrain,train,C[C@H](N)c1cccc2ccccc12,1,central,3136
pretrain,train,C[C@H](N)c1ccccc1P(c1ccccc1)c1ccccc1,1,central,7023
pretrain,train,C[C@H](N=C(c1ccccn1)c1ccccn1)c1ccccc1P(c1ccccc1)c1ccccc1,1,central,5876
pretrain,train,C[C@H](NC(=O)C(C)(C)C)c1cccc2ccccc12,1,central,1408
pretrain,train,C[C@H](NC(=O)C(C)(C)C)c1ccccc1,1,central,1421
pretrain,train,C[C@H](NC(=O)C(Cl)(Cl)Cl)C(=O)Nc1ccc2ccccc2c1,1,central,3431
pretrain,train,C[C@H](NC(=O)C(Cl)(Cl)Cl)c1cccc2ccccc12,1,central,1407
pretrain,train,C[C@H](NC(=O)C(Cl)Cl)C(=O)Nc1ccc2ccccc2c1,1,central,3432
pretrain,train,C[C@H](NC(=O)C(F)(F)F)c1cccc2ccccc12,1,central,1406
pretrain,train,C[C@H](NC(=O)C1c2ccccc2-c2ccccc21)c1ccccc1,1,central,2854
pretrain,train,C[C@H](NC(=O)CC1c2ccccc2-c2ccccc21)c1ccccc1,1,central,2855
pretrain,train,C[C@H](NC(=O)CCl)C(=O)Nc1ccc2ccccc2c1,1,central,3433
pretrain,train,C[C@H](NC(=O)Nc1cc([N+](=O)[O-])cc([N+](=O)[O-])c1)[C@H](O)c1ccccc1,1,central,41
pretrain,train,C[C@H](NC(=O)Nc1cccc2ccccc12)c1ccccc1,1,central,2846
pretrain,train,C[C@H](NC(=O)Nc1ccccc1)c1cccc2ccccc12,1,central,1434
pretrain,train,C[C@H](NC(=O)Nc1ccccc1)c1ccccc1,1,central,3940
pretrain,train,C[C@H](NC(=O)OCC1c2ccccc2-c2ccccc21)C(=O)O,1,central,4075
pretrain,train,C[C@H](NC(=O)OCc1ccccc1)C(=O)O,1,central,1501
pretrain,train,C[C@H](NC(=O)OCc1ccccc1)C(=O)OCc1ccccc1,1,central,4817
pretrain,train,C[C@H](NC(=O)Oc1ccccc1)C(=O)OCc1ccccc1,1,central,4819
pretrain,train,C[C@H](NC(=O)[C@@H](C)NC(=O)OCc1ccccc1)C(=O)OCc1ccccc1,1,central,30
pretrain,train,C[C@H](NC(=O)c1c(F)c(F)c(F)c(F)c1F)[C@H](O)c1ccccc1,1,central,5234
pretrain,train,C[C@H](NC(=O)c1c([N+](=O)[O-])cccc1[N+](=O)[O-])c1ccccc1,1,central,4355
pretrain,train,C[C@H](NC(=O)c1cc(C#N)cc([N+](=O)[O-])c1)c1ccccc1,1,central,4358
pretrain,train,C[C@H](NC(=O)c1cc([N+](=O)[O-])c2c([N+](=O)[O-])ccc([N+](=O)[O-])c2c1)c1ccccc1,1,central,4354
pretrain,train,C[C@H](NC(=O)c1cc([N+](=O)[O-])cc([N+](=O)[O-])c1)C(=O)/C=C/c1ccccc1,1,central,1419
pretrain,train,C[C@H](NC(=O)c1cc([N+](=O)[O-])cc([N+](=O)[O-])c1)C(=O)OC(C)(C)Cc1ccc(Cl)cc1,1,central,3024
pretrain,train,C[C@H](NC(=O)c1cc([N+](=O)[O-])cc([N+](=O)[O-])c1)C(=O)c1ccccc1,1,central,1420
pretrain,train,C[C@H](NC(=O)c1cc([N+](=O)[O-])cc([N+](=O)[O-])c1)[C@H](O)c1ccccc1,1,central,5231
pretrain,train,C[C@H](NC(=O)c1cc([N+](=O)[O-])cc([N+](=O)[O-])c1)c1ccc(C(F)(F)F)cc1,1,central,4640
pretrain,train,C[C@H](NC(=O)c1cc([N+](=O)[O-])cc([N+](=O)[O-])c1)c1ccc2ccccc2c1,1,central,3543
pretrain,train,C[C@H](NC(=O)c1cc([N+](=O)[O-])cc([N+](=O)[O-])c1)c1cccc2ccccc12,1,central,1415
pretrain,train,C[C@H](NC(=O)c1cc([N+](=O)[O-])cc([N+](=O)[O-])c1)c1ccccc1,1,central,1427
pretrain,train,C[C@H](NC(=O)c1cc([N+](=O)[O-])cc([N+](=O)[O-])c1)c1cccs1,1,central,4641
pretrain,train,C[C@H](NC(=O)c1ccc(Cl)cc1Cl)c1ccc([N+](=O)[O-])cc1,1,central,1425
pretrain,train,C[C@H](NC(=O)c1ccc(Cl)cc1Cl)c1cccc2ccccc12,1,central,1414
pretrain,train,C[C@H](NC(=O)c1ccc(Cl)cc1Cl)c1ccccc1,1,central,1426
pretrain,train,C[C@H](NC(=O)c1ccc([N+](=O)[O-])cc1)C(=O)O,1,central,3989
pretrain,train,C[C@H](NC(=O)c1ccc([N+](=O)[O-])cc1)[C@H](O)c1ccccc1,1,central,5232
pretrain,train,C[C@H](NC(=O)c1ccc2ccc3ccccc3c2c1)c1ccccc1,1,central,2782
pretrain,train,C[C@H](NC(=O)c1ccc2ccccc2c1)C(=O)O,1,central,3988
pretrain,train,C[C@H](NC(=O)c1ccc2ccccc2c1)c1cccc2ccccc12,1,central,4536
pretrain,train,C[C@H](NC(=O)c1cccc([N+](=O)[O-])c1)c1ccccc1,1,central,4362
pretrain,train,C[C@H](NC(=O)c1cccc2c1Cc1ccccc1-2)c1ccccc1,1,central,2853
pretrain,train,C[C@H](NC(=O)c1cccc2ccccc12)c1cccc2ccccc12,1,central,1413
pretrain,train,C[C@H](NC(=O)c1cccc2ccccc12)c1ccccc1,1,central,1423
pretrain,train,C[C@H](NC(=O)c1ccccc1)C(=O)O,1,central,1723
pretrain,train,C[C@H](NC(=O)c1ccccc1)C(C)(C)C,1,central,4896
pretrain,train,C[C@H](NC(=O)c1ccccc1)[C@H](O)c1ccccc1,1,central,5233
pretrain,train,C[C@H](NC(=O)c1ccccc1)c1ccc2ccccc2c1,1,central,5412
pretrain,train,C[C@H](NC(=O)c1ccccc1)c1cccc2ccccc12,1,central,1963
pretrain,train,C[C@H](NC(=O)c1ccccc1C(=O)O)C(=O)O,1,central,4009
pretrain,train,C[C@H](NC(=O)c1cccs1)C(=O)O,1,central,3487
pretrain,train,C[C@H](NC=O)c1ccc2c(c1)Cc1ccccc1-2,1,central,2356
pretrain,train,C[C@H](NC=O)c1ccccc1,1,central,3880
pretrain,train,C[C@H](NS(=O)(=O)N[C@@H](C)c1ccccc1)c1ccccc1,1,central,494
pretrain,train,C[C@H](NS(=O)(=O)c1cccc2c(N(C)C)cccc12)C(=O)O,1,central,4304
pretrain,train,C[C@H](NS(=O)C(C)(C)C)c1ccccc1P(c1ccccc1)c1ccccc1,1,central,5710
pretrain,train,C[C@H](Nc1ccc([N+](=O)[O-])cc1[N+](=O)[O-])C(=O)O,1,central,4312
pretrain,train,C[C@H](Nc1ccccc1)c1ccccc1,1,central,3045
pretrain,train,C[C@H](O)CC(O)(c1ccccc1)c1ccccc1,1,central,3159
pretrain,train,C[C@H](O)CC1(O)c2ccccc2-c2ccccc21,1,central,3161
pretrain,train,C[C@H](O)CC[C@H](C)O,1,central,6345
pretrain,train,C[C@H](O)CNC(=O)c1ccc2ccccc2c1,1,central,4533
pretrain,train,C[C@H](O)CSc1ccccc1,1,central,4149
pretrain,train,C[C@H](O)C[C@H](C)O,1,central,6344
pretrain,train,C[C@H](O)[C@@H](C)O,1,central,6340
pretrain,train,C[C@H](O)[C@@H](NC(=O)CN)C(=O)O,1,central,115
pretrain,train,C[C@H](O)[C@@H](NC(=O)OCc1ccccc1)C(=O)OCc1ccccc1,1,central,649
pretrain,train,C[C@H](O)[C@@H](NC(=O)n1c2ccccc2c2ccccc21)C(=O)O,1,central,399
pretrain,train,C[C@H](O)[C@@H](O)c1ccccc1,1,central,49
pretrain,train,C[C@H](O)[C@H](C(=O)O)N1C(=O)c2ccccc2C1=O,1,central,583
pretrain,train,C[C@H](O)[C@H](C)O,1,central,6346
pretrain,train,C[C@H](O)[C@H](N)C(=O)O,1,central,65
pretrain,train,C[C@H](O)[C@H](O)c1ccccc1,1,central,44
pretrain,train,C[C@H](O)[C@H]1CCC(=O)O1,1,central,680
pretrain,train,C[C@H](O)c1c2ccccc2cc2ccccc12,1,central,4574
pretrain,train,C[C@H](O)c1c[nH]c2ccccc12,1,central,3005
pretrain,train,C[C@H](O)c1ccc(-c2ccccc2)cc1,1,central,4698
pretrain,train,C[C@H](O)c1ccc([N+](=O)[O-])cc1,1,central,3595
pretrain,train,C[C@H](O)c1ccc2ccc3ccccc3c2c1,1,central,3592
pretrain,train,C[C@H](O)c1ccc2ccccc2c1,1,central,1951
pretrain,train,C[C@H](O)c1cccc(Oc2ccc(Br)cc2)n1,1,central,5298
pretrain,train,C[C@H](O)c1cccc(Oc2ccc(Cl)cc2)n1,1,central,5299
pretrain,train,C[C@H](O)c1cccc(Oc2ccc(F)cc2)n1,1,central,5300
pretrain,train,C[C@H](O)c1cccc(Oc2ccc(I)cc2)n1,1,central,5297
pretrain,train,C[C@H](O)c1cccc(Oc2ccc([N+](=O)[O-])cc2)n1,1,central,5296
pretrain,train,C[C@H](O)c1cccc(Oc2ccccc2)n1,1,central,5292
pretrain,train,C[C@H](O)c1ccccc1,1,central,1228
pretrain,train,C[C@H](O)c1cccnc1,1,central,4839
pretrain,train,C[C@H](O)c1cccs1,1,central,3590
pretrain,train,C[C@H](O)c1ccncc1,1,central,4984
pretrain,train,C[C@H](OC(=O)C1c2ccccc2-c2ccccc21)c1ccccc1,1,central,2857
pretrain,train,C[C@H](OC(=O)Cc1cc2ccccc2c2ccccc12)c1ccccc1,1,central,2795
pretrain,train,C[C@H](OC(=O)Cc1cccc2ccccc12)c1ccccc1,1,central,2807
pretrain,train,C[C@H](OC(=O)Nc1cc([N+](=O)[O-])cc([N+](=O)[O-])c1)c1ccc(Cl)cc1,1,central,5123
pretrain,train,C[C@H](OC(=O)Nc1cc([N+](=O)[O-])cc([N+](=O)[O-])c1)c1ccc2ccccc2c1,1,central,2539
pretrain,train,C[C@H](OC(=O)Nc1cc([N+](=O)[O-])cc([N+](=O)[O-])c1)c1cccc(Cl)c1,1,central,5122
pretrain,train,C[C@H](OC(=O)Nc1cc([N+](=O)[O-])cc([N+](=O)[O-])c1)c1ccccc1,1,central,1395
pretrain,train,C[C@H](OC(=O)Nc1cc([N+](=O)[O-])cc([N+](=O)[O-])c1)c1ccccc1Cl,1,central,2540
pretrain,train,C[C@H](OC(=O)Nc1ccc(Cl)c(Cl)c1)c1ccccc1,1,central,5034
pretrain,train,C[C@H](OC(=O)Nc1ccc2ccccc2c1)c1ccccc1,1,central,5312
pretrain,train,C[C@H](OC(=O)Nc1cccc2ccccc12)C1CCCCC1,1,central,5317
pretrain,train,C[C@H](OC(=O)Nc1cccc2ccccc12)c1c(F)c(F)c(F)c(F)c1F,1,central,5323
pretrain,train,C[C@H](OC(=O)Nc1cccc2ccccc12)c1ccccc1,1,central,1438
pretrain,train,C[C@H](OC(=O)c1cc(Cl)cc(Cl)c1)c1ccccc1,1,central,4376
pretrain,train,C[C@H](OC(=O)c1cc([N+](=O)[O-])cc([N+](=O)[O-])c1)C(N)=O,1,central,4589
pretrain,train,C[C@H](OC(=O)c1cc([N+](=O)[O-])cc([N+](=O)[O-])c1)C(c1ccccc1)c1ccccc1,1,central,5345
pretrain,train,C[C@H](OC(=O)c1cc([N+](=O)[O-])cc([N+](=O)[O-])c1)[C@H](C)OC(=O)c1cc([N+](=O)[O-])cc([N+](=O)[O-])c1,1,central,432
pretrain,train,C[C@H](OC(=O)c1cc([N+](=O)[O-])cc([N+](=O)[O-])c1)c1ccc(Cl)cc1,1,central,3807
pretrain,train,C[C@H](OC(=O)c1cc([N+](=O)[O-])cc([N+](=O)[O-])c1)c1ccc2c(ccc3ccccc32)c1,1,central,4626
pretrain,train,C[C@H](OC(=O)c1cc([N+](=O)[O-])cc([N+](=O)[O-])c1)c1cccc2ccccc12,1,central,1628
pretrain,train,C[C@H](OC(=O)c1cc([N+](=O)[O-])cc([N+](=O)[O-])c1)c1ccccc1,1,central,1416
pretrain,train,C[C@H](OC(=O)c1cccc2c1Cc1ccccc1-2)c1ccccc1,1,central,2856
pretrain,train,C[C@H](OC(=O)c1cccc2ccccc12)c1ccccc1,1,central,2789
pretrain,train,C[C@H](OC(=O)c1ccccc1)[C@@H](O)c1ccccc1,1,central,600
pretrain,train,C[C@H](OC(=O)c1ccccc1)c1ccccc1,1,central,3600
pretrain,train,C[C@H](Oc1ccc(Br)cc1)C(=O)O,1,central,1841
pretrain,train,C[C@H](Oc1ccc(C(=O)c2ccccc2)cc1)C(=O)NCc1cccc2ccccc12,1,central,2906
pretrain,train,C[C@H](Oc1ccc(C(=O)c2ccccc2)cc1)C(=O)O,1,central,2944
pretrain,train,C[C@H](Oc1ccc(Cc2ccccc2)cc1)C(=O)O,1,central,2948
pretrain,train,C[C@H](Oc1ccc(Cl)cc1)C(=O)O,1,central,1233
pretrain,train,C[C@H](Oc1ccc(Oc2ccccc2)cc1)C(=O)O,1,central,2946
pretrain,train,C[C@H](Oc1ccc(Oc2ncc(C(F)(F)F)cc2Cl)cc1)C(=O)O,1,central,4021
pretrain,train,C[C@H](Oc1ccc([N+](=O)[O-])cc1[N+](=O)[O-])c1ccccc1,1,central,4806
pretrain,train,C[C@H](Oc1ccc2ccccc2c1)C(=O)Nc1ccccc1,1,central,3916
pretrain,train,C[C@H](Oc1ccc2ccccc2c1)C(=O)O,1,central,4019
pretrain,train,C[C@H](Oc1cccc(C(=O)c2ccccc2)c1)C(=O)O,1,central,2942
pretrain,train,C[C@H](Oc1ccccc1)C(=O)Nc1cc([N+](=O)[O-])cc([N+](=O)[O-])c1,1,central,1999
pretrain,train,C[C@H](Oc1ccccc1Cl)C(=O)O,1,central,2122
pretrain,train,C[C@H](SC(=O)Nc1cc([N+](=O)[O-])cc([N+](=O)[O-])c1)c1ccccc1,1,central,3773
pretrain,train,C[C@H](SC(=O)c1cc([N+](=O)[O-])cc([N+](=O)[O-])c1)c1ccccc1,1,central,4623
pretrain,train,C[C@H](SCC(=O)O)[C]1[CH][CH][CH][CH]1.[CH]1[CH][CH][CH][CH]1.[Fe],1,central,-1
pretrain,train,C[C@H](SCCO)[C]1[CH][CH][CH][CH]1.[CH]1[CH][CH][CH][CH]1.[Fe],1,central,-1
pretrain,train,C[C@H](Sc1ccccc1)[C]1[CH][CH][CH][CH]1.[CH]1[CH][CH][CH][CH]1.[Fe],1,central,4619
pretrain,train,C[C@H]([C@@H](C)P(c1ccccc1)c1ccccc1)P(c1ccccc1)c1ccccc1,1,central,7012
pretrain,train,C[C@H]([C@@H](O)c1ccc(OC(=O)Oc2ccc3ccccc3c2)cc1)N(C)C(=O)Oc1ccc2ccccc2c1,1,central,4512
pretrain,train,C[C@H]([C@@H](O)c1ccccc1)N(C)C(=O)Nc1cccc2ccccc12,1,central,813
pretrain,train,C[C@H]([C@@H](O)c1ccccc1)N(C)C(=O)Oc1ccc2ccccc2c1,1,central,625
pretrain,train,C[C@H]([C@H](O)c1ccccc1)N(C)C(=O)Oc1ccc2ccccc2c1,1,central,624
pretrain,train,C[C@H]([C@H](OC(=O)c1cc([N+](=O)[O-])cc([N+](=O)[O-])c1)c1ccccc1)N(C)C(=O)c1cc([N+](=O)[O-])cc([N+](=O)[O-])c1,1,central,100
pretrain,train,C[C@H]([C]1[CH][CH][CH][CH]1)N(C)C.[CH]1[CH][CH][CH][CH]1.[Fe],1,central,-1
pretrain,train,C[C@H]([NH3+])C(=O)O.OCl,1,central,-1
pretrain,train,C[C@H](c1cccc2ccccc12)N([C@H](C)c1cccc2ccccc12)p1oc2ccc3ccccc3c2c2c(ccc3ccccc32)o1,2,axial,5812
pretrain,train,C[C@H](c1cccc2ccccc12)n1cc[n+]([C@H](C)c2cccc3ccccc23)c1.F[B-](F)(F)F,1,central,-1
pretrain,train,C[C@H](c1cccc2ccccc12)n1cc[n+]([C@H](C)c2cccc3ccccc23)c1.[Cl-],1,central,-1
pretrain,train,C[C@H](c1ccccc1)C1C=CC2=C1C=CC=CC=C2,1,central,3031
pretrain,train,C[C@H](c1ccccc1)N(C)C(=O)c1cccc2ccccc12,1,central,3503
pretrain,train,C[C@H](c1ccccc1)N(CCC(c1ccccc1)c1ccccc1)C(=O)c1cc([N+](=O)[O-])cc([N+](=O)[O-])c1,1,central,4089
pretrain,train,C[C@H](c1ccccc1)N(CCC(c1ccccc1)c1ccccc1)C(=O)c1ccccc1,1,central,4087
pretrain,train,C[C@H](c1ccccc1)N([C@H](C)c1ccccc1)p1oc2c(-c3ccccc3)cc3c(c2c2c4c(cc(-c5ccccc5)c2o1)CCCC4)CCCC3,2,axial,5830
pretrain,train,C[C@H](c1ccccc1)N([C@H](C)c1ccccc1)p1oc2ccc3c(c2c2c4c(ccc2o1)CCCC4)CCCC3,2,axial,5828
pretrain,train,C[C@H](c1ccccc1)N([C@H](C)c1ccccc1)p1oc2ccc3ccccc3c2c2c(ccc3ccccc32)o1,2,axial,5807
pretrain,train,C[C@H](c1ccccc1)N([C@H](C)c1ccccc1)p1oc2ccccc2c2ccccc2o1,2,axial,5837
pretrain,train,C[C@H](c1ccccc1)c1c(O)c2ccccc2oc1=O,1,central,4184
pretrain,train,C[C@H](c1ccccc1)n1cc[n+]([C@H](C)c2ccccc2)c1.F[B-](F)(F)F,1,central,-1
pretrain,train,C[C@H](c1ccccc1)n1cncc1C(=O)O,1,central,3224
pretrain,train,C[C@H]1C(=O)CCc2ccccc21,1,central,3028
pretrain,train,C[C@H]1C(=O)N(Cc2ccccc2)[C@@H]1CCCc1ccccc1,1,central,214
pretrain,train,C[C@H]1C(=O)Nc2ccc(Cl)cc2C(c2ccccc2)=[N+]1[O-],1,central,3691
pretrain,train,C[C@H]1C(OC(=O)Nc2cccc3ccccc23)CC2CC1C2(C)C,1,central,5578
pretrain,train,C[C@H]1CC(=O)CC(=O)O1,1,central,2167
pretrain,train,C[C@H]1CC(=O)NN=C1c1cc2cc(OCCN3CCCCC3)ccc2s1,1,central,2873
pretrain,train,C[C@H]1CC(=O)O1,1,central,2090
pretrain,train,C[C@H]1CC(=O)c2ccccc21,1,central,5397
pretrain,train,C[C@H]1CC=CC(=O)O1,1,central,2168
pretrain,train,C[C@H]1CCC(=O)C1,1,central,3326
pretrain,train,C[C@H]1CCC(=O)N1C,1,central,5217
pretrain,train,C[C@H]1CCC(=O)O1,1,central,2091
pretrain,train,C[C@H]1CCCC(=O)O1,1,central,4261
pretrain,train,C[C@H]1CCCC(=O)[C@@H]1Cc1ccccc1,1,central,361
pretrain,train,C[C@H]1CCCC1=O,1,central,2084
pretrain,train,C[C@H]1CCCC[C@@H]1NC(=O)c1cc([N+](=O)[O-])cc([N+](=O)[O-])c1,1,central,818
pretrain,train,C[C@H]1CCCC[C@@H]1OC(=O)Nc1cc([N+](=O)[O-])cc([N+](=O)[O-])c1,1,central,4401
pretrain,train,C[C@H]1CCCC[C@H]1NC(=O)c1cc([N+](=O)[O-])cc([N+](=O)[O-])c1,1,central,819
pretrain,train,C[C@H]1CCC[C@@H](OC(=O)c2ccccc2)C1,1,central,4373
pretrain,train,C[C@H]1CCC[C@H](OC(=O)c2ccccc2)C1,1,central,4372
pretrain,train,C[C@H]1CC[C@H](C)Oc2cccnc2-c2ncccc2O1,2,axial,6157
pretrain,train,C[C@H]1CC[C@H](C)P1c1ccccc1C1OCCO1,1,central,5692
pretrain,train,C[C@H]1CC[C@H](C)P1c1ccccc1P1(=O)[C@@H](C)CC[C@@H]1C,1,central,5698
pretrain,train,C[C@H]1CC[C@H](C)P1c1ccccc1P1[C@@H](C)CC[C@@H]1C,1,central,5695
pretrain,train,C[C@H]1CCc2ccccc2C1=O,1,central,3029
pretrain,train,C[C@H]1COC(C(C)(C)C2=N[C@@H](C)CO2)=N1,1,central,6694
pretrain,train,C[C@H]1COC(C(C)(Cc2ccccc2)C2=N[C@@H](C)CO2)=N1,1,central,6751
pretrain,train,C[C@H]1COC(C(Cc2ccc(C(C)(C)C)cc2)(Cc2ccc(C(C)(C)C)cc2)C2=N[C@@H](C)CO2)=N1,1,central,6735
pretrain,train,C[C@H]1COC(C(Cc2ccccc2)(Cc2ccccc2)C2=N[C@@H](C)CO2)=N1,1,central,6721
pretrain,train,C[C@H]1COC(C2=N[C@@H](C)CO2)=N1,1,central,6663
pretrain,train,C[C@H]1COC(CC2=N[C@@H](C)CO2)=N1,1,central,6678
pretrain,train,C[C@H]1COC(c2cc(C(F)(F)F)ccn2)=N1,1,central,6402
pretrain,train,C[C@H]1COC(c2ccc(C(F)(F)F)cn2)=N1,1,central,6387
pretrain,train,C[C@H]1COC(c2cccc(C3=N[C@@H](C)CO3)n2)=N1,1,central,6840
pretrain,train,C[C@H]1COc2c(Cl)cccc2C1=O,1,central,1979
pretrain,train,C[C@H]1COc2c(N3CCN(C)CC3)c(F)cc3c(=O)c(C(=O)O)cn1c23,1,central,3805
pretrain,train,C[C@H]1COc2ccc(Cl)cc2C1=O,1,central,1980
pretrain,train,C[C@H]1C[C@H](C)Oc2cccnc2-c2ncccc2O1,2,axial,6155
pretrain,train,C[C@H]1N=C(c2ccccc2)c2cc(Cl)ccc2N(C)C1=O,1,central,3280
pretrain,train,C[C@H]1N=C(c2ccccc2)c2cc(Cl)ccc2NC1=O,1,central,1239
pretrain,train,C[C@H]1N=C(c2ccccc2)c2cc(Cl)ccc2NC1=S,1,central,3690
pretrain,train,C[C@H]1N=C(c2ccccc2Cl)c2cc([N+](=O)[O-])ccc2NC1=O,1,central,1829
pretrain,train,C[C@H]1O[C@@H]1c1ccccc1,1,central,155
pretrain,train,C[C@H]1Oc2cccc(-c3c4ccccc4cc4ccccc34)c2[P@@]1C(C)(C)C,1,central,-1
pretrain,train,C[C@H]1Oc2cccc(-c3cccc4c3[P@@](C(C)(C)C)[C@@H](C)O4)c2[P@@]1C(C)(C)C,1,central,-1
pretrain,train,C[C@H]1Oc2cccnc2-c2ncccc2O[C@@H]1C,2,axial,6159
pretrain,train,C[C@H]1S[C@@H](c2cccnc2)N(C)C1=O,1,central,149
pretrain,train,C[C@H]1[C@@H](c2ccccc2)OC(=O)N1C,1,central,5
pretrain,train,C[C@H]1[C@@H](c2ccccc2)O[C@@H](c2ccc(Br)cc2)N1C,1,central,852
pretrain,train,C[C@H]1[C@@H](c2ccccc2)O[C@@H](c2ccc3ccccc3c2)N1C,1,central,920
pretrain,train,C[C@H]1[C@@H](c2ccccc2)O[C@@H](c2ccccc2)N1C,1,central,853
pretrain,train,C[C@H]1[C@H](c2ccccc2)NC(=O)N1C,1,central,538
pretrain,train,C[C@H]1[C@H](c2ccccc2)O[C@H](c2ccc([N+](=O)[O-])cc2)N1C,1,central,845
pretrain,train,C[C@H]1[C@H](c2ccccc2)O[C@H](c2ccc3ccccc3c2)N1C,1,central,844
pretrain,train,C[C@H]1c2ccc3c(c2CN2CCc4cc5c(cc4[C@@H]12)OCO5)OCO3,1,central,179
pretrain,train,C[C@H]1c2ccccc2CN2CCc3ccccc3[C@@H]12,1,central,180
pretrain,train,C[C@](Cc1ccc(O)c(O)c1)(NN)C(=O)O,1,central,2249
pretrain,train,C[C@](N)(Cc1ccccc1)C(=O)O,1,central,2159
pretrain,train,C[C@](O)(C(=O)O)c1ccccc1,1,central,2285
pretrain,train,C[C@](O)(C(N)=O)c1ccccc1,1,central,2832
pretrain,train,C[C@]1(/C=C/[N+](=O)[O-])CCCCC1=O,1,central,3027
pretrain,train,C[C@]1(C(=O)O)CCCN1,1,central,5975
pretrain,train,C[C@]1(C2=CCCCC2)C(=N)NC(=O)N(c2ccccc2)C1=O,1,central,4728
pretrain,train,C[C@]1(CO)O[C@@H]1c1ccccc1,1,central,638
pretrain,train,C[C@]1(O)CCCc2cc3ccccc3cc21,1,central,5103
pretrain,train,C[C@]1(O)c2cc3ccccc3cc2-c2ccccc2[C@@H]1O,1,central,279
pretrain,train,C[C@]1(c2ccc3ccccc3c2)OC(=O)c2ccccc21,1,central,4556
pretrain,train,C[C@]1(c2ccc3ccccc3c2)OC(=S)c2ccccc21,1,central,2985
pretrain,train,C[C@]1(c2cccc3ccccc23)NC(=O)NC1=O,1,central,3794
pretrain,train,C[C@]1(c2cccc3ccccc23)OC(=S)c2ccccc21,1,central,2986
pretrain,train,C[C@]1(c2ccccc2)C(=O)NN(c2ccccc2)C1=O,1,central,2830
pretrain,train,C[C@]1(c2ccccc2)C=CC(=O)O1,1,central,5369
pretrain,train,C[C@]1(c2ccccc2)CC(=O)N(CN2CCOCC2)C1=O,1,central,3328
pretrain,train,C[C@]1(c2ccccc2)CC(=O)NC1=O,1,central,3502
pretrain,train,C[C@]1(c2ccccc2)NC(=O)NC1=O,1,central,2583
pretrain,train,C[C@]1(c2ccccc2)SCC[S@@]1=O,1,central,790
pretrain,train,C[C@]12C(=O)OCC(=O)N1CCc1c2[nH]c2ccccc12,1,central,3931
pretrain,train,C[C@]12CCC(=O)C=C1CCCC2=O,1,central,4039
pretrain,train,C[C]([Lu])([CH2][Lu])C(=O)OC(c1ccccc1)(c1ccccc1)c1ccccn1,3,helical,5520
pretrain,train,C[C]1[CH][CH][CH][CH][C]1C=O.[C-]#[O+].[C-]#[O+].[C-]#[O+].[Cr],4,planar,-1
pretrain,train,C[C]1[CH][CH][CH][CH][C]1C=O.[C-]#[O+].[C-]#[O+].[C-]#[O+].[Mn],4,planar,-1
pretrain,train,C[C]1[CH][CH][CH][CH][C]1CO.[C-]#[O+].[C-]#[O+].[C-]#[O+].[Cr],4,planar,-1
pretrain,train,C[C]1[CH][CH][CH][CH][C]1CO.[C-]#[O+].[C-]#[O+].[C-]#[O+].[Mn],4,planar,-1
pretrain,train,C[C]1[CH][CH][CH][CH][C]1COC(=O)c1ccccc1.[C-]#[O+].[C-]#[O+].[C-]#[O+].[Cr],4,planar,-1
pretrain,train,C[C]1[CH][CH][CH][CH][C]1COC(C)=O.[C-]#[O+].[C-]#[O+].[C-]#[O+].[Cr],4,planar,-1
pretrain,train,C[C]1[CH][CH][CH][CH][C]1COC(C)=O.[C-]#[O+].[C-]#[O+].[C-]#[O+].[Mn],4,planar,-1
pretrain,train,C[C]1[CH][CH][CH][C](C=O)[CH]1.[C-]#[O+].[C-]#[O+].[C-]#[O+].[Cr],4,planar,-1
pretrain,train,C[C]1[CH][CH][CH][C](C=O)[CH]1.[C-]#[O+].[C-]#[O+].[C-]#[O+].[Mn],4,planar,-1
pretrain,train,C[C]1[CH][CH][CH][C](CO)[CH]1.[C-]#[O+].[C-]#[O+].[C-]#[O+].[Cr],4,planar,-1
pretrain,train,C[C]1[CH][CH][CH][C](CO)[CH]1.[C-]#[O+].[C-]#[O+].[C-]#[O+].[Mn],4,planar,-1
pretrain,train,C[C]1[CH][CH][CH][C](COC(C)=O)[CH]1.[C-]#[O+].[C-]#[O+].[C-]#[O+].[Cr],4,planar,-1
pretrain,train,C[C]1[CH][CH][CH][C](COC(C)=O)[CH]1.[C-]#[O+].[C-]#[O+].[C-]#[O+].[Mn],4,planar,-1
pretrain,train,C[C]1[CH][CH][CH][C]1C=O.[CH]1[CH][CH][CH][CH]1.[Fe],4,planar,-1
pretrain,train,C[C]1[CH][CH][CH][C]1CO.[CH]1[CH][CH][CH][CH]1.[Fe],4,planar,-1
pretrain,train,C[C]1[CH][CH][C](C=O)[CH]1.[CH]1[CH][CH][CH][CH]1.[Fe],4,planar,-1
pretrain,train,C[C]1[CH][CH][C](CO)[CH]1.[CH]1[CH][CH][CH][CH]1.[Fe],4,planar,-1
pretrain,train,C[N+]1(C)C2CCC1CC(OC(=O)[C@H](CO)c1ccccc1)C2,1,central,5037
pretrain,train,C[N+]1(C)C2CCC1CC(OC(=O)[C@H](O)c1ccccc1)C2,1,central,5036
pretrain,train,C[N+]1(C)CCC[C@@H](OC(=O)C(O)(c2ccccc2)c2ccccc2)C1.[Br-],1,central,-1
pretrain,train,C[N+]1(C)CC[C@@H](OC(=O)[C@@](O)(c2ccccc2)C2CCCC2)C1.[Br-],1,central,-1
pretrain,train,C[N+]1(C)CC[C@@H](OC(=O)[C@](O)(c2ccccc2)C2CCCC2)C1.[Br-],1,central,-1
pretrain,train,C[N+]12CCC(CC1)[C@H](OC(=O)C(O)(c1ccccc1)c1ccccc1)C2,1,central,5041
pretrain,train,C[NH+](C)CCO[C@H](c1ccc(Cl)cc1)c1ccccn1.O=C([O-])/C=C\C(=O)O,1,central,-1
pretrain,train,C[NH+](C)CC[C@H](c1ccc(Cl)cc1)c1cccc[nH+]1.O=C([O-])/C=C\C(=O)[O-],1,central,-1
pretrain,train,C[NH+]1Cc2c([NH3+])cccc2[C@@H](c2ccccc2)C1.O=C([O-])/C=C\C(=O)[O-],1,central,-1
pretrain,train,C[P@@](=O)(Cc1cccc2ccccc12)c1ccccc1,1,central,5180
pretrain,train,C[P@@](=O)(Cc1ccccc1)c1ccccc1,1,central,4369
pretrain,train,C[P@@](=O)(Nc1cccc2ccccc12)c1ccccc1,1,central,5178
pretrain,train,C[P@@](=O)(Oc1ccc([N+](=O)[O-])cc1)c1cccc2ccccc12,1,central,1471
pretrain,train,C[P@@](=O)(Oc1cccc2ccccc12)c1ccccc1,1,central,5179
pretrain,train,C[P@@](=O)(c1ccccc1)c1c(O)ccc2ccccc12,1,central,1868
pretrain,train,C[P@@](=O)(c1ccccc1)c1cc2ccccc2c2ccccc12,1,central,3493
pretrain,train,C[P@@](=O)(c1ccccc1)c1ccc(OCC2CO2)c2ccccc12,1,central,72
pretrain,train,C[P@@](=O)(c1ccccc1)c1cccc2ccccc12,1,central,3496
pretrain,train,C[P@@](c1ccccc1[P@](C)C(C)(C)C)C(C)(C)C,1,central,-1
pretrain,train,C[P@@](c1nc2ccccc2nc1[P@](C)C(C)(C)C)C(C)(C)C,1,central,-1
pretrain,train,C[P@](=O)(CCCc1ccccc1)c1ccccc1,1,central,4406
pretrain,train,C[P@](=O)(c1ccccc1)c1c(Oc2nnnn2-c2ccccc2)ccc2ccccc12,1,central,1870
pretrain,train,C[P@](=O)(c1ccccc1)c1ccc(-c2ccccc2)cc1,1,central,4407
pretrain,train,C[P@](=O)(c1ccccc1)c1ccc(O)c2ccccc12,1,central,3787
pretrain,train,C[P@](=O)(c1ccccc1)c1ccc(OCc2ccccc2)c2ccccc12,1,central,3789
pretrain,train,C[P@](=O)(c1ccccc1)c1ccc(Oc2ccccc2)cc1,1,central,4405
pretrain,train,C[P@](=O)(c1ccccc1)c1ccc(Oc2nnnn2-c2ccccc2)c2ccccc12,1,central,1869
pretrain,train,C[P@](=O)(c1ccccc1)c1ccc2ccccc2c1,1,central,3495
pretrain,train,C[P@](c1ccccc1[P@@](C)C(C)(C)C)C(C)(C)C,1,central,5857
pretrain,train,C[P@](c1nc2ccccc2nc1[P@@](C)C(C)(C)C)C(C)(C)C,1,central,5850
pretrain,train,C[S@@](=O)(=NC(=O)NC1CCCCC1)c1ccccc1,1,central,3798
pretrain,train,C[S@@](=O)(=NC(=O)c1ccccc1)c1ccccc1,1,central,5254
pretrain,train,C[S@@](=O)C[C]1[CH][CH][CH][CH]1.[CH]1[CH][CH][CH][CH]1.[Fe],1,central,-1
pretrain,train,C[S@@](=O)Cc1ccccc1,1,central,3932
pretrain,train,C[S@@](=O)Sc1ccccc1,1,central,1795
pretrain,train,C[S@@](=O)c1ccc2ccccc2c1,1,central,1536
pretrain,train,C[S@@](=O)c1ccccc1C(=O)O,1,central,3920
pretrain,train,C[S@@](=O)c1ccccc1Cl,1,central,1342
pretrain,train,C[S@@]1(c2ccccc2)=NC(=O)N=C(c2ccccc2)N=1,1,central,4182
pretrain,train,C[S@](=O)(=NC(=O)Nc1ccc2ccccc2c1)c1ccccc1,1,central,3801
pretrain,train,C[S@](=O)(=NC(=O)Nc1ccccc1)c1ccccc1,1,central,3803
pretrain,train,C[S@](=O)/C=C(\c1ccccc1)c1cccnc1,1,central,1856
pretrain,train,C[S@](=O)/C=C(\c1ccccc1)c1ccncc1,1,central,1855
pretrain,train,C[S@](=O)/C=C/c1ccccc1,1,central,1859
pretrain,train,C[S@](=O)C=C(c1ccccc1)c1ccccc1,1,central,1857
pretrain,train,C[S@](=O)c1c2ccccc2cc2ccccc12,1,central,5095
pretrain,train,C[S@](=O)c1ccc(-c2ccc3ccccc3c2)cc1,1,central,5425
pretrain,train,C[S@](=O)c1ccc([N+](=O)[O-])cc1[N+](=O)[O-],1,central,4653
pretrain,train,C[S@](=O)c1cccc2ccccc12,1,central,3124
pretrain,train,C[S@](=O)c1ccccc1C(=O)OC(c1ccccc1)c1ccccc1,1,central,3841
pretrain,train,C[S@](=O)c1ccccn1,1,central,2981
pretrain,train,C[Si](C)(C)C#C[C@@H](O)c1ccccc1,1,central,3339
pretrain,train,C[Si](C)(C)OC(c1cc(C(F)(F)F)cc(C(F)(F)F)c1)(c1cc(C(F)(F)F)cc(C(F)(F)F)c1)[C@@H]1CCCN1,1,central,5984
pretrain,train,C[Si](C)(C)OC(c1cc(C(F)(F)F)cc(C(F)(F)F)c1)(c1cc(C(F)(F)F)cc(C(F)(F)F)c1)[C@H]1CCCN1,1,central,5969
pretrain,train,C[Si](C)(C)OC(c1ccccc1)(c1ccccc1)[C@@H]1CCCN1,1,central,5928
pretrain,train,C[Si](C)(C)OC(c1ccccc1)(c1ccccc1)[C@H]1CCCN1,1,central,5938
pretrain,train,C[Si](C)(C)O[C@H]1C=CC(=O)C1,1,central,5271
pretrain,train,C[Si](C)(C)[C@@H]1[C@@H](O)CC[C@H]1OC(=O)c1cccc(Cl)c1,1,central,914
pretrain,train,C[Si](C)(C)c1cc(P(c2cc([Si](C)(C)C)cc([Si](C)(C)C)c2)c2ccc3c(c2-c2c(P(c4cc([Si](C)(C)C)cc([Si](C)(C)C)c4)c4cc([Si](C)(C)C)cc([Si](C)(C)C)c4)ccc4c2OCCO4)OCCO3)cc([Si](C)(C)C)c1,2,axial,6986
pretrain,train,C[Si](C)(O[C@H]1C=CC(=O)C1)c1ccccc1,1,central,5264
pretrain,train,C[Si](O[C@H]1C=CC(=O)C1)(c1ccccc1)c1ccccc1,1,central,5269
pretrain,train,C[Si]1(C)Cc2ccc3ccccc3c2-c2c(ccc3ccccc23)C1,2,axial,1004
pretrain,train,Cc1c(C(=O)N[C@@H](C)c2ccccc2)cc([N+](=O)[O-])cc1[N+](=O)[O-],1,central,4357
pretrain,train,Cc1c(C(=O)O[C@H]2N=C(c3ccccc3)c3cc(Cl)ccc3N(C)C2=O)cccc1[N+](=O)[O-],1,central,2665
pretrain,train,Cc1c(C(=O)O[C@H]2N=C(c3ccccc3)c3cc(Cl)ccc3NC2=O)cccc1[N+](=O)[O-],1,central,2666
pretrain,train,Cc1c(C(=O)O[C@H]2N=C(c3ccccc3Cl)c3cc(Cl)ccc3N(C)C2=O)cccc1[N+](=O)[O-],1,central,2663
pretrain,train,Cc1c(C(=O)O[C@H]2N=C(c3ccccc3Cl)c3cc(Cl)ccc3NC2=O)cccc1[N+](=O)[O-],1,central,2664
pretrain,train,Cc1c(C)c(C)c2c(c1C)C(=O)C(=O)c1c(C)c(C)c(C)c(C)c1-2,2,axial,1146
pretrain,train,Cc1c(C)c2c(c(C)c1OC(=O)C(F)(F)F)CCC(C)(CCCC(C)CCCC(C)CCCC(C)C)O2,1,central,859
pretrain,train,Cc1c(C)c2c(c(C)c1OC(C)C)CCC(C)(CCCC(C)CCCC(C)CCCC(C)C)O2,1,central,866
pretrain,train,Cc1c(C)c2c(c(C)c1OCC(F)(F)F)CCC(C)(CCCC(C)CCCC(C)CCCC(C)C)O2,1,central,864
pretrain,train,Cc1c(C)c2c(c(C)c1O[Si](C)(C)C(C)(C)C)CCC(C)(CCCC(C)CCCC(C)CCCC(C)C)O2,1,central,865
pretrain,train,Cc1c(O[C@@H](C)C(=O)O)cccc1C(=O)c1ccc(Cl)cc1,1,central,2940
pretrain,train,Cc1c2c(c(Br)c3ccccc13)[C@H](O)[C@H](O)c1ccccc1-2,1,central,401
pretrain,train,Cc1c2c(c(C)c3ccccc13)[C@@H](O)[C@H](O)c1ccccc1-2,1,central,303
pretrain,train,Cc1c2c(c(C)c3ccccc13)[C@@H]1O[C@@H]1c1ccccc1-2,1,central,302
pretrain,train,Cc1c2c(c(C)c3ccccc13)[C@H](O)[C@H](O)c1ccccc1-2,1,central,400
pretrain,train,Cc1c2c(cc3ccccc13)-c1ccccc1[C@@H](O)[C@@H]2O,1,central,296
pretrain,train,Cc1c2c(cc3ccccc13)[C@@H]1O[C@@H]1c1ccccc1-2,1,central,300
pretrain,train,Cc1c2c(cc3ccccc13)[C@H](O)[C@@H](O)c1ccccc1-2,1,central,275
pretrain,train,Cc1c2ccccc2c([C@@H](O)C(F)(F)F)c2ccccc12,1,central,4582
pretrain,train,Cc1cc(C(C)(C)C)c(O)c(-c2c(C)c(C)cc(C(C)(C)C)c2O)c1C,2,axial,6305
pretrain,train,Cc1cc(C(C)(C)C)cc(C=N[C@@H]2CCCC[C@H]2N=Cc2cc(C(C)(C)C)cc(C)c2O)c1O,1,central,-1
pretrain,train,Cc1cc(C(C)(C)C)cc(C=N[C@H]2CCCC[C@@H]2N=Cc2cc(C(C)(C)C)cc(C)c2O)c1O,1,central,-1
pretrain,train,Cc1cc(C)c(-c2c(CO)ccc3ccccc23)c(O)c1,2,axial,989
pretrain,train,Cc1cc(C)c(-c2cc3c(c4c2OP(=O)(O)Oc2c(-c5c(C)cc(C)cc5C)cc5c(c2-4)CCCC5)CCCC3)c(C)c1,2,axial,5916
pretrain,train,Cc1cc(C)c(-c2cc3ccccc3c3c2OP(=O)(O)Oc2c(-c4c(C)cc(C)cc4C)cc4ccccc4c2-3)c(C)c1,2,axial,5898
pretrain,train,Cc1cc(C)c(-n2c[n+]3c(n2)CC[C@@H]3Cc2ccccc2)c(C)c1.F[B-](F)(F)F,1,central,-1
pretrain,train,Cc1cc(C)c(-n2c[n+]3c(n2)COC(C)(C)[C@@H]3Cc2ccccc2)c(C)c1.F[B-](F)(F)F,1,central,-1
pretrain,train,Cc1cc(C)c(-n2c[n+]3c(n2)COC[C@@H]3Cc2ccccc2)c(C)c1.F[B-](F)(F)F,1,central,-1
pretrain,train,Cc1cc(C)c(-n2c[n+]3c(n2)COC[C@H]3Cc2ccccc2)c(C)c1.F[B-](F)(F)F,1,central,-1
pretrain,train,Cc1cc(C)c(-n2c[n+]3c(n2)CO[C@@H](c2ccccc2)[C@H]3c2ccccc2)c(C)c1.F[B-](F)(F)F,1,central,-1
pretrain,train,Cc1cc(C)c(-n2c[n+]3c(n2)CO[C@@H]2Cc4ccc([N+](=O)[O-])cc4[C@@H]23)c(C)c1.F[B-](F)(F)F,2,axial,6933
pretrain,train,Cc1cc(C)c(-n2c[n+]3c(n2)CO[C@@H]2Cc4ccccc4[C@@H]23)c(C)c1.F[B-](F)(F)F,2,axial,-1
pretrain,train,Cc1cc(C)c(-n2c[n+]3c(n2)CO[C@@H]2Cc4ccccc4[C@@H]23)c(C)c1.O.[Cl-],2,axial,-1
pretrain,train,Cc1cc(C)c(-n2c[n+]3c(n2)CO[C@@H]2Cc4ccccc4[C@@H]23)c(C)c1.[Cl-],2,axial,-1
pretrain,train,Cc1cc(C)c(-n2c[n+]3c(n2)CO[C@H]2Cc4ccccc4[C@H]23)c(C)c1.F[B-](F)(F)F,2,axial,-1
pretrain,train,Cc1cc(C)c(-n2c[n+]3c(n2)CO[C@H]2Cc4ccccc4[C@H]23)c(C)c1.O.[Cl-],2,axial,-1
pretrain,train,Cc1cc(C)c(-n2c[n+]3c(n2)CO[C@H]2Cc4ccccc4[C@H]23)c(C)c1.[Cl-],2,axial,-1
pretrain,train,Cc1cc(C)c(C(=C(c2c(C)cc(C)cc2C)c2c(C)cc(C)cc2C)c2c(C)cc(C)cc2C)c(C)c1,3,helical,5504
pretrain,train,Cc1cc(C)c(C(=S)N(C)C)c(C)c1C,2,axial,1152
pretrain,train,Cc1cc(C)c(N2C=[N+]([C@H](CO)C(C)(C)C)CC2)c(C)c1.F[P-](F)(F)(F)(F)F,1,central,-1
pretrain,train,Cc1cc(C)c(N2C=[N+]([C@H](CO)C(C)C)CC2)c(C)c1.F[P-](F)(F)(F)(F)F,1,central,-1
pretrain,train,Cc1cc(C)c(N2C=[N+]([C@H](CO)c3ccccc3)CC2)c(C)c1.F[P-](F)(F)(F)(F)F,1,central,-1
pretrain,train,Cc1cc(C)c(N2C=[N+]([C@H]3c4ccccc4C[C@@H]3O)CC2)c(C)c1.F[P-](F)(F)(F)(F)F,1,central,-1
pretrain,train,Cc1cc(C)c(N2C=[N+]3C(=N[C@H](c4ccccc4)[C@H]3c3ccccc3)c3ccccc32)c(C)c1.F[B-](F)(F)F,1,central,-1
pretrain,train,Cc1cc(C)c(NC(=O)[C@@H](C)N)c(C)c1,1,central,5050
pretrain,train,Cc1cc(C)c(S(=O)(=O)N[C@H](c2ccccc2)[C@H](N)c2ccccc2)c(C)c1,1,central,6207
pretrain,train,Cc1cc(C)c([C@@H](O)c2ccccc2)c(C)c1,1,central,3567
pretrain,train,Cc1cc(C)c([C@H](C)O)c(C)c1,1,central,2411
pretrain,train,Cc1cc(C)c([C@H](O)C(F)(F)F)c(C)c1,1,central,2180
pretrain,train,Cc1cc(C)c([C@H](O)c2ccccc2C)c(C)c1,1,central,2102
pretrain,train,Cc1cc(C)c([P@@](C)(=O)c2ccccc2)c(C)c1,1,central,5181
pretrain,train,Cc1cc(C)c([Se](=O)c2ccccc2)c(C)c1,1,central,5165
pretrain,train,Cc1cc(C)c2c(c1C)-c1c(C)c(C)cc(C)c1C(=O)C2=O,2,axial,1140
pretrain,train,Cc1cc(C)c2c(ccc3c4ccccc4c4ccccc4c32)c1,3,helical,5524
pretrain,train,Cc1cc(C)c2cc([C@H](O)CNC(C)C)oc2c1C,1,central,2492
pretrain,train,Cc1cc(C)c2oc([C@@H](O)CNC(C)C)cc2c1,1,central,2493
pretrain,train,Cc1cc(C)cc(-c2cc3c(c(-c4c(O)c(-c5cc(C)cc(C)c5)cc5c4CCCC5)c2O)CCCC3)c1,2,axial,6300
pretrain,train,Cc1cc(C)cc(-c2cc3c(c4c2OP(=O)(NS(=O)(=O)C(F)(F)F)Oc2c(-c5cc(C)cc(C)c5)cc5c(c2-4)CCCC5)CCCC3)c1,2,axial,6100
pretrain,train,Cc1cc(C)cc(-c2cc3c(c4c2OP(=O)(O)Oc2c(-c5cc(C)cc(C)c5)cc5c(c2-4)CCCC5)CCCC3)c1,2,axial,5915
pretrain,train,Cc1cc(C)cc(-c2cc3ccccc3c(-c3c(O)c(-c4cc(C)cc(C)c4)cc4ccccc34)c2O)c1,2,axial,6330
pretrain,train,Cc1cc(C)cc(-c2cc3ccccc3c3c2OP(=O)(NS(=O)(=O)C(F)(F)F)Oc2c(-c4cc(C)cc(C)c4)cc4ccccc4c2-3)c1,2,axial,6099
pretrain,train,Cc1cc(C)cc(-c2cc3ccccc3c3c2OP(=O)(O)Oc2c(-c4cc(C)cc(C)c4)cc4ccccc4c2-3)c1,2,axial,5890
pretrain,train,Cc1cc(C)cc(C(=O)N[C@H](C)c2ccccc2)c1,1,central,1596
pretrain,train,Cc1cc(C)cc(C(O)(c2cc(C)cc(C)c2)[C@@H]2CCCN2)c1,1,central,5946
pretrain,train,Cc1cc(C)cc(C2(c3cc(C)cc(C)c3)OP(N(C)C)OC(c3cc(C)cc(C)c3)(c3cc(C)cc(C)c3)[C@@H]3OC(C)(C)O[C@H]32)c1,2,axial,5841
pretrain,train,Cc1cc(C)cc(C2(c3cc(C)cc(C)c3)OP(N(C)C)OC(c3cc(C)cc(C)c3)(c3cc(C)cc(C)c3)[C@H]3OC(C)(C)O[C@@H]32)c1,2,axial,5842
pretrain,train,Cc1cc(C)cc(C2(c3cc(C)cc(C)c3)OP(c3ccccc3)OC(c3cc(C)cc(C)c3)(c3cc(C)cc(C)c3)[C@H]3OC(C)(C)O[C@@H]32)c1,2,axial,5860
pretrain,train,Cc1cc(C)cc(N2C=[N+]([C@@H](CO)c3ccccc3)CC2)c1.F[P-](F)(F)(F)(F)F,1,central,-1
pretrain,train,Cc1cc(C)cc(NC(=O)C[C@H](C)c2ccccc2)c1,1,central,4859
pretrain,train,Cc1cc(C)cc(NC(=O)[C@@H](C)NC(=O)OC(C)(C)C)c1,1,central,2516
pretrain,train,Cc1cc(C)cc(NC(=O)[C@@H](C)NC(=O)OCC2c3ccccc3-c3ccccc32)c1,1,central,4234
pretrain,train,Cc1cc(C)cc(NC(=O)[C@@H](C)NC(=O)OCc2ccccc2)c1,1,central,4220
pretrain,train,Cc1cc(C)cc(NC(=O)[C@@H](C)Sc2ccccc2)c1,1,central,4857
pretrain,train,Cc1cc(C)cc(NC(=O)[C@@H](C)c2ccc(C(=O)c3ccccc3)s2)c1,1,central,2970
pretrain,train,Cc1cc(C)cc(NC(=O)[C@@H](C)c2cccc(C(=O)c3ccccc3)c2)c1,1,central,2969
pretrain,train,Cc1cc(C)cc(NC(=O)[C@@H](C)c2ccccc2)c1,1,central,4860
pretrain,train,Cc1cc(C)cc(NC(=O)[C@@H](Cc2ccc(O)cc2)NC(=O)OC(C)(C)C)c1,1,central,2899
pretrain,train,Cc1cc(C)cc(NC(=O)[C@@H](Cc2ccccc2)NC(=O)OC(C)(C)C)c1,1,central,2513
pretrain,train,Cc1cc(C)cc(NC(=O)[C@@H](Cc2ccccc2)c2ccccc2)c1,1,central,4858
pretrain,train,Cc1cc(C)cc(NC(=O)[C@@H](NC(=O)OCC2c3ccccc3-c3ccccc32)C(C)C)c1,1,central,4232
pretrain,train,Cc1cc(C)cc(NC(=O)[C@@H](NC(=O)OCc2ccccc2)C(C)C)c1,1,central,4218
pretrain,train,Cc1cc(C)cc(NC(=O)[C@@H]2Oc3ccccc3C2c2ccccc2)c1,1,central,665
pretrain,train,Cc1cc(C)cc(NC(=O)[C@H](C)c2ccc(-c3ccccc3)c(F)c2)c1,1,central,2976
pretrain,train,Cc1cc(C)cc(NC(=O)[C@H](C)c2ccc(CC(C)C)cc2)c1,1,central,2978
pretrain,train,Cc1cc(C)cc(NC(=O)[C@H](C)c2ccc(N3CC=CC3)c(Cl)c2)c1,1,central,2973
pretrain,train,Cc1cc(C)cc(NC(=O)[C@H](C)c2ccc3c(c2)Cc2ccccc2-3)c1,1,central,2972
pretrain,train,Cc1cc(C)cc(NC(=O)[C@H](C)c2ccc3c(c2)[nH]c2cc(Cl)ccc23)c1,1,central,2975
pretrain,train,Cc1cc(C)cc(NC(=O)[C@H](C)c2cccc(Oc3ccccc3)c2)c1,1,central,2974
pretrain,train,Cc1cc(C)cc(NC(=O)[C@H](C)c2cccc3ccccc23)c1,1,central,4863
pretrain,train,Cc1cc(C)cc(NC(=O)[C@H](CC(C)C)NC(=O)OC(C)(C)C)c1,1,central,4223
pretrain,train,Cc1cc(C)cc(NC(=O)[C@H](CC(C)C)NC(=O)OCC2c3ccccc3-c3ccccc32)c1,1,central,4230
pretrain,train,Cc1cc(C)cc(NC(=O)[C@H](CC(C)C)NC(=O)OCc2ccccc2)c1,1,central,4216
pretrain,train,Cc1cc(C)cc(NC(=O)[C@H](Cc2c[nH]c3ccccc23)NC(=O)OC(C)(C)C)c1,1,central,2898
pretrain,train,Cc1cc(C)cc(NC(=O)[C@H](Cc2ccccc2)NC(=O)OCC2c3ccccc3-c3ccccc32)c1,1,central,4228
pretrain,train,Cc1cc(C)cc(NC(=O)[C@H](Cc2ccccc2)NC(=O)OCc2ccccc2)c1,1,central,2888
pretrain,train,Cc1cc(C)cc(NC(=O)[C@H](NC(=O)OC(C)(C)C)C(C)C)c1,1,central,4225
pretrain,train,Cc1cc(C)cc(NC(=O)[C@H](OC(C)C)c2ccccc2)c1,1,central,4862
pretrain,train,Cc1cc(C)cc(NC(=O)[C@H]2CCCN2C(=O)OC(C)(C)C)c1,1,central,2318
pretrain,train,Cc1cc(C)cc(NC(=O)[C@]2(C)CCCS2(=O)=O)c1,1,central,4856
pretrain,train,Cc1cc(C)cc(NC(=O)[C@]2(C)Cc3ccccc3S2(=O)=O)c1,1,central,4855
pretrain,train,Cc1cc(C)cc(OC[C@H](O)CNCc2ccccc2)c1,1,central,3169
pretrain,train,Cc1cc(C)cc(P(C2=C(c3c(C)sc(C)c3C(c3ccccc3)c3ccccc3)[C@]3(C)CC[C@H]2C3(C)C)c2cc(C)cc(C)c2)c1,1,central,7019
pretrain,train,Cc1cc(C)cc(P(c2cc(C)cc(C)c2)[C@@H](C)C[C@H](C)P(c2cc(C)cc(C)c2)c2cc(C)cc(C)c2)c1,1,central,7005
pretrain,train,Cc1cc(C)cc(P(c2cc(C)cc(C)c2)[C@H](C)C[C@@H](C)P(c2cc(C)cc(C)c2)c2cc(C)cc(C)c2)c1,1,central,6984
pretrain,train,Cc1cc(C)cc(P(c2cc(C)cc(C)c2)c2ccc3c(c2-c2c(P(c4cc(C)cc(C)c4)c4cc(C)cc(C)c4)ccc4c2CCCC4)CCCC3)c1,2,axial,6975
pretrain,train,Cc1cc(C)cc(P(c2cc(C)cc(C)c2)c2ccc3c(c2-c2c(P(c4cc(C)cc(C)c4)c4cc(C)cc(C)c4)ccc4c2OCCO4)OCCO3)c1,2,axial,5794
pretrain,train,Cc1cc(C)cc(P(c2cc(C)cc(C)c2)c2ccc3c(c2-c2c(P(c4cc(C)cc(C)c4)c4cc(C)cc(C)c4)ccc4c2OCO4)OCO3)c1,2,axial,6980
pretrain,train,Cc1cc(C)cc(P(c2cc(C)cc(C)c2)c2ccc3ccccc3c2-c2c(P(c3cc(C)cc(C)c3)c3cc(C)cc(C)c3)ccc3ccccc23)c1,2,axial,6959
pretrain,train,Cc1cc(C)cc(P(c2cc(C)cc(C)c2)c2cccc3c2C2(CC3)CCc3cccc(P(c4cc(C)cc(C)c4)c4cc(C)cc(C)c4)c32)c1,2,axial,5787
pretrain,train,Cc1cc(C)cc(P(c2cc(C)cc(C)c2)c2cccc3c2[C@@]2(CCc4cccc(C5=N[C@@H](Cc6ccccc6)CO5)c42)CC3)c1,2,axial,6877
pretrain,train,Cc1cc(C)cc(P(c2cc(C)cc(C)c2)c2ccccc2CN[C@@H]2CCCC[C@H]2NCc2ccccc2P(c2cc(C)cc(C)c2)c2cc(C)cc(C)c2)c1,1,central,6237
pretrain,train,Cc1cc(C)cc(P(c2cc(C)cc(C)c2)c2ccccc2CN[C@H]2CCCC[C@@H]2NCc2ccccc2P(c2cc(C)cc(C)c2)c2cc(C)cc(C)c2)c1,1,central,6234
pretrain,train,Cc1cc(C)nc(N2CCC(O)(c3ccccc3)CC2)n1,1,central,3062
pretrain,train,Cc1cc(C)nc(N2Cc3ccccc3[C@@H](O)C2)n1,1,central,3063
pretrain,train,Cc1cc(C2=C(/C=C/[C@@H]3C[C@@H](O)CC(=O)O3)C(C)(C)CC(C)(C)C2)ccc1F,1,central,323
pretrain,train,Cc1cc(CN2CCC[C@@H]2C(O)(c2ccccc2)c2ccccc2)c(O)c(CN2CCC[C@@H]2C(O)(c2ccccc2)c2ccccc2)c1,1,central,5960
pretrain,train,Cc1cc(CN2CCC[C@H]2C(O)(c2ccccc2)c2ccccc2)c(O)c(CN2CCC[C@H]2C(O)(c2ccccc2)c2ccccc2)c1,1,central,5955
pretrain,train,Cc1cc(Cl)ccc1O[C@@H](C)C(=O)Nc1ccccc1,1,central,5067
pretrain,train,Cc1cc(Cl)ccc1O[C@@H](C)C(N)=O,1,central,5068
pretrain,train,Cc1cc(Cl)ccc1O[C@H](C)C(=O)N(c1ccccc1)c1ccccc1,1,central,5066
pretrain,train,Cc1cc(Cl)ccc1O[C@H](C)C(=O)Nc1cc([N+](=O)[O-])cc([N+](=O)[O-])c1,1,central,3400
pretrain,train,Cc1cc(Cl)ccc1O[C@H](C)C(=O)O,1,central,3321
pretrain,train,Cc1cc(NC(=O)O[C@H](C)Cc2ccccc2)c2ccccc2c1C,1,central,5308
pretrain,train,Cc1cc(NC(=O)O[C@H](c2cccc3ccccc23)C(F)(F)F)c2ccccc2c1C,1,central,5307
pretrain,train,Cc1cc(O)c(Cl)c(OC[C@@H]2CN(C(C)(C)C)C(=O)O2)c1,1,central,4093
pretrain,train,Cc1cc(O)cc2c1C[C@@H]1[C@H](C)CO[C@]1(C)O2,1,central,854
pretrain,train,Cc1cc(OC[C@@H](CNC(C)(C)C)OC(=O)Nc2ccccc2)ccc1Cl,1,central,4107
pretrain,train,Cc1cc(OC[C@@H]2CN(C(C)(C)C)C(=O)O2)ccc1Cl,1,central,4095
pretrain,train,Cc1cc(O[C@H](C)C(=O)O)ccc1Cl,1,central,3100
pretrain,train,Cc1cc([C@@]2(C)OC(=O)c3ccccc32)c2cc(C)ccc2c1,1,central,4566
pretrain,train,Cc1cc([C@H](C)c2ccccc2)c(-[n+]2csc3c2CCCCC3)c([C@H](C)c2ccccc2)c1.F[B-](F)(F)F,1,central,-1
pretrain,train,Cc1cc([C@]2(c3ccccc3)OC(=O)c3ccccc32)c2cc(C)ccc2c1,1,central,2989
pretrain,train,Cc1cc([C@]2(c3ccccc3)OC(=O)c3ccccc32)c2ccccc2c1C,1,central,4565
pretrain,train,Cc1cc2c(-c3c(O)ccc4c(Br)c(C)c(C)cc34)c(O)ccc2c(Br)c1C,2,axial,1120
pretrain,train,Cc1cc2c(OC[C@@H](CNC(C)(C)C)OC(=O)c3ccccc3)cccc2[nH]1,1,central,-1
pretrain,train,Cc1cc2c(cc1O)[C@@](C)(O)C(=O)C=C2C(C)C,1,central,5481
pretrain,train,Cc1cc2c(cc1[N+](=O)[O-])N[C@H](CNC(C)C)CC2,1,central,4013
pretrain,train,Cc1cc2ccc(O)c(-c3c(O)ccc4cc(C)c(C)cc34)c2cc1C,2,axial,1126
pretrain,train,Cc1cc2ccc([C@]3(C(C)C)OC(=O)c4ccccc43)cc2cc1C,1,central,4557
pretrain,train,Cc1cc2cccc([C@@]3(C4CCCCC4)OC(=O)c4ccccc43)c2cc1C,1,central,4567
pretrain,train,Cc1cc2cccc([C@]3(C(C)C)OC(=O)c4ccccc43)c2cc1C,1,central,4568
pretrain,train,Cc1cc2cccc([C@]3(C)OC(=O)c4ccccc43)c2cc1C,1,central,4569
pretrain,train,Cc1cc2cccc([C@]3(C4CCCCC4)SCC[S@@]3=O)c2cc1C,1,central,777
pretrain,train,Cc1cc2cccc([C@]3(C4CCCCC4)SCC[S@]3=O)c2cc1C,1,central,754
pretrain,train,Cc1cc2ccccc2c(-c2c(O)c(C)cc3ccccc23)c1O,2,axial,1041
pretrain,train,Cc1cc2ccccc2c([C@@]2(C)OC(=O)c3ccccc32)c1C,1,central,2990
pretrain,train,Cc1cc2ccccc2c2c1OP(=O)(NS(=O)(=O)C(F)(F)F)Oc1c(C)cc3ccccc3c1-2,2,axial,6110
pretrain,train,Cc1cc2ccccc2c2c1op(N(C(C)c1ccccc1)C(C)c1ccccc1)oc1c(C)cc3ccccc3c12,2,axial,-1
pretrain,train,Cc1cc2ccccc2c2c1op(N(C)C)oc1c(C)cc3ccccc3c12,2,axial,5814
pretrain,train,Cc1cc2ccccc2c2c1op(N1CCCCC1)oc1c(C)cc3ccccc3c12,2,axial,5815
pretrain,train,Cc1cc2cccccc-2c1-c1c(C)cc2cccccc1-2,2,axial,1084
pretrain,train,Cc1ccc(-n2ccnc2)cc1[C@H](O)c1c(C)cc(C(=O)[O-])cc1C.[Na+],1,central,-1
pretrain,train,Cc1ccc(/C=C/[C@@H]2C[C@@H](O)CC(=O)O2)cc1,1,central,200
pretrain,train,Cc1ccc(C(=O)N[C@@H](C)CCCC(C)C)cc1,1,central,5406
pretrain,train,Cc1ccc(C(=O)N[C@H](C)C(=O)OC(C)C)cc1,1,central,2427
pretrain,train,Cc1ccc(C(=O)N[C@H](C)Cc2ccccc2)cc1,1,central,3882
pretrain,train,Cc1ccc(C(=O)OC[C@H]2COC(C)(C)O2)cc1,1,central,4209
pretrain,train,Cc1ccc(C(=O)O[C@@H](C(=O)O)[C@@H](OC(=O)c2ccc(C)cc2)C(=O)O)cc1,1,central,6
pretrain,train,Cc1ccc(C(=O)[C@@H](C)CN2CCCCC2)cc1,1,central,1316
pretrain,train,Cc1ccc(C(=O)[C@@H](O)c2ccccc2)cc1,1,central,3598
pretrain,train,Cc1ccc(C(=O)[C@H]2O[C@@H]2c2ccccc2)cc1,1,central,3263
pretrain,train,Cc1ccc(C(O)(c2ccc(C)cc2)[C@@H]2CCCN2)cc1,1,central,5981
pretrain,train,Cc1ccc(C)c2c1C#Cc1c(C)ccc(C)c1CC2,4,planar,5625
pretrain,train,Cc1ccc(C)c2c1ccc1c(CC(=O)O)ccc(C)c12,3,helical,5530
pretrain,train,Cc1ccc(C2=CC3=CC=CC=C[C@H]3C2(C#N)C#N)cc1,1,central,5256
pretrain,train,Cc1ccc(C[C@@](O)(C(=O)O)c2ccsc2)cc1,1,central,4286
pretrain,train,Cc1ccc(C[C@H](NC(=O)c2cc([N+](=O)[O-])cc([N+](=O)[O-])c2)c2ccccc2)cc1,1,central,1584
pretrain,train,Cc1ccc(C[S@@](=O)c2nc3c(C)cc(C)cc3[nH]2)nc1,1,central,2632
pretrain,train,Cc1ccc(Cl)c(OC[C@@H](CNC(C)(C)C)OC(=O)Nc2ccccc2)c1,1,central,4109
pretrain,train,Cc1ccc(Cl)c(OC[C@H](O)CNC(C)(C)C)c1,1,central,1689
pretrain,train,Cc1ccc(Cl)c(OC[C@H]2CN(C(C)(C)C)C(=O)O2)c1,1,central,4097
pretrain,train,Cc1ccc(N2C[C@H](C(C)(C)C)[N][C]2[C]2[N][C@@H](C(C)(C)C)CN2c2ccc(C)cc2)cc1,1,central,6247
pretrain,train,Cc1ccc(N2C[C@H](C(C)C)[N][C]2[C]2[N][C@@H](C(C)C)CN2c2ccc(C)cc2)cc1,1,central,6245
pretrain,train,Cc1ccc(N2C[C@H](CC(C)C)[N][C]2[C]2[N][C@@H](CC(C)C)CN2c2ccc(C)cc2)cc1,1,central,6252
pretrain,train,Cc1ccc(NC(=O)[C@H](C)c2ccc(CC(C)C)cc2)cc1,1,central,4479
pretrain,train,Cc1ccc(NC(=O)[C@H](C)c2cccc(Oc3ccccc3)c2)cc1,1,central,4462
pretrain,train,Cc1ccc(NC(=O)[C@H](C)c2cccc3ccccc23)cc1,1,central,4471
pretrain,train,Cc1ccc(NC(=O)[C@H](OC(C)C)c2ccccc2)cc1,1,central,4444
pretrain,train,Cc1ccc(N[C@@H]2CCOC2=O)cc1,1,central,3629
pretrain,train,Cc1ccc(O)c([C@H]2Sc3ccccc3N(C)C2=O)c1,1,central,1261
pretrain,train,Cc1ccc(OC(=O)[C@H]2O[C@@H]2c2ccccc2)cc1,1,central,3268
pretrain,train,Cc1ccc(OC[C@@H](O)CCl)cc1,1,central,1184
pretrain,train,Cc1ccc(OC[C@@H](O)CNC(C)(C)C)c2c(=O)occc12,1,central,3904
pretrain,train,Cc1ccc(O[C@@H](C)C(=O)O)cc1,1,central,1850
pretrain,train,Cc1ccc(O[C@H](C)C(=O)NCc2cccc3ccccc23)c(C(C)(C)C)c1,1,central,2910
pretrain,train,Cc1ccc(P(c2ccc(C)cc2)[C@H](C)C[C@@H](C)P(c2ccc(C)cc2)c2ccc(C)cc2)cc1,1,central,6982
pretrain,train,Cc1ccc(P(c2ccc(C)cc2)c2ccc3c(c2-c2c(P(c4ccc(C)cc4)c4ccc(C)cc4)ccc4c2OCCO4)OCCO3)cc1,2,axial,5792
pretrain,train,Cc1ccc(P(c2ccc(C)cc2)c2ccc3ccccc3c2-c2c(P(c3ccc(C)cc3)c3ccc(C)cc3)ccc3ccccc23)cc1,2,axial,6946
pretrain,train,Cc1ccc(P(c2ccc(C)cc2)c2ccccc2CN[C@@H]2CCCC[C@H]2NCc2ccccc2P(c2ccc(C)cc2)c2ccc(C)cc2)cc1,1,central,6236
pretrain,train,Cc1ccc(P(c2ccc(C)cc2)c2ccccc2CN[C@H]2CCCC[C@@H]2NCc2ccccc2P(c2ccc(C)cc2)c2ccc(C)cc2)cc1,1,central,6240
pretrain,train,Cc1ccc(S(=O)(=O)/N=[S@](\C)c2ccccc2)cc1,1,central,5250
pretrain,train,Cc1ccc(S(=O)(=O)N2Cc3cccc(c3)CSc3cccc2c3)cc1,4,planar,5631
pretrain,train,Cc1ccc(S(=O)(=O)N2Cc3cccc(c3-c3ccccc3)CSc3cccc2c3)cc1,4,planar,5614
pretrain,train,Cc1ccc(S(=O)(=O)N2Cc3cccc(c3C(C)(C)C)CSc3cccc2c3)cc1,4,planar,5615
pretrain,train,Cc1ccc(S(=O)(=O)N2Cc3cccc(c3C)CSc3cccc2c3)cc1,4,planar,5620
pretrain,train,Cc1ccc(S(=O)(=O)N2Cc3cccc(c3S(C)(=O)=O)CSc3cccc2c3)cc1,4,planar,5616
pretrain,train,Cc1ccc(S(=O)(=O)N2Cc3cccc(c3[N+](=O)[O-])CS(=O)(=O)c3cccc2c3)cc1,4,planar,5589
pretrain,train,Cc1ccc(S(=O)(=O)N2Cc3cccc(c3[N+](=O)[O-])CSc3cccc2c3)cc1,4,planar,5590
pretrain,train,Cc1ccc(S(=O)(=O)N[C@@H](c2ccccc2)[C@@H](N)c2ccccc2)cc1,1,central,6170
pretrain,train,Cc1ccc(S(=O)(=O)N[C@@H]2CCCC[C@H]2N)cc1,1,central,6230
pretrain,train,Cc1ccc(S(=O)(=O)N[C@@H]2CCCC[C@H]2NS(=O)(=O)c2ccc(C)cc2)cc1,1,central,6204
pretrain,train,Cc1ccc(S(=O)(=O)N[C@H](c2ccccc2)[C@@H](N)c2ccccc2)cc1,1,central,6189
pretrain,train,Cc1ccc(S(=O)(=O)N[C@H](c2ccccc2)[C@@H](NS(=O)(=O)c2ccc(C)cc2)c2ccccc2)cc1,1,central,6212
pretrain,train,Cc1ccc(S(=O)(=O)OC[C@@H]2CO2)cc1,1,central,3093
pretrain,train,Cc1ccc(S(=O)(=O)OC[C@H](O)CCl)cc1,1,central,2651
pretrain,train,Cc1ccc(S(=O)(=O)OC[C@H]2CN(C(C)C)C(=O)O2)cc1,1,central,5118
pretrain,train,Cc1ccc(SC[S@](=O)c2ccc(C)cc2)cc1,1,central,3206
pretrain,train,Cc1ccc(S[S@](=O)c2ccc(C)cc2)cc1,1,central,1803
pretrain,train,Cc1ccc([C@@H](C)NC(=O)Nc2cc([N+](=O)[O-])cc([N+](=O)[O-])c2)cc1,1,central,3746
pretrain,train,Cc1ccc([C@@H](O)C(C)(C)C)cc1,1,central,4901
pretrain,train,Cc1ccc([C@@H](O)C(F)(F)F)cc1,1,central,4699
pretrain,train,Cc1ccc([C@@H]2N[C@@H](Cc3ccccc3)C(=O)N2C)o1,1,central,5997
pretrain,train,Cc1ccc([C@@H]2N[C@H](Cc3ccccc3)C(=O)N2C)o1,1,central,5996
pretrain,train,Cc1ccc([C@@H]2O[C@H]2c2ccc(Cl)cc2)cc1,1,central,108
pretrain,train,Cc1ccc([C@@]2(c3ccc(O)cc3)NC(=O)NC2=O)cc1,1,central,5069
pretrain,train,Cc1ccc([C@H](C)O)cc1,1,central,3596
pretrain,train,Cc1ccc([C@H](C)OC(=O)Nc2cc([N+](=O)[O-])cc([N+](=O)[O-])c2)cc1,1,central,5124
pretrain,train,Cc1ccc([C@H](O)c2ccccc2)cc1,1,central,1314
pretrain,train,Cc1ccc([C@H](OC(=O)Nc2cccc3ccccc23)C(F)(F)F)cc1,1,central,5273
pretrain,train,Cc1ccc([C@H](OC(=O)Nc2ccccc2)C(F)(F)F)cc1,1,central,5315
pretrain,train,Cc1ccc([C@H]2N[C@@H](Cc3ccccc3)C(=O)N2C)o1,1,central,5994
pretrain,train,Cc1ccc([C@H]2OC(=O)CN2C(=O)OCc2ccccc2)cc1,1,central,5283
pretrain,train,Cc1ccc([C@H]2O[C@@H]2c2ccccc2)cc1,1,central,110
pretrain,train,Cc1ccc([C@H]2Sc3ccccc3N(C)C2=O)cc1,1,central,1264
pretrain,train,Cc1ccc([C@]2(c3ccccc3)NC(=O)NC2=O)cc1,1,central,4723
pretrain,train,Cc1ccc([C@]23CCCN2c2ccccc2C(=O)N3)cc1,1,central,1363
pretrain,train,Cc1ccc([P@](C)(=O)c2ccccc2)c2ccccc12,1,central,1950
pretrain,train,Cc1ccc([S@@](=O)/C=C/Cc2ccccc2)cc1,1,central,4313
pretrain,train,Cc1ccc([S@@](=O)C(C)(C)C)cc1,1,central,1465
pretrain,train,Cc1ccc([S@@](=O)C(C)C)cc1,1,central,1340
pretrain,train,Cc1ccc([S@@](=O)Cc2ccccc2)cc1,1,central,1464
pretrain,train,Cc1ccc([S@@](=O)O[C@@H]2C[C@H](C)CC[C@H]2C(C)C)cc1,1,central,980
pretrain,train,Cc1ccc([S@@](=O)c2ccccc2C2=N[C@@H](c3ccccc3)CO2)cc1,1,central,6550
pretrain,train,Cc1ccc([S@@](=O)c2ccccc2C2=N[C@H](c3ccccc3)CO2)cc1,1,central,6549
pretrain,train,Cc1ccc([S@](=O)N2C(=O)OC[C@@H]2Cc2ccccc2)cc1,1,central,1462
pretrain,train,Cc1ccc([S@](=O)c2c(C(C)C)cc(C(C)C)cc2C(C)C)cc1,1,central,5158
pretrain,train,Cc1ccc([S@](=O)c2ccc(C)o2)cc1,1,central,1350
pretrain,train,Cc1ccc([S@](=O)c2ccccc2C)cc1,1,central,5094
pretrain,train,Cc1ccc([S@](=O)c2ccco2)cc1,1,central,1352
pretrain,train,Cc1ccc([S@](=O)c2cccs2)cc1,1,central,1348
pretrain,train,Cc1ccc([S@](=O)c2ccoc2)cc1,1,central,1351
pretrain,train,Cc1ccc([S@](=O)c2ccsc2)cc1,1,central,1349
pretrain,train,Cc1ccc([Se](=O)c2c(C(C)C)cc(C(C)C)cc2C(C)C)cc1,1,central,5161
pretrain,train,Cc1ccc([Se](=O)c2c(C)cc(C)cc2C)cc1,1,central,5164
pretrain,train,Cc1ccc2[nH]cc(C[C@@H](N)C(=O)O)c2c1,1,central,5247
pretrain,train,Cc1ccc2c(C(=O)C(C)(C)C)c(C)ccc2c1C(=O)C(C)(C)C,2,axial,986
pretrain,train,Cc1ccc2c(C)ccc([C@@H]3OC(=O)c4ccccc43)c2c1,1,central,4564
pretrain,train,Cc1ccc2c(C)ccc([C@@]3(C)OC(=O)c4ccccc43)c2c1,1,central,4563
pretrain,train,Cc1ccc2c(C)ccc([C@@]3(C)OC(=S)c4ccccc43)c2c1,1,central,2988
pretrain,train,Cc1ccc2c(C[C@@H](N)C(=O)O)c[nH]c2c1,1,central,5246
pretrain,train,Cc1ccc2c([C@@]3(C)OC(=O)c4ccccc43)c(C)ccc2c1,1,central,3796
pretrain,train,Cc1ccc2c([C@H](O)C(F)(F)F)c3ccccc3cc2c1,1,central,4581
pretrain,train,Cc1ccc2c(c1)-c1ccccc1/C=C\c1ccccc1-2,2,axial,993
pretrain,train,Cc1ccc2c(c1)C(=C1c3ccccc3Sc3ccccc31)c1ccccc1S2,3,helical,5505
pretrain,train,Cc1ccc2c(c1)C(=O)[C@@H](C)CO2,1,central,1981
pretrain,train,Cc1ccc2c(c1)CN1CN2Cc2cc(C)ccc21,1,central,-1
pretrain,train,Cc1ccc2c(c1)[C@@]1(CCC2)CC(=O)N(CCCN(C)C)C1=O,1,central,4670
pretrain,train,Cc1ccc2cc([C@H](O)CNC(C)C)oc2c1C,1,central,2494
pretrain,train,Cc1ccc2cc3c(c4c2c1C=C4)[C@@H](O)[C@H](O)c1ccccc1-3,1,central,306
pretrain,train,Cc1ccc2cc3ccccc3c([C@@H](O)C(F)(F)F)c2c1,1,central,4713
pretrain,train,Cc1ccc2ccc(C)c([C@H](C)O)c2c1,1,central,4706
pretrain,train,Cc1ccc2ccccc2c1-c1c(C)ccc2ccccc12,2,axial,1103
pretrain,train,Cc1ccc2ccccc2c1C(=O)C(C)(C)C,2,axial,987
pretrain,train,Cc1ccc2ccccc2c1[C@H](O)C(F)(F)F,1,central,2182
pretrain,train,Cc1ccc2ccccc2c1[P@](C)(=O)c1ccccc1,1,central,3790
pretrain,train,Cc1cccc(-n2c(C(C)(C)C)csc2=S)c1,2,axial,1151
pretrain,train,Cc1cccc(-n2c(C)c(C)sc2=O)c1C,2,axial,1044
pretrain,train,Cc1cccc(-n2c(C)c(C)sc2=S)c1C,2,axial,1042
pretrain,train,Cc1cccc(-n2c(C)csc2=O)c1C,2,axial,1045
pretrain,train,Cc1cccc(-n2c(C)csc2=S)c1C,2,axial,1043
pretrain,train,Cc1cccc(C(=O)O)c1-c1c(C)cccc1C(=O)O,1,central,-1
pretrain,train,Cc1cccc(C(C)(C)C)c1O[C@@H](C)C(=O)NCc1cccc2ccccc12,1,central,2904
pretrain,train,Cc1cccc(C(OC(=O)[C](C)([Lu])[CH2][Lu])(c2ccccc2)c2ccccc2)n1,3,helical,5521
pretrain,train,Cc1cccc(C)c1N(C)C(=O)[C@@H](C)N,1,central,5043
pretrain,train,Cc1cccc(C)c1NC(=O)C[C@@H](C)N,1,central,5044
pretrain,train,Cc1cccc(C)c1NC(=O)[C@@H](C)CN,1,central,5045
pretrain,train,Cc1cccc(C)c1NC(=O)[C@@H](C)N,1,central,1653
pretrain,train,Cc1cccc(C)c1NC(=O)[C@H]1CCCCN1,1,central,4658
pretrain,train,Cc1cccc(C)c1NC(=O)[C@H]1CCCCN1C,1,central,3673
pretrain,train,Cc1cccc(C)c1N[C@@H]1CCOC1=O,1,central,2518
pretrain,train,Cc1cccc(C)c1OC[C@@H](C)NC(=O)C(F)(F)C(F)(F)F,1,central,3490
pretrain,train,Cc1cccc(C)c1OC[C@@H](C)NC(=O)c1cc([N+](=O)[O-])cc([N+](=O)[O-])c1,1,central,4082
pretrain,train,Cc1cccc(C)c1OC[C@@H](C)NC(=O)c1ccc2ccccc2c1,1,central,3492
pretrain,train,Cc1cccc(C)c1OC[C@H](C)N,1,central,1686
pretrain,train,Cc1cccc(C)c1OC[C@H](C)NC(=O)C(F)(F)C(F)(F)C(F)(F)F,1,central,3489
pretrain,train,Cc1cccc(C)c1OC[C@H](C)NC(=O)C(F)(F)F,1,central,3491
pretrain,train,Cc1cccc(C)c1OC[C@H](C)NC(=O)Nc1cccc2ccccc12,1,central,4006
pretrain,train,Cc1cccc(C)c1OC[C@H](C)NC(=O)c1ccccc1,1,central,4081
pretrain,train,Cc1cccc(C)c1O[C@@H](C)C(=O)NCc1cccc2ccccc12,1,central,2911
pretrain,train,Cc1cccc(C)c1O[C@@H](C)C(=O)O,1,central,2952
pretrain,train,Cc1cccc(C)c1[P@@](C)(=O)c1ccccc1,1,central,5182
pretrain,train,Cc1cccc(C2=N[C@@H](C(C)(C)C)CO2)n1,1,central,6378
pretrain,train,Cc1cccc(C2=N[C@@H](C(C)C)CO2)n1,1,central,6376
pretrain,train,Cc1cccc(C2=N[C@@H](Cc3ccccc3)CO2)n1,1,central,6382
pretrain,train,Cc1cccc(C2=N[C@@H](c3ccccc3)CO2)n1,1,central,6380
pretrain,train,Cc1cccc(C2=N[C@@H](c3ccccc3)[C@@H](c3ccccc3)O2)n1,1,central,6384
pretrain,train,Cc1cccc(C2=N[C@@H]3c4ccccc4C[C@@H]3O2)n1,2,axial,6385
pretrain,train,Cc1cccc(C2=N[C@H](C(C)(C)C)CO2)n1,1,central,6377
pretrain,train,Cc1cccc(C2=N[C@H](C(C)C)CO2)n1,1,central,6375
pretrain,train,Cc1cccc(C2=N[C@H](Cc3ccccc3)CO2)n1,1,central,6381
pretrain,train,Cc1cccc(C2=N[C@H](c3ccccc3)CO2)n1,1,central,6379
pretrain,train,Cc1cccc(C2=N[C@H](c3ccccc3)[C@H](c3ccccc3)O2)n1,1,central,6383
pretrain,train,Cc1cccc(C2=N[C@H]3c4ccccc4C[C@H]3O2)n1,2,axial,6386
pretrain,train,Cc1cccc(CBr)c1-c1c(C)cccc1CBr,2,axial,1130
pretrain,train,Cc1cccc(CN2CCN([C@H](c3ccccc3)c3ccc(Cl)cc3)CC2)c1,1,central,3678
pretrain,train,Cc1cccc(N2C[C@H](C(C)C)[N][C]2[C]2[N][C@@H](C(C)C)CN2c2cccc(C)c2)c1,1,central,6258
pretrain,train,Cc1cccc(NC(=O)N[C@H]2N=C(c3ccccc3)c3ccccc3N(C)C2=O)c1,1,central,3070
pretrain,train,Cc1cccc(O)c1-c1c(C)cccc1O,2,axial,1024
pretrain,train,Cc1cccc(OC[C@@H](O)CCl)c1,1,central,1185
pretrain,train,Cc1cccc(OC[C@@H](O)CNC(C)C)c1,1,central,1190
pretrain,train,Cc1cccc(OC[C@@H]2CN(C(C)(C)C)C(=O)O2)c1,1,central,4096
pretrain,train,Cc1cccc(OC[C@@H]2CN(C(C)(C)C)C(=O)O2)c1C,1,central,4094
pretrain,train,Cc1cccc(OC[C@@H]2CN(C(C)C)C(=O)O2)c1,1,central,4098
pretrain,train,Cc1cccc(OC[C@H](CNC(C)(C)C)OC(=O)Nc2ccccc2)c1,1,central,4110
pretrain,train,Cc1cccc(OC[C@H](CNC(C)(C)C)OC(=O)Nc2ccccc2)c1Cl,1,central,4108
pretrain,train,Cc1cccc(O[C@@H](C)C(=O)O)c1,1,central,2955
pretrain,train,Cc1cccc(O[C@H](C)C(=O)NCc2cccc3ccccc23)c1,1,central,2914
pretrain,train,Cc1cccc([C@H](C)c2c[nH]cn2)c1C,1,central,3259
pretrain,train,Cc1cccc([S@](C)=O)c1,1,central,1343
pretrain,train,Cc1cccc2c1-c1c(C)cccc1CC(=O)C2,2,axial,1129
pretrain,train,Cc1cccc2c1-c1c(cc3ccccc3c1C)[C@@H](O)[C@H]2O,1,central,403
pretrain,train,Cc1cccc2c1-c1cc3ccccc3c(Br)c1[C@H](O)[C@@H]2O,1,central,402
pretrain,train,Cc1cccc2c1-c1cc3ccccc3cc1[C@H](O)[C@H]2O,1,central,281
pretrain,train,Cc1cccc2c1C(c1ccc(OCCN(C)C)cc1)=C(c1ccccc1)CCC2,3,helical,5514
pretrain,train,Cc1cccc2c1Oc1ccccc1[C@@]1(O)CCN(C)C[C@@H]21,1,central,2865
pretrain,train,Cc1cccc2c1Oc1ccccc1[C@H]1CN(C)C[C@@]21O,1,central,2869
pretrain,train,Cc1cccc2c1[C@@H](O)[C@H](O)c1cc3ccccc3cc1-2,1,central,292
pretrain,train,Cc1cccc2c1[C@@]1(SCC[S@@]1=O)c1ccccc1-2,1,central,763
pretrain,train,Cc1cccc2c1[C@@]1(SCC[S@]1=O)c1ccccc1-2,1,central,764
pretrain,train,Cc1cccc2c1[C@H](O)[C@H](O)c1cc3ccccc3cc1-2,1,central,404
pretrain,train,Cc1cccc2cc3c(cc12)-c1ccccc1[C@H](O)[C@H]3O,1,central,277
pretrain,train,Cc1ccccc1-n1c(C(C)(C)C)csc1=O,2,axial,1034
pretrain,train,Cc1ccccc1-n1c(C(C)C)csc1=O,2,axial,1040
pretrain,train,Cc1ccccc1-n1c(C)c(C)sc1=O,2,axial,1047
pretrain,train,Cc1ccccc1-n1c(C)c(C)sc1=S,2,axial,1048
pretrain,train,Cc1ccccc1-n1c(C)csc1=O,2,axial,1035
pretrain,train,Cc1ccccc1-n1c(C)csc1=S,2,axial,1046
pretrain,train,Cc1ccccc1-n1c(C)nc2ccccc2c1=O,2,axial,1139
pretrain,train,Cc1ccccc1-n1c(CF)nc2ccc(N)cc2c1=O,2,axial,1064
pretrain,train,Cc1ccccc1CCNC[C@H](O)COc1ccccc1,1,central,1162
pretrain,train,Cc1ccccc1CN1CCC[C@H]1c1cccnc1,1,central,5489
pretrain,train,Cc1ccccc1N1C(=O)c2cc(S(N)(=O)=O)c(Cl)cc2N[C@@H]1C,1,central,5027
pretrain,train,Cc1ccccc1NC(=O)[C@@H](C)N,1,central,5049
pretrain,train,Cc1ccccc1OC[C@@H](O)CNCCCc1ccccc1,1,central,1163
pretrain,train,Cc1ccccc1OC[C@@H](O)CO,1,central,5475
pretrain,train,Cc1ccccc1O[C@@H](C)C(=O)O,1,central,2958
pretrain,train,Cc1ccccc1O[C@H](C)C(=O)NCc1cccc2ccccc12,1,central,2915
pretrain,train,Cc1ccccc1O[C@H](CCN(C)C(=O)c1cc([N+](=O)[O-])cc([N+](=O)[O-])c1)c1ccccc1,1,central,4933
pretrain,train,Cc1ccccc1[C@@H](O)c1ccccc1,1,central,1315
pretrain,train,Cc1ccccc1[C@@](O)(c1ccccc1)c1ccccn1,1,central,4387
pretrain,train,Cc1ccccc1[C@H](O)C(F)(F)F,1,central,2179
pretrain,train,Cc1ccccc1[P@@](CC[P@@](c1ccccc1)c1ccccc1C)c1ccccc1,1,central,-1
pretrain,train,Cc1ccccc1[S@](C)=O,1,central,1347
pretrain,train,Cc1cccnc1CNc1cccc2c1[C@@]1(CC2)CCc2cccc(P(c3cc(C(C)(C)C)cc(C(C)(C)C)c3)c3cc(C(C)(C)C)cc(C(C)(C)C)c3)c21,2,axial,6955
pretrain,train,Cc1ccsc1C(=CCCN1CCC[C@H](C(=O)NCc2cccc3ccccc23)C1)c1sccc1C,1,central,3258
pretrain,train,Cc1ccsc1C(=CCCN1CCC[C@H](C(=O)O)C1)c1sccc1C,1,central,3257
pretrain,train,Cc1cnc(C[S@](=O)c2nc3cc(C)c(C)cc3[nH]2)cc1C,1,central,2636
pretrain,train,Cc1coc2c1C(=O)C(=O)c1c-2ccc2c1CCC[C@]2(C)CO,1,central,3163
pretrain,train,Cc1csc(=O)n1-c1ccccc1C(C)(C)C,2,axial,1038
pretrain,train,Cc1csc(=O)n1-c1ccccc1C(C)C,2,axial,1037
pretrain,train,Cc1nc2c(o1)CCc1ccccc1[C@H]2O,1,central,3047
pretrain,train,Cc1ncc2n1-c1ccc(Cl)cc1C(c1ccccc1F)=N[C@@H]2O,1,central,1547
pretrain,train,Cc1nnc2n1-c1sc3c(c1C(c1ccccc1Cl)=NC2)C[C@H](C(=O)N1CCOCC1)C3,1,central,2132
pretrain,train,Cl[C@H]1[C@H](Cl)[C@@H](Cl)[C@H](Cl)[C@H](Cl)[C@H]1Cl,1,central,5568
pretrain,train,Clc1c(Cl)c(Cl)c(N(c2c(Cl)c(Cl)c(Cl)c(Cl)c2Cl)c2c(Cl)c(Cl)c(Cl)c(Cl)c2Cl)c(Cl)c1Cl,3,helical,5519
pretrain,train,Clc1cc(Cl)c(-c2c(Cl)cc(Cl)c(Cl)c2Cl)c(Cl)c1Cl,2,axial,1083
pretrain,train,Clc1cc(Cl)c(-n2c[n+]3c(n2)COC[C@@H]3Cc2ccccc2)c(Cl)c1.F[B-](F)(F)F,1,central,-1
pretrain,train,Clc1cc(Cl)c(-n2c[n+]3c(n2)CO[C@@H]2Cc4ccccc4[C@@H]23)c(Cl)c1.F[B-](F)(F)F,2,axial,-1
pretrain,train,Clc1cc(Cl)c(-n2c[n+]3c(n2)CO[C@H]2Cc4ccccc4[C@H]23)c(Cl)c1.F[B-](F)(F)F,2,axial,-1
pretrain,train,Clc1cc(Cl)c(C(c2c(Cl)cc(Cl)cc2Cl)c2c(Cl)cc(Cl)cc2Cl)c(Cl)c1,3,helical,5509
pretrain,train,Clc1cc(Cl)c2c(ccc3c4ccccc4c4ccccc4c32)c1,3,helical,5525
pretrain,train,Clc1ccc(-c2c(Cl)cc(Cl)c(Cl)c2Cl)c(Cl)c1,2,axial,1143
pretrain,train,Clc1ccc(C2=N[C@@H](Cc3ccccc3)CO2)nc1,1,central,6422
pretrain,train,Clc1ccc(C2=N[C@@H]3c4ccccc4C[C@@H]3O2)nc1,2,axial,6423
pretrain,train,Clc1ccc(C2=N[C@H]3c4ccccc4C[C@H]3O2)nc1,2,axial,6424
pretrain,train,Clc1ccc(CS[C@@H](Cn2ccnc2)c2ccc(Cl)cc2Cl)cc1,1,central,3902
pretrain,train,Clc1ccc(Cl)c(-c2c(Cl)cc(Cl)c(Cl)c2Cl)c1,2,axial,1142
pretrain,train,Clc1ccc(N2CN=N[C@@H]2N2CCCCC2)cc1,1,central,4351
pretrain,train,Clc1ccc(O[C@@H]2CC[C@H]2Oc2ccc(Cl)cc2)cc1,1,central,78
pretrain,train,Clc1ccc([C@@H]2COc3ccc(Cl)cc3C2)cc1,1,central,3094
pretrain,train,Clc1ccc([C@@H]2O[C@H]2c2ccc(Cl)cc2)cc1,1,central,107
pretrain,train,Clc1ccc([C@@H]2O[C@H]2c2ccccc2)cc1,1,central,92
pretrain,train,Clc1ccc([C@H](Cn2ccnc2)OCc2ccsc2Cl)c(Cl)c1,1,central,3316
pretrain,train,Clc1ccc([C@H](OCCN2CCCCC2)c2ccccc2)cc1,1,central,3387
pretrain,train,Clc1ccc([C@H]2CCc3cc(Cl)ccc3O2)cc1,1,central,3098
pretrain,train,Clc1ccc([C@H]2C[C@@H]2c2ccccc2)cc1,1,central,325
pretrain,train,Clc1ccc2c(c1)[C@@H]1CNC[C@H]1c1ccccc1O2,1,central,2870
pretrain,train,Clc1cccc(-c2c(Cl)cc(Cl)c(Cl)c2Cl)c1Cl,2,axial,1141
pretrain,train,Clc1cccc(P(c2ccccc2)c2ccccc2)c1C1=N[C@@H](Cc2ccccc2)CO1,1,central,6581
pretrain,train,Clc1cccc(P(c2ccccc2)c2ccccc2)c1C1=N[C@H](Cc2ccccc2)CO1,1,central,6580
pretrain,train,Clc1ccccc1-c1c(Cl)cc(Cl)c(Cl)c1Cl,2,axial,1144
pretrain,train,Clc1ccccc1[C@H]1CN2CCC[C@@H]2c2ccccc21,1,central,18
pretrain,train,Clp1oc2ccc3ccccc3c2c2c(ccc3ccccc32)o1,2,axial,5822
pretrain,train,Cn1c(=O)c2c(ncn2C[C@@H](O)CN2CCN(CCCSc3ccccc3)CC2)n(C)c1=O,1,central,4365
pretrain,train,Cn1c(=O)nc2n(-c3cccc4ccccc34)c3ccccc3nc-2c1=O,2,axial,1079
pretrain,train,Cn1c(=O)nc2n(-c3ccccc3-c3ccccc3)c3ccccc3cc-2c1=O,2,axial,1076
pretrain,train,Cn1c(=O)nc2n(-c3ccccc3-c3ccccc3)c3ccccc3nc-2c1=O,2,axial,1080
pretrain,train,Cn1c([C@H]2CO2)cc(=O)n(C)c1=O,1,central,1192
pretrain,train,Cn1cc(C[C@@H](N)C(=O)O)c2ccccc21,1,central,5248
pretrain,train,Cn1nc(N[C@@H]2c3cc(C#N)ccc3OC(C)(C)[C@H]2O)ccc1=O,1,central,53
pretrain,train,FC(F)(F)CN1CCC[C@H]1c1cccnc1,1,central,5491
pretrain,train,FC(F)(F)c1cc(-c2cc3ccccc3c3c2C[N+]2(Cc4ccc5ccccc5c4-c4c(ccc5ccccc45)C2)Cc2c(-c4cc(C(F)(F)F)cc(C(F)(F)F)c4)cc4ccccc4c2-3)cc(C(F)(F)F)c1.[Br-],2,axial,-1
pretrain,train,FC(F)(F)c1cc(NC(=S)NC[C@@H]2CCCN2)cc(C(F)(F)F)c1,1,central,6048
pretrain,train,FC(F)(F)c1cc(NC(=S)N[C@@H](c2ccccc2)[C@H](c2ccccc2)N2Cc3ccc4ccccc4c3-c3c(ccc4ccccc34)C2)cc(C(F)(F)F)c1,2,axial,6080
pretrain,train,FC(F)(F)c1cc(NC(=S)N[C@@H]2CCCC[C@H]2N2CCCC2)cc(C(F)(F)F)c1,1,central,6066
pretrain,train,FC(F)(F)c1cc(NC(=S)N[C@@H]2CCCC[C@H]2N2Cc3ccc4ccccc4c3-c3c(ccc4ccccc34)C2)cc(C(F)(F)F)c1,2,axial,6039
pretrain,train,FC(F)(F)c1cc(NC(=S)N[C@@H]2CCCC[C@H]2NC(=S)Nc2cc(C(F)(F)F)cc(C(F)(F)F)c2)cc(C(F)(F)F)c1,1,central,6046
pretrain,train,FC(F)(F)c1cc(NC(=S)N[C@H]2CCCC[C@@H]2N(Cc2ccccc2)Cc2ccccc2)cc(C(F)(F)F)c1,1,central,6041
pretrain,train,FC(F)(F)c1cc(NC(=S)N[C@H]2CCCC[C@@H]2N2CCCCC2)cc(C(F)(F)F)c1,1,central,6040
pretrain,train,FC(F)(F)c1cc(NC(=S)N[C@H]2CCCC[C@@H]2N2Cc3ccc4ccccc4c3-c3c(ccc4ccccc34)C2)cc(C(F)(F)F)c1,2,axial,6083
pretrain,train,FC(F)(F)c1cc(NC(=S)N[C@H]2CCCC[C@@H]2NC(=S)Nc2cc(C(F)(F)F)cc(C(F)(F)F)c2)cc(C(F)(F)F)c1,1,central,6047
pretrain,train,FC(F)(F)c1cc(NC(=S)Nc2ccc3ccccc3c2-c2c(NC(=S)Nc3cc(C(F)(F)F)cc(C(F)(F)F)c3)ccc3ccccc23)cc(C(F)(F)F)c1,2,axial,-1
pretrain,train,FC(F)(F)c1cc(P(c2cc(C(F)(F)F)cc(C(F)(F)F)c2)c2ccc3c(c2-c2c(P(c4cc(C(F)(F)F)cc(C(F)(F)F)c4)c4cc(C(F)(F)F)cc(C(F)(F)F)c4)ccc4c2OCCO4)OCCO3)cc(C(F)(F)F)c1,2,axial,5793
pretrain,train,FC(F)(F)c1ccc(C2=N[C@@H](Cc3ccccc3)CO2)nc1,1,central,6395
pretrain,train,FC(F)(F)c1ccc(C2=N[C@@H](c3ccccc3)CO2)nc1,1,central,6393
pretrain,train,FC(F)(F)c1ccc(C2=N[C@@H](c3ccccc3)[C@@H](c3ccccc3)O2)nc1,1,central,6399
pretrain,train,FC(F)(F)c1ccc(C2=N[C@@H](c3ccccc3)[C@H](c3ccccc3)O2)nc1,1,central,6401
pretrain,train,FC(F)(F)c1ccc(C2=N[C@@H]3c4ccccc4C[C@@H]3O2)nc1,2,axial,6396
pretrain,train,FC(F)(F)c1ccc(C2=N[C@H](Cc3ccccc3)CO2)nc1,1,central,6394
pretrain,train,FC(F)(F)c1ccc(C2=N[C@H](c3ccccc3)CO2)nc1,1,central,6392
pretrain,train,FC(F)(F)c1ccc(C2=N[C@H](c3ccccc3)[C@@H](c3ccccc3)O2)nc1,1,central,6400
pretrain,train,FC(F)(F)c1ccc(C2=N[C@H](c3ccccc3)[C@H](c3ccccc3)O2)nc1,1,central,6398
pretrain,train,FC(F)(F)c1ccc(C2=N[C@H]3c4ccccc4C[C@H]3O2)nc1,2,axial,6397
pretrain,train,FC(F)(F)c1ccnc(C2=N[C@@H](Cc3ccccc3)CO2)c1,1,central,6405
pretrain,train,FC(F)(F)c1ccnc(C2=N[C@@H]3c4ccccc4C[C@@H]3O2)c1,2,axial,6406
pretrain,train,FC(F)(F)c1ccnc(C2=N[C@H]3c4ccccc4C[C@H]3O2)c1,2,axial,6407
pretrain,train,FC(F)CN1CCC[C@H]1c1cccnc1,1,central,5492
pretrain,train,FC1(F)Oc2ccc(P(c3ccccc3)c3ccccc3)c(-c3c(P(c4ccccc4)c4ccccc4)ccc4c3OC(F)(F)O4)c2O1,2,axial,5786
pretrain,train,FC[C@@H]1CCCN1,1,central,5990
pretrain,train,F[B-](F)(F)F.Fc1c(F)c(F)c(-n2c[n+]3c(n2)CC[C@@H]3Cc2ccccc2)c(F)c1F,1,central,-1
pretrain,train,F[B-](F)(F)F.Fc1c(F)c(F)c(-n2c[n+]3c(n2)COC[C@@H]3Cc2ccccc2)c(F)c1F,1,central,-1
pretrain,train,F[B-](F)(F)F.Fc1c(F)c(F)c(-n2c[n+]3c(n2)COC[C@H]3Cc2ccccc2)c(F)c1F,1,central,-1
pretrain,train,F[B-](F)(F)F.Fc1c(F)c(F)c(-n2c[n+]3c(n2)CO[C@@H]2Cc4ccccc4[C@@H]23)c(F)c1F,2,axial,-1
pretrain,train,F[B-](F)(F)F.Fc1c(F)c(F)c(-n2c[n+]3c(n2)CO[C@H]2Cc4ccccc4[C@H]23)c(F)c1F,2,axial,-1
pretrain,train,F[B-](F)(F)F.c1ccc(-n2c[n+]3c(n2)CO[C@@H]2Cc4ccccc4[C@@H]23)cc1,2,axial,-1
pretrain,train,F[B-](F)(F)F.c1ccc(-n2c[n+]3c(n2)CO[C@H]2Cc4ccccc4[C@H]23)cc1,2,axial,-1
pretrain,train,F[B-](F)(F)F.c1ccc(C[C@H]2COCc3nn(-c4ccccc4)c[n+]32)cc1,1,central,-1
pretrain,train,F[P-](F)(F)(F)(F)F.OC[C@@H](c1ccccc1)[N+]1=CN(C23CC4CC(CC(C4)C2)C3)CC1,1,central,-1
pretrain,train,Fc1cc(-c2cc3ccccc3c3c2C[N+]2(Cc4ccc5ccccc5c4-c4c(ccc5ccccc45)C2)Cc2c(-c4cc(F)c(F)c(F)c4)cc4ccccc4c2-3)cc(F)c1F.[Br-],2,axial,-1
pretrain,train,Fc1ccc(C2=N[C@@H](Cc3ccccc3)CO2)nc1,1,central,6430
pretrain,train,Fc1ccc(C2=N[C@@H](c3ccccc3)CO2)nc1,1,central,6428
pretrain,train,Fc1ccc(C2=N[C@H](Cc3ccccc3)CO2)nc1,1,central,6429
pretrain,train,Fc1ccc(C2=N[C@H](c3ccccc3)[C@H](c3ccccc3)O2)nc1,1,central,6431
pretrain,train,Fc1ccccc1CN1C=[N+](Cc2ccccc2F)[C@@H](c2ccccc2)[C@@H]1c1ccccc1.[Cl-],1,central,-1
pretrain,train,Ic1ccc2c(ccc3op(N4c5ccccc5C=Cc5ccccc54)oc4ccc5cc(I)ccc5c4c32)c1,2,axial,5819
pretrain,train,N#C/C(C1=N[C@@H](c2ccccc2)CO1)=C1/N[C@@H](c2ccccc2)CO1,1,central,6761
pretrain,train,N#C/C(C1=N[C@@H](c2ccccc2)[C@@H](c2ccccc2)O1)=C1/N[C@@H](c2ccccc2)[C@@H](c2ccccc2)O1,1,central,6764
pretrain,train,N#C/C(C1=N[C@H](c2ccccc2)[C@H](c2ccccc2)O1)=C1/N[C@H](c2ccccc2)[C@H](c2ccccc2)O1,1,central,6763
pretrain,train,N#C/C(C1=N[C@H]2c3ccccc3C[C@H]2O1)=C1\N[C@H]2c3ccccc3C[C@H]2O1,2,axial,6762
pretrain,train,N#CCC[C@H]1CCCCC1=O,1,central,3893
pretrain,train,N#CCc1ccc(OC[C@@H](O)CCl)cc1,1,central,1178
pretrain,train,N#C[C@@H]1C=Cc2ccccc2N1C(=O)c1ccc(Cl)cc1,1,central,1364
pretrain,train,N#C[C@H](O)c1cccc(Oc2ccccc2)c1,1,central,2305
pretrain,train,N#Cc1c2ccccc2c([C@@H](O)C(F)(F)F)c2ccccc12,1,central,4572
pretrain,train,N#Cc1cc2c(OC[C@@H](O)CN3CCN(C(c4ccccc4)c4ccccc4)CC3)cccc2[nH]1,1,central,3735
pretrain,train,N#Cc1ccc([C@H]2CCc3cc(C#N)ccc3O2)cc1,1,central,3095
pretrain,train,N#Cc1ccc([C@H]2CCc3cc(Cl)ccc3O2)cc1,1,central,3096
pretrain,train,N#Cc1ccc2c(c1)CC[C@H](c1ccc(Cl)cc1)O2,1,central,3097
pretrain,train,N#Cc1ccc2ccccc2c1-c1c(C#N)ccc2ccccc12,2,axial,1005
pretrain,train,N#Cc1ccc2ccccc2c1-c1c(OS(=O)(=O)C(F)(F)F)ccc2ccccc12,2,axial,1006
pretrain,train,N/C(=N\O)[C@@H]1Cc2ccc3c(c2C1)CCCC3,1,central,2872
pretrain,train,N=C(N)NCCC[C@H](N)C(=O)O,1,central,1476
pretrain,train,N=C(N)NCCC[C@H](NC(=O)c1ccccc1)C(=O)Nc1ccc2ccccc2c1,1,central,4347
pretrain,train,N=C1NC(=O)[C@@H](c2ccccc2)O1,1,central,3084
pretrain,train,NC(=O)CCN1C[C@@H](O)CC1=O,1,central,3273
pretrain,train,NC(=O)CC[C@H](N)C(=O)O,1,central,1478
pretrain,train,NC(=O)CC[C@H](NC(=O)OCc1ccccc1)C(=O)O,1,central,1497
pretrain,train,NC(=O)CC[C@H](NC(=O)OCc1ccccc1)C(=O)OCc1ccccc1,1,central,4780
pretrain,train,NC(=O)CC[S@@](=O)c1ccccc1,1,central,5152
pretrain,train,NC(=O)CN1C(=O)CC[C@@H]1O,1,central,3274
pretrain,train,NC(=O)CN1C[C@@H](O)CC1=O,1,central,3272
pretrain,train,NC(=O)C[C@@H](N)C(=O)O,1,central,2291
pretrain,train,NC(=O)C[C@@H](NC(=O)n1c2ccccc2c2ccccc21)C(=O)O,1,central,3408
pretrain,train,NC(=O)C[C@H](NC(=O)OCc1ccccc1)C(=O)O,1,central,1498
pretrain,train,NC(=O)C[C@H](NC(=O)OCc1ccccc1)C(=O)OCc1ccccc1,1,central,4782
pretrain,train,NC(=O)N(O)C1CCOP(=O)(N(CCCl)CCCl)N1,1,central,747
pretrain,train,NC(=O)N(O)C1CCOP(=O)(NCCCl)N1CCCl,1,central,5125
pretrain,train,NC(=O)N/N=C/[C]1[CH][CH][CH][C]1CO.[CH]1[CH][CH][CH][CH]1.[Fe],4,planar,-1
pretrain,train,NC(=O)NCCC[C@@H](N)C(=O)O,1,central,2248
pretrain,train,NC(=O)N[C@@H](Cc1ccccc1)C(=O)O,1,central,1490
pretrain,train,NC(=O)OC[C@H](O)COc1ccc(Cl)cc1,1,central,3847
pretrain,train,NC(=O)[C@@H](CO)c1ccccc1,1,central,4204
pretrain,train,NC(=O)[C@@H](Cl)c1ccccc1,1,central,5019
pretrain,train,NC(=O)[C@@H](NC(=O)OCc1ccccc1)c1ccccc1,1,central,1640
pretrain,train,NC(=O)[C@@H](O)c1ccccc1,1,central,2497
pretrain,train,NC(=O)[C@@H](Sc1ccccc1)c1ccccc1,1,central,4157
pretrain,train,NC(=O)[C@@H]1CC2c3ccccc3C1c1ccccc12,1,central,4179
pretrain,train,NC(=O)[C@@H]1CCCN1,1,central,5940
pretrain,train,NC(=O)[C@H](N)Cc1c[nH]c2ccccc12,1,central,5454
pretrain,train,NC(=O)[C@H](N)Cc1ccccc1,1,central,1489
pretrain,train,NC(=O)[C@H](OC(=O)Nc1cccc2ccccc12)c1ccccc1,1,central,5503
pretrain,train,NC(=O)[C@H]1CCCN1,1,central,5945
pretrain,train,NC(=O)c1ccc(OCNC[C@H](O)COc2ccccc2Cl)cc1,1,central,1164
pretrain,train,NC(=[NH2+])N1Cc2ccccc2[C@@H](O)C1,1,central,-1
pretrain,train,NC1C=CC2CC1Cc1ccccc12,1,central,2862
pretrain,train,NCC(=O)N[C@H](CC(N)=O)C(=O)O,1,central,2138
pretrain,train,NCC(=O)N[C@H](CO)C(=O)O,1,central,2140
pretrain,train,NCC(=O)N[C@H](Cc1c[nH]c2ccccc12)C(=O)O,1,central,2136
pretrain,train,NCC(=O)N[C@H](Cc1ccccc1)C(=O)O,1,central,2137
pretrain,train,NCCCC[C@H](N)C(=O)O,1,central,1475
pretrain,train,NCCCC[C@H](NC(=O)n1c2ccccc2c2ccccc21)C(=O)O,1,central,3406
pretrain,train,NCCC[C@H](N)C(=O)O,1,central,1479
pretrain,train,NC[C@@H](CC(=O)O)c1ccc(Cl)cc1,1,central,3913
pretrain,train,NC[C@@H](O)COc1ccccc1C(=O)CCc1ccccc1,1,central,1432
pretrain,train,NC[C@@H](O)Cc1ccccc1,1,central,2257
pretrain,train,NC[C@@H](O)c1ccc(O)c(O)c1,1,central,2258
pretrain,train,NC[C@@H]1CCCN1,1,central,5983
pretrain,train,NC[C@H](O)COc1cccc2ccccc12,1,central,1682
pretrain,train,NC[C@H](O)COc1ccccc1,1,central,2254
pretrain,train,NC[C@H](O)c1ccc(O)cc1,1,central,2268
pretrain,train,NC[C@H](O)c1cccc(O)c1,1,central,2267
pretrain,train,NC[C@H](O)c1ccccc1,1,central,2269
pretrain,train,NP1(=O)NCCCO1,1,central,5133
pretrain,train,NP1(=O)OCCCN1CCCl,1,central,5129
pretrain,train,NS(=O)(=O)c1cc([C@]2(O)NC(=O)c3ccccc32)ccc1Cl,1,central,1247
pretrain,train,NS(=O)(=O)c1cc2c(cc1C(F)(F)F)N[C@H](Cc1ccccc1)NS2(=O)=O,1,central,1240
pretrain,train,NS(=O)(=O)c1cc2c(cc1Cl)N[C@@H](CC1CCCC1)NS2(=O)=O,1,central,1243
pretrain,train,NS(=O)(=O)c1cc2c(cc1Cl)N[C@@H](CSCC(F)(F)F)NS2(=O)=O,1,central,5025
pretrain,train,NS(=O)(=O)c1cc2c(cc1Cl)N[C@@H](Cc1ccc(F)cc1)NS2(=O)=O,1,central,1244
pretrain,train,NS(=O)(=O)c1cc2c(cc1Cl)N[C@@H](Cc1cccc(F)c1)NS2(=O)=O,1,central,5028
pretrain,train,NS(=O)(=O)c1cc2c(cc1Cl)N[C@@H](Cc1ccccc1)NS2(=O)=O,1,central,3912
pretrain,train,NS(=O)(=O)c1cc2c(cc1Cl)N[C@@H](Cc1ccccc1F)NS2(=O)=O,1,central,4192
pretrain,train,NS(=O)(=O)c1cc2c(cc1Cl)N[C@H](C(Cl)Cl)NS2(=O)=O,1,central,5023
pretrain,train,NS(=O)(=O)c1cc2c(cc1Cl)N[C@H](CSC(F)(F)F)NS2(=O)=O,1,central,1242
pretrain,train,N[C@@H](C(=O)O)C(F)(F)F,1,central,1704
pretrain,train,N[C@@H](C(=O)O)[C@@H](O)c1ccc(F)cc1,1,central,67
pretrain,train,N[C@@H](C(=O)O)[C@@H](O)c1ccccc1,1,central,70
pretrain,train,N[C@@H](C(=O)O)[C@@H](O)c1ccccc1F,1,central,69
pretrain,train,N[C@@H](C(=O)O)[C@H](O)c1ccc(F)cc1,1,central,66
pretrain,train,N[C@@H](C(=O)O)[C@H](O)c1ccccc1,1,central,71
pretrain,train,N[C@@H](C(=O)O)[C@H](O)c1ccccc1F,1,central,68
pretrain,train,N[C@@H](C(=O)O)c1cc(C(=O)O)ccc1O,1,central,3366
pretrain,train,N[C@@H](C(=O)O)c1cc(O)cc(C(=O)O)c1,1,central,3367
pretrain,train,N[C@@H](C(=O)O)c1ccc(C(=O)O)c(O)c1,1,central,3364
pretrain,train,N[C@@H](C(=O)O)c1ccc(C(=O)O)cc1,1,central,3369
pretrain,train,N[C@@H](C(=O)O)c1ccc(C(=O)O)cc1O,1,central,3365
pretrain,train,N[C@@H](C(=O)O)c1ccc(O)c(C(=O)O)c1,1,central,3368
pretrain,train,N[C@@H](C(=O)O)c1ccc(O)c(O)c1,1,central,3362
pretrain,train,N[C@@H](C(=O)O)c1cccc(C(=O)O)c1,1,central,3371
pretrain,train,N[C@@H](C(=O)O)c1cccc(C(=O)O)c1O,1,central,3370
pretrain,train,N[C@@H](C(=O)O)c1cccc(O)c1,1,central,3363
pretrain,train,N[C@@H](C(=O)O)c1ccccc1,1,central,1837
pretrain,train,N[C@@H](C(=O)O)c1ccccc1C(=O)O,1,central,3372
pretrain,train,N[C@@H](C(=O)O)c1ccsc1,1,central,5498
pretrain,train,N[C@@H](C1CCCCC1)[C@@H](N)C1CCCCC1,1,central,6289
pretrain,train,N[C@@H](CC(=O)O)C(=O)O,1,central,1477
pretrain,train,N[C@@H](CCC(=O)O)C(=O)O,1,central,2133
pretrain,train,N[C@@H](CCc1ccccc1)C(=O)NCC(=O)O,1,central,1819
pretrain,train,N[C@@H](CO)C(=O)O,1,central,1485
pretrain,train,N[C@@H](CO)Cc1ccccc1,1,central,6275
pretrain,train,N[C@@H](CO)c1c2ccccc2cc2ccccc12,1,central,6276
pretrain,train,N[C@@H](CO)c1cc2ccccc2c2ccccc12,1,central,6287
pretrain,train,N[C@@H](CO)c1cccc2ccccc12,1,central,6283
pretrain,train,N[C@@H](CO)c1ccccc1,1,central,2256
pretrain,train,N[C@@H](CO)c1ccncc1,1,central,6280
pretrain,train,N[C@@H](CP(c1ccccc1)c1ccccc1)c1ccccc1,1,central,5866
pretrain,train,N[C@@H](CS)C(=O)O,1,central,4000
pretrain,train,N[C@@H](Cc1c[nH]c(=O)[nH]c1=O)C(=O)O,1,central,1699
pretrain,train,N[C@@H](Cc1c[nH]c2ccccc12)C(=O)O,1,central,1227
pretrain,train,N[C@@H](Cc1c[nH]cn1)C(=O)O,1,central,1502
pretrain,train,N[C@@H](Cc1cc(O)c(O)cc1O)C(=O)O,1,central,2272
pretrain,train,N[C@@H](Cc1ccc(Oc2ccc(O)cc2)cc1)C(=O)O,1,central,3563
pretrain,train,N[C@@H](Cc1ccccc1)C(=O)NCC(=O)O,1,central,1820
pretrain,train,N[C@@H](Cc1ccccc1)C(=O)OCc1ccccc1,1,central,4816
pretrain,train,N[C@@H](Cc1ccccc1)c1ccccc1,1,central,3046
pretrain,train,N[C@@H](c1ccccc1)[C@@H](N)c1ccccc1,1,central,6205
pretrain,train,N[C@@H](c1ccccc1)[C@@H](O)c1ccccc1,1,central,2252
pretrain,train,N[C@@H](c1ccccc1)[C@H](c1ccccc1)P(c1ccccc1)c1ccccc1,1,central,6947
pretrain,train,N[C@@H](c1ccccc1)[C@H](c1ccccc1)P1Cc2ccc3ccccc3c2-c2c(ccc3ccccc23)C1,2,axial,6950
pretrain,train,N[C@@H](c1ccccc1)c1c(O)ccc2ccccc12,1,central,3528
pretrain,train,N[C@@H]1CCCCNC1=O,1,central,2241
pretrain,train,N[C@@H]1CCCC[C@@H]1N,1,central,6188
pretrain,train,N[C@@H]1CCCC[C@H]1N,1,central,6202
pretrain,train,N[C@@H]1CCCC[C@H]1NC(=S)Nc1cc(C(F)(F)F)cc(C(F)(F)F)c1,1,central,6026
pretrain,train,N[C@@H]1CCCC[C@H]1O,1,central,6190
pretrain,train,N[C@@H]1CCCC[C@H]1OCc1ccccc1,1,central,6270
pretrain,train,N[C@@H]1CCCC[C@H]1P(c1ccccc1)c1ccccc1,1,central,6999
pretrain,train,N[C@@H]1CCC[C@H]1O,1,central,6277
pretrain,train,N[C@@H]1CCCc2cccc(P(c3ccccc3)c3ccccc3)c21,1,central,5868
pretrain,train,N[C@@H]1CCc2c(ccc(O)c2O)C1,1,central,2772
pretrain,train,N[C@@H]1CCc2cc(O)c(O)cc2C1,1,central,2771
pretrain,train,N[C@@H]1[C@H]2c3ccccc3[C@H](c3ccccc32)[C@H]1N,1,central,6206
pretrain,train,N[C@@H]1c2ccccc2C[C@@H]1O,1,central,6266
pretrain,train,N[C@@H]1c2ccccc2C[C@H]1O,1,central,6264
pretrain,train,N[C@@H]1c2ccccc2C[C@H]1P(c1ccccc1)c1ccccc1,1,central,5865
pretrain,train,N[C@@](Cc1ccccc1)(C(=O)O)C(F)(F)F,1,central,1707
pretrain,train,N[C@H](C(=O)NCC(=O)O)c1ccccc1,1,central,1821
pretrain,train,N[C@H](C/C=C/P(=O)(O)O)C(=O)O,1,central,3311
pretrain,train,N[C@H](CC(=O)O)C(=O)N[C@@H](Cc1ccccc1)C(=O)O,1,central,346
pretrain,train,N[C@H](CC(=O)O)C(=O)N[C@H](Cc1ccccc1)C(=O)O,1,central,345
pretrain,train,N[C@H](CC(=O)O)c1ccccc1,1,central,2259
pretrain,train,N[C@H](CCCCCCP(=O)(O)O)C(=O)O,1,central,3306
pretrain,train,N[C@H](CCCCCP(=O)(O)O)C(=O)O,1,central,3307
pretrain,train,N[C@H](CCCCP(=O)(O)O)C(=O)O,1,central,3308
pretrain,train,N[C@H](CCCP(=O)(O)O)C(=O)O,1,central,3309
pretrain,train,N[C@H](CCCc1ccccc1)C(=O)O,1,central,4196
pretrain,train,N[C@H](CCP(=O)(O)O)C(=O)O,1,central,3310
pretrain,train,N[C@H](CCc1ccccc1)C(=O)O,1,central,1836
pretrain,train,N[C@H](CO)Cc1ccccc1,1,central,2255
pretrain,train,N[C@H](CO)c1ccc2cc3ccccc3cc2c1,1,central,6278
pretrain,train,N[C@H](CO)c1ccc2ccccc2c1,1,central,6282
pretrain,train,N[C@H](CO)c1cccc2ccccc12,1,central,6281
pretrain,train,N[C@H](CP(=O)(O)O)C(=O)O,1,central,3312
pretrain,train,N[C@H](CP(c1ccccc1)c1ccccc1)c1ccccc1,1,central,6951
pretrain,train,N[C@H](CSSC[C@@H](N)C(=O)O)C(=O)O,1,central,120
pretrain,train,N[C@H](Cc1c[nH]c2cc(F)ccc12)C(=O)O,1,central,5244
pretrain,train,N[C@H](Cc1c[nH]c2ccc(F)cc12)C(=O)O,1,central,2271
pretrain,train,N[C@H](Cc1c[nH]c2ccc(O)cc12)C(=O)O,1,central,2270
pretrain,train,N[C@H](Cc1c[nH]c2cccc(F)c12)C(=O)O,1,central,5245
pretrain,train,N[C@H](Cc1cc(I)c(Oc2cc(I)c(O)c(I)c2)c(I)c1)C(=O)O,1,central,2228
pretrain,train,N[C@H](Cc1cc(I)c(Oc2ccc(O)c(I)c2)c(I)c1)C(=O)O,1,central,2229
pretrain,train,N[C@H](Cc1cc(I)c(Oc2ccc(O)cc2)c(I)c1)C(=O)O,1,central,2230
pretrain,train,N[C@H](Cc1cc(O)c(O)cc1F)C(=O)O,1,central,2275
pretrain,train,N[C@H](Cc1ccc(Cl)cc1)C(=O)O,1,central,4194
pretrain,train,N[C@H](Cc1ccc(F)cc1)C(=O)O,1,central,4197
pretrain,train,N[C@H](Cc1ccc(O)c(O)c1)C(=O)O,1,central,2147
pretrain,train,N[C@H](Cc1ccc(O)cc1)C(=O)O,1,central,1481
pretrain,train,N[C@H](Cc1cccc(F)c1)C(=O)O,1,central,2276
pretrain,train,N[C@H](Cc1ccccc1)C(=O)O,1,central,1480
pretrain,train,N[C@H](Cc1ccccc1F)C(=O)O,1,central,2277
pretrain,train,N[C@H](Cc1cccnc1)C(=O)O,1,central,3069
pretrain,train,N[C@H](Cc1ccncc1)C(=O)O,1,central,3068
pretrain,train,N[C@H](Cc1cscn1)C(=O)O,1,central,4195
pretrain,train,N[C@H](c1ccccc1)[C@@H](N)c1ccccc1,1,central,6191
pretrain,train,N[C@H](c1ccccc1)[C@@H](NS(=O)(=O)C(F)(F)F)c1ccccc1,1,central,6227
pretrain,train,N[C@H](c1ccccc1)[C@@H](NS(=O)(=O)c1c(F)c(F)c(F)c(F)c1F)c1ccccc1,1,central,6229
pretrain,train,N[C@H](c1ccccc1)[C@@H](NS(=O)(=O)c1cc(C(F)(F)F)cc(C(F)(F)F)c1)c1ccccc1,1,central,6164
pretrain,train,N[C@H](c1ccccc1)[C@@H](NS(=O)(=O)c1ccc(C(F)(F)F)cc1)c1ccccc1,1,central,6173
pretrain,train,N[C@H](c1ccccc1)[C@@H](O)c1ccccc1,1,central,491
pretrain,train,N[C@H](c1ccccc1)[C@@H](c1ccccc1)P(c1ccccc1)c1ccccc1,1,central,6948
pretrain,train,N[C@H](c1ccccc1)[C@H](NC(=S)Nc1cc(C(F)(F)F)cc(C(F)(F)F)c1)c1ccccc1,1,central,6028
pretrain,train,N[C@H](c1ccccc1)[C@H](NS(=O)(=O)C(F)(F)F)c1ccccc1,1,central,6226
pretrain,train,N[C@H](c1ccccc1)[C@H](NS(=O)(=O)c1cc(C(F)(F)F)cc(C(F)(F)F)c1)c1ccccc1,1,central,6163
pretrain,train,N[C@H](c1ccccc1)[C@H](NS(=O)(=O)c1ccc(C(F)(F)F)cc1)c1ccccc1,1,central,6174
pretrain,train,N[C@H](c1ccccc1)[C@H](NS(=O)(=O)c1ccccc1)c1ccccc1,1,central,6175
pretrain,train,N[C@H](c1ccccc1)[C@H](O)c1ccccc1,1,central,6197
pretrain,train,N[C@H]1CCCC[C@@H]1N,1,central,6242
pretrain,train,N[C@H]1CCCC[C@@H]1NC(=S)Nc1cc(C(F)(F)F)cc(C(F)(F)F)c1,1,central,6027
pretrain,train,N[C@H]1CCCC[C@@H]1O,1,central,124
pretrain,train,N[C@H]1CCCC[C@@H]1P(c1ccccc1)c1ccccc1,1,central,7000
pretrain,train,N[C@H]1CCCc2cccc(P(c3ccccc3)c3ccccc3)c21,1,central,6953
pretrain,train,N[C@H]1CCN(O)C1=O,1,central,4527
pretrain,train,N[C@H]1CCN[C@H]1C(=O)O,1,central,5986
pretrain,train,N[C@H]1CCc2c(O)cccc2C1,1,central,1516
pretrain,train,N[C@H]1c2ccccc2C[C@@H]1O,1,central,6265
pretrain,train,N[C@H]1c2ccccc2C[C@@H]1P(c1ccccc1)c1ccccc1,1,central,6949
pretrain,train,N[C@H]1c2ccccc2C[C@H]1O,1,central,6267
pretrain,train,N[C@](CC(=O)O)(C(=O)O)C(F)(F)F,1,central,1700
pretrain,train,N[C@]1(c2ccccc2Cl)CCC=CC1=O,1,central,1669
pretrain,train,N[C@]1(c2ccccc2Cl)CCCCC1=O,1,central,1697
pretrain,train,Nc1c(O)cccc1C(=O)C[C@H](N)C(=O)O,1,central,2478
pretrain,train,Nc1ccc([C@]2(C3CCCCC3)CCC(=O)NC2=O)cc1,1,central,1398
pretrain,train,Nc1ccc2c(c1-c1c(N)ccc3c1CCCC3)CCCC2,2,axial,6243
pretrain,train,Nc1ccc2cc(Br)ccc2c1-c1c(N)ccc2cc(Br)ccc12,2,axial,6166
pretrain,train,Nc1ccc2ccccc2c1-c1c(N)ccc2ccccc12,2,axial,1100
pretrain,train,Nc1ccc2ccccc2c1-c1c(O)ccc2ccccc12,2,axial,6233
pretrain,train,Nc1ccccc1C(=O)C[C@@H](N)C(=O)O,1,central,2647
pretrain,train,Nc1ccccc1C(=O)C[C@H]([NH3+])C(=O)[O-],1,central,-1
pretrain,train,Nc1nc(=O)c2c([nH]1)NCC(CNc1ccc(C(=O)N[C@@H](CCC(=O)O)C(=O)O)cc1)N2C=O,1,central,593
pretrain,train,Nc1nc(=O)c2c([nH]1)NC[C@H](CNc1ccc(C(=O)N[C@@H](CCC(=O)O)C(=O)O)cc1)N2C=O,1,central,409
pretrain,train,Nc1nc(Cl)c2ncn([C@@H]3C[C@H](CO)[C@@H](O)[C@@H]3F)c2n1,1,central,973
pretrain,train,Nc1nc(O)c2ncn([C@@H]3C[C@H](CO)[C@H]3CO)c2n1,1,central,827
pretrain,train,O/N=C(/c1ccccc1)[C@H](O)c1ccccc1,1,central,4747
pretrain,train,O/N=C(\c1ccccc1)[C@@H](O)c1ccccc1,1,central,4746
pretrain,train,O=C(/C=C/c1ccccc1)O[C@H]1N=C(c2ccccc2)c2cc(Cl)ccc2NC1=O,1,central,2662
pretrain,train,O=C(/C=C/c1ccccc1)O[C@H]1N=C(c2ccccc2Cl)c2cc(Cl)ccc2NC1=O,1,central,2660
pretrain,train,O=C(CCCc1ccccc1)O[C@H]1N=C(c2ccccc2)c2cc(Cl)ccc2NC1=O,1,central,3695
pretrain,train,O=C(CC[C@H](NC(=O)OCc1ccccc1)C(=O)OCc1ccccc1)OCc1ccccc1,1,central,4784
pretrain,train,O=C(CC[S@](=O)Cc1ccccc1)OC(c1ccccc1)c1ccccc1,1,central,3804
pretrain,train,O=C(CCc1ccccc1)O[C@H]1N=C(c2ccccc2)c2cc(Cl)ccc2NC1=O,1,central,2658
pretrain,train,O=C(CCc1ccccc1)O[C@H]1N=C(c2ccccc2Cl)c2cc(Cl)ccc2NC1=O,1,central,2656
pretrain,train,O=C(CCl)NP1(=O)OCCCN1CCCl,1,central,5131
pretrain,train,O=C(CCl)N[C@H](Cc1ccccc1)C(=O)O,1,central,1726
pretrain,train,O=C(CCl)N[C@H]1CCCc2ccccc21,1,central,3437
pretrain,train,O=C(CCl)N[C@H]1CCc2ccccc21,1,central,3442
pretrain,train,O=C(CNC(=O)c1ccccc1)O[C@H](Cc1ccccc1)C(=O)O,1,central,1323
pretrain,train,O=C(C[C@@H](O)C(Br)(Br)Br)OCc1ccccc1,1,central,2609
pretrain,train,O=C(C[C@@H](O)C(Cl)(Cl)Cl)OCc1ccccc1,1,central,2611
pretrain,train,O=C(C[C@@H](O)C1CCCCC1)OCc1ccccc1,1,central,2627
pretrain,train,O=C(C[C@H](NC(=O)OCc1ccccc1)C(=O)OCc1ccccc1)OCc1ccccc1,1,central,4786
pretrain,train,O=C(Cc1ccccc1)OC[C@@H]1CC(=O)N(c2ccccc2)O1,1,central,1964
pretrain,train,O=C(NCCCC[C@H](NC(=O)OCc1ccccc1)C(=O)OCc1ccccc1)OCc1ccccc1,1,central,4775
pretrain,train,O=C(NCCCC[C@H](NC(=O)c1ccccc1)C(=O)O)c1ccccc1,1,central,3846
pretrain,train,O=C(NC[C@@H](O)c1ccccc1)Nc1ccccc1,1,central,3934
pretrain,train,O=C(NC[C@H](O)c1ccccc1)c1c(F)c(F)c(F)c(F)c1F,1,central,5235
pretrain,train,O=C(NC[C@H](O)c1ccccc1)c1cc([N+](=O)[O-])cc([N+](=O)[O-])c1,1,central,5236
pretrain,train,O=C(NC[C@H](O)c1ccccc1)c1ccccc1,1,central,3935
pretrain,train,O=C(NC[C@H](OC(=O)c1cc([N+](=O)[O-])cc([N+](=O)[O-])c1)c1cccc(O)c1)c1cc([N+](=O)[O-])cc([N+](=O)[O-])c1,1,central,1954
pretrain,train,O=C(NCc1cccc2ccccc12)[C@@H](CO)c1ccccc1,1,central,2384
pretrain,train,O=C(NCc1cccc2ccccc12)[C@@H](Oc1ccc(Cl)cc1)c1ccccc1,1,central,1804
pretrain,train,O=C(NCc1ccccc1)[C@H](O)[C@@H](O)C(=O)NCc1ccccc1,1,central,4828
pretrain,train,O=C(N[C@@H](C(=O)O)c1ccc(O)cc1)c1cc([N+](=O)[O-])cc([N+](=O)[O-])c1,1,central,2526
pretrain,train,O=C(N[C@@H](C(=O)O)c1ccccc1)c1cc([N+](=O)[O-])cc([N+](=O)[O-])c1,1,central,2527
pretrain,train,O=C(N[C@@H](C(=O)O)c1ccccc1)c1ccccc1,1,central,4333
pretrain,train,O=C(N[C@@H](CO)C(=O)O)OCC1c2ccccc2-c2ccccc21,1,central,4074
pretrain,train,O=C(N[C@@H](CO)C(=O)O)OCc1ccccc1,1,central,5156
pretrain,train,O=C(N[C@@H](CO)C(=O)O)c1cc([N+](=O)[O-])cc([N+](=O)[O-])c1,1,central,3668
pretrain,train,O=C(N[C@@H](CO)C(=O)O)c1cc([N+](=O)[O-])cc([N+](=O)[O-])n1,1,central,1875
pretrain,train,O=C(N[C@@H](CO)C(=O)O)c1ccc([N+](=O)[O-])cc1,1,central,3990
pretrain,train,O=C(N[C@@H](CO)C(=O)O)c1ccccc1,1,central,4193
pretrain,train,O=C(N[C@@H](CO)Cc1ccccc1)c1ccccc1,1,central,3944
pretrain,train,O=C(N[C@@H](CO)c1ccc(-c2ccccc2)cc1)c1cc([N+](=O)[O-])cc([N+](=O)[O-])c1,1,central,5352
pretrain,train,O=C(N[C@@H](CO)c1cccc2ccccc12)c1cc([N+](=O)[O-])cc([N+](=O)[O-])c1,1,central,5353
pretrain,train,O=C(N[C@@H](CO)c1ccccc1)c1cc([N+](=O)[O-])cc([N+](=O)[O-])c1,1,central,2707
pretrain,train,O=C(N[C@@H](CO)c1ccccc1)c1ccccc1,1,central,3943
pretrain,train,O=C(N[C@@H](CSCc1ccccc1)C(=O)OCc1ccccc1)OCc1ccccc1,1,central,4773
pretrain,train,O=C(N[C@@H](Cc1c[nH]c2ccccc12)C(=O)O)OCc1ccccc1,1,central,5154
pretrain,train,O=C(N[C@@H](Cc1c[nH]c2ccccc12)C(=O)O)c1cccc2ccccc12,1,central,1887
pretrain,train,O=C(N[C@@H](Cc1c[nH]c2ccccc12)C(=O)O)c1ccccc1,1,central,1886
pretrain,train,O=C(N[C@@H](Cc1c[nH]c2ccccc12)C(=O)OCc1ccccc1)OCc1ccccc1,1,central,4777
pretrain,train,O=C(N[C@@H](Cc1ccc2ccccc2c1)C(=O)O)c1cc([N+](=O)[O-])cc([N+](=O)[O-])c1,1,central,2554
pretrain,train,O=C(N[C@@H](Cc1ccccc1)C(=O)N[C@@H](Cc1ccccc1)C(=O)OCc1ccccc1)OCc1ccccc1,1,central,37
pretrain,train,O=C(N[C@@H](Cc1ccccc1)C(=O)Nc1ccc2ccccc2c1)c1ccccc1,1,central,3453
pretrain,train,O=C(N[C@@H](Cc1ccccc1)C(=O)O)OCC1c2ccccc2-c2ccccc21,1,central,1719
pretrain,train,O=C(N[C@@H](Cc1ccccc1)C(=O)O)OCc1ccccc1,1,central,1225
pretrain,train,O=C(N[C@@H](Cc1ccccc1)C(=O)O)c1cc([N+](=O)[O-])cc([N+](=O)[O-])n1,1,central,1888
pretrain,train,O=C(N[C@@H](Cc1ccccc1)C(=O)O)c1ccc2ccccc2c1,1,central,3987
pretrain,train,O=C(N[C@@H](Cc1ccccc1)C(=O)O)c1cccc2ccccc12,1,central,1890
pretrain,train,O=C(N[C@@H](Cc1ccccc1)C(=O)OCc1ccccc1)OCc1ccccc1,1,central,4792
pretrain,train,O=C(N[C@@H](Cc1ccccc1)C(=O)Oc1ccc([N+](=O)[O-])cc1)OCc1ccccc1,1,central,3887
pretrain,train,O=C(N[C@@H](c1ccccc1)P(=O)(Oc1ccccc1)Oc1ccccc1)OCc1ccccc1,1,central,2234
pretrain,train,O=C(N[C@@H](c1ccccc1)[C@@H](O)c1ccccc1)c1ccccc1,1,central,499
pretrain,train,O=C(N[C@@H]1C=CC[C@H]1O)c1cc([N+](=O)[O-])cc([N+](=O)[O-])c1,1,central,629
pretrain,train,O=C(N[C@@H]1CCCCNC1=O)c1cc([N+](=O)[O-])cc([N+](=O)[O-])c1,1,central,3760
pretrain,train,O=C(N[C@@H]1CCCC[C@H]1C1CCCCC1)c1cccc2ccccc12,1,central,418
pretrain,train,O=C(N[C@@H]1CCCC[C@H]1NC(=O)c1c(P(c2ccccc2)c2ccccc2)ccc2ccccc12)c1c(P(c2ccccc2)c2ccccc2)ccc2ccccc12,1,central,6201
pretrain,train,O=C(N[C@@H]1CCCC[C@H]1NC(=O)c1ccccc1P(c1ccccc1)c1ccccc1)c1ccccc1P(c1ccccc1)c1ccccc1,1,central,6220
pretrain,train,O=C(N[C@@H]1CCCC[C@H]1NC(=O)c1ccccn1)c1ccccn1,1,central,6176
pretrain,train,O=C(N[C@@H]1CCCC[C@H]1O)c1cccc2ccccc12,1,central,422
pretrain,train,O=C(N[C@@H]1CCOC1=O)c1cc([N+](=O)[O-])cc([N+](=O)[O-])c1,1,central,3825
pretrain,train,O=C(N[C@@H]1CN2CCC1CC2)c1cc(Cl)cc2c1O[C@H]1CCCC[C@@H]21,1,central,887
pretrain,train,O=C(N[C@@H]1CN2CCC1CC2)c1cc(Cl)cc2c1O[C@H]1CCC[C@@H]2C1,1,central,885
pretrain,train,O=C(N[C@@H]1C[C@H]1c1ccccc1)c1cc([N+](=O)[O-])cc([N+](=O)[O-])c1,1,central,60
pretrain,train,O=C(N[C@@H]1C[C@H]1c1ccccc1)c1ccc2ccccc2c1,1,central,59
pretrain,train,O=C(N[C@H](C(=O)O)c1cccc2ccccc12)c1cc([N+](=O)[O-])cc([N+](=O)[O-])c1,1,central,3581
pretrain,train,O=C(N[C@H](C(=O)O)c1ccccc1)OCc1ccccc1,1,central,5153
pretrain,train,O=C(N[C@H](C(=O)OCc1ccccc1)c1ccccc1)OCc1ccccc1,1,central,4794
pretrain,train,O=C(N[C@H](CCc1ccccc1)C(=O)O)c1cc([N+](=O)[O-])cc([N+](=O)[O-])c1,1,central,2556
pretrain,train,O=C(N[C@H](CO)C(=O)OCc1ccccc1)OCc1ccccc1,1,central,4790
pretrain,train,O=C(N[C@H](CO)Cc1ccccc1)c1cc([N+](=O)[O-])cc([N+](=O)[O-])c1,1,central,5354
pretrain,train,O=C(N[C@H](CO)c1ccccc1)c1cccc2ccccc12,1,central,3506
pretrain,train,O=C(N[C@H](COC(=O)c1cc([N+](=O)[O-])cc([N+](=O)[O-])c1)Cc1ccc(Cl)cc1)c1cc([N+](=O)[O-])cc([N+](=O)[O-])c1,1,central,1898
pretrain,train,O=C(N[C@H](COC(=O)c1cc([N+](=O)[O-])cc([N+](=O)[O-])c1)Cc1ccccc1)c1cc([N+](=O)[O-])cc([N+](=O)[O-])c1,1,central,1953
pretrain,train,O=C(N[C@H](COC(=O)c1cc([N+](=O)[O-])cc([N+](=O)[O-])c1)c1ccccc1)c1cc([N+](=O)[O-])cc([N+](=O)[O-])c1,1,central,1899
pretrain,train,O=C(N[C@H](CP(c1ccccc1)c1ccccc1)c1ccccc1-c1c2ccccc2cc2ccccc12)c1cc(C(F)(F)F)cc(C(F)(F)F)c1,1,central,5767
pretrain,train,O=C(N[C@H](Cc1c[nH]c2ccc(O)cc12)C(=O)O)c1cc([N+](=O)[O-])cc([N+](=O)[O-])c1,1,central,1788
pretrain,train,O=C(N[C@H](Cc1c[nH]c2ccccc12)C(=O)O)Oc1ccccc1,1,central,1997
pretrain,train,O=C(N[C@H](Cc1c[nH]c2ccccc12)C(=O)O)c1cc([N+](=O)[O-])cc([N+](=O)[O-])c1,1,central,2523
pretrain,train,O=C(N[C@H](Cc1c[nH]c2ccccc12)C(=O)O)c1cc([N+](=O)[O-])cc([N+](=O)[O-])n1,1,central,1884
pretrain,train,O=C(N[C@H](Cc1ccc(Cl)cc1)C(=O)OCc1ccccc1)OCc1ccccc1,1,central,4813
pretrain,train,O=C(N[C@H](Cc1ccc(O)cc1)C(=O)O)c1cc([N+](=O)[O-])cc([N+](=O)[O-])c1,1,central,2524
pretrain,train,O=C(N[C@H](Cc1ccc(OCc2ccccc2)cc1)C(=O)OCc1ccccc1)OCc1ccccc1,1,central,4788
pretrain,train,O=C(N[C@H](Cc1cccc2ccccc12)C(=O)O)c1cc([N+](=O)[O-])cc([N+](=O)[O-])c1,1,central,2555
pretrain,train,O=C(N[C@H](Cc1ccccc1)C(=O)N[C@@H](Cc1ccccc1)C(=O)OCc1ccccc1)OCc1ccccc1,1,central,36
pretrain,train,O=C(N[C@H](Cc1ccccc1)C(=O)Nc1ccccc1)OCC1c2ccccc2-c2ccccc21,1,central,4227
pretrain,train,O=C(N[C@H](Cc1ccccc1)C(=O)Nc1ccccc1)OCc1ccccc1,1,central,4214
pretrain,train,O=C(N[C@H](Cc1ccccc1)C(=O)O)Oc1ccccc1,1,central,1998
pretrain,train,O=C(N[C@H](Cc1ccccc1)C(=O)O)c1cc([N+](=O)[O-])cc([N+](=O)[O-])c1,1,central,2525
pretrain,train,O=C(N[C@H](Cc1ccccc1)C(=O)O)c1ccccc1,1,central,1889
pretrain,train,O=C(N[C@H](Cc1ccccc1)C(=O)Oc1ccc([N+](=O)[O-])cc1)Oc1ccccc1,1,central,2045
pretrain,train,O=C(N[C@H](Cc1ccccc1)P(=O)(Oc1ccccc1)Oc1ccccc1)OCc1ccccc1,1,central,2231
pretrain,train,O=C(N[C@H](Cc1ccccc1)c1ccccc1)c1cccc2ccccc12,1,central,2173
pretrain,train,O=C(N[C@H](c1ccccc1)[C@@H](NC(=O)c1ccccc1P(c1ccccc1)c1ccccc1)c1ccccc1)c1ccccc1P(c1ccccc1)c1ccccc1,1,central,6224
pretrain,train,O=C(N[C@H](c1ccccc1)[C@@H](O)c1ccccc1)c1ccccc1,1,central,501
pretrain,train,O=C(N[C@H](c1ccccc1)[C@H](NC(=O)c1ccccc1P(c1ccccc1)c1ccccc1)c1ccccc1)c1ccccc1P(c1ccccc1)c1ccccc1,1,central,6223
pretrain,train,O=C(N[C@H]1CC2CCC1C2)c1ccccc1,1,central,5407
pretrain,train,O=C(N[C@H]1CCCC[C@@H]1NC(=O)c1c(P(c2ccccc2)c2ccccc2)ccc2ccccc12)c1c(P(c2ccccc2)c2ccccc2)ccc2ccccc12,1,central,6196
pretrain,train,O=C(N[C@H]1CCCC[C@@H]1NC(=O)c1ccccc1P(c1ccccc1)c1ccccc1)c1ccccc1P(c1ccccc1)c1ccccc1,1,central,6222
pretrain,train,O=C(N[C@H]1CCCC[C@@H]1NC(=O)c1ccccn1)c1ccccn1,1,central,6210
pretrain,train,O=C(N[C@H]1CCCC[C@@H]1c1ccccc1)c1cc([N+](=O)[O-])cc([N+](=O)[O-])c1,1,central,631
pretrain,train,O=C(N[C@H]1CCCC[C@H]1C1CCCCC1)c1cccc2ccccc12,1,central,417
pretrain,train,O=C(N[C@H]1CCCC[C@H]1O)c1cccc2ccccc12,1,central,421
pretrain,train,O=C(N[C@H]1CCCC[C@H]1c1ccccc1)c1cc([N+](=O)[O-])cc([N+](=O)[O-])c1,1,central,632
pretrain,train,O=C(N[C@H]1CCCc2ccccc21)C(Cl)(Cl)Cl,1,central,3180
pretrain,train,O=C(N[C@H]1CCCc2ccccc21)C(Cl)Cl,1,central,3436
pretrain,train,O=C(N[C@H]1CCCc2ccccc21)C(F)(F)F,1,central,3435
pretrain,train,O=C(N[C@H]1CCCc2ccccc21)c1cc([N+](=O)[O-])cc([N+](=O)[O-])c1,1,central,2055
pretrain,train,O=C(N[C@H]1CCc2ccccc21)C(Cl)(Cl)Cl,1,central,3440
pretrain,train,O=C(N[C@H]1CCc2ccccc21)C(Cl)Cl,1,central,3441
pretrain,train,O=C(N[C@H]1CCc2ccccc21)C(F)(F)F,1,central,3439
pretrain,train,O=C(N[C@H]1CCc2ccccc21)c1cc([N+](=O)[O-])cc([N+](=O)[O-])c1,1,central,2054
pretrain,train,O=C(N[C@H]1CN2CCC1CC2)c1cc(Cl)cc2c1O[C@H]1CCCC[C@@H]21,1,central,888
pretrain,train,O=C(N[C@H]1CN2CCC1CC2)c1cc(Cl)cc2c1O[C@H]1CCC[C@@H]2C1,1,central,886
pretrain,train,O=C(N[C@H]1C[C@@H]1c1ccccc1)c1cccc2ccccc12,1,central,424
pretrain,train,O=C(N[C@H]1C[C@@H]1c1ccccc1)c1ccccc1,1,central,536
pretrain,train,O=C(N[C@H]1C[C@H]1c1ccccc1)c1cc([N+](=O)[O-])cc([N+](=O)[O-])c1,1,central,630
pretrain,train,O=C(N[C@H]1C[C@H]1c1ccccc1)c1cccc2ccccc12,1,central,423
pretrain,train,O=C(N[C@H]1[C@H]2c3ccccc3[C@H](c3ccccc32)[C@@H]1NC(=O)c1ccccc1P(c1ccccc1)c1ccccc1)c1ccccc1P(c1ccccc1)c1ccccc1,1,central,6177
pretrain,train,O=C(N[C@]12C[C@H]3C[C@H](C[C@H](C3)C1)C2)O[C@@H]1CCn2ccnc21,1,central,6125
pretrain,train,O=C(N[C@]12C[C@H]3C[C@H](C[C@H](C3)C1)C2)O[C@H]1CCn2ccnc21,1,central,6126
pretrain,train,O=C(Nc1c(Cl)cc(Cl)cc1Cl)O[C@H]1CCn2ccnc21,1,central,6139
pretrain,train,O=C(Nc1cc(C(F)(F)F)cc(C(F)(F)F)c1)N[C@H]1CCCC[C@@H]1N1Cc2ccc3ccccc3c2-c2c(ccc3ccccc23)C1,2,axial,6044
pretrain,train,O=C(Nc1cc([N+](=O)[O-])cc([N+](=O)[O-])c1)N[C@@H](c1ccccc1)c1ccc(Cl)cc1,1,central,3756
pretrain,train,O=C(Nc1cc([N+](=O)[O-])cc([N+](=O)[O-])c1)N[C@@H](c1ccccc1)c1cccnc1,1,central,3745
pretrain,train,O=C(Nc1cc([N+](=O)[O-])cc([N+](=O)[O-])c1)N[C@H](c1ccccc1)c1cccc(Cl)c1,1,central,3822
pretrain,train,O=C(Nc1cc([N+](=O)[O-])cc([N+](=O)[O-])c1)N[C@H]1CCCC[C@@H]1C1CCCCC1,1,central,472
pretrain,train,O=C(Nc1cc([N+](=O)[O-])cc([N+](=O)[O-])c1)N[C@H]1CCCc2ccccc21,1,central,3775
pretrain,train,O=C(Nc1cc([N+](=O)[O-])cc([N+](=O)[O-])c1)OC(c1ccccc1)C(O)(c1ccccc1)c1ccc(Cl)cc1,1,central,525
pretrain,train,O=C(Nc1cc([N+](=O)[O-])cc([N+](=O)[O-])c1)OC[C@@H](Cl)c1ccccc1,1,central,1853
pretrain,train,O=C(Nc1cc([N+](=O)[O-])cc([N+](=O)[O-])c1)OC[C@@H](OC(=O)Nc1cc([N+](=O)[O-])cc([N+](=O)[O-])c1)c1ccccc1,1,central,3449
pretrain,train,O=C(Nc1cc([N+](=O)[O-])cc([N+](=O)[O-])c1)O[C@@H](COC(=O)c1ccccc1)c1ccccc1,1,central,4024
pretrain,train,O=C(Nc1cc([N+](=O)[O-])cc([N+](=O)[O-])c1)O[C@@H](C[C@H](OC(=O)Nc1cc([N+](=O)[O-])cc([N+](=O)[O-])c1)c1ccccc1)c1ccccc1,1,central,526
pretrain,train,O=C(Nc1cc([N+](=O)[O-])cc([N+](=O)[O-])c1)O[C@@H](Cc1ccccc1)c1ccccc1,1,central,2538
pretrain,train,O=C(Nc1cc([N+](=O)[O-])cc([N+](=O)[O-])c1)O[C@@H](c1ccccc1)C1CC1,1,central,2032
pretrain,train,O=C(Nc1cc([N+](=O)[O-])cc([N+](=O)[O-])c1)O[C@@H](c1ccccc1)C1CCCCC1,1,central,3457
pretrain,train,O=C(Nc1cc([N+](=O)[O-])cc([N+](=O)[O-])c1)O[C@@H](c1ccccc1)c1ccc2ccccc2c1,1,central,3456
pretrain,train,O=C(Nc1cc([N+](=O)[O-])cc([N+](=O)[O-])c1)O[C@@H]1CC2c3ccccc3C1c1ccccc12,1,central,3772
pretrain,train,O=C(Nc1cc([N+](=O)[O-])cc([N+](=O)[O-])c1)O[C@@H]1CCCCCC[C@H]1OC(=O)Nc1cc([N+](=O)[O-])cc([N+](=O)[O-])c1,1,central,527
pretrain,train,O=C(Nc1cc([N+](=O)[O-])cc([N+](=O)[O-])c1)O[C@@H]1CCCCC[C@H]1OC(=O)Nc1cc([N+](=O)[O-])cc([N+](=O)[O-])c1,1,central,528
pretrain,train,O=C(Nc1cc([N+](=O)[O-])cc([N+](=O)[O-])c1)O[C@@H]1CCCC[C@H]1OC(=O)Nc1cc([N+](=O)[O-])cc([N+](=O)[O-])c1,1,central,471
pretrain,train,O=C(Nc1cc([N+](=O)[O-])cc([N+](=O)[O-])c1)O[C@@H]1CCCc2ccccc21,1,central,2547
pretrain,train,O=C(Nc1cc([N+](=O)[O-])cc([N+](=O)[O-])c1)O[C@H](C(=O)OCc1ccccc1)c1ccccc1,1,central,4750
pretrain,train,O=C(Nc1cc([N+](=O)[O-])cc([N+](=O)[O-])c1)O[C@H](C(=O)c1ccccc1)c1ccccc1,1,central,1633
pretrain,train,O=C(Nc1cc([N+](=O)[O-])cc([N+](=O)[O-])c1)O[C@H](CN1CCCC1)c1ccccc1,1,central,3394
pretrain,train,O=C(Nc1cc([N+](=O)[O-])cc([N+](=O)[O-])c1)O[C@H](CN1CCCCC1)c1ccccc1,1,central,3393
pretrain,train,O=C(Nc1cc([N+](=O)[O-])cc([N+](=O)[O-])c1)O[C@H](c1ccccc1)c1cccnc1,1,central,3774
pretrain,train,O=C(Nc1cc([N+](=O)[O-])cc([N+](=O)[O-])c1)O[C@H]1CC=CCC1,1,central,3742
pretrain,train,O=C(Nc1cc([N+](=O)[O-])cc([N+](=O)[O-])c1)O[C@H]1CCC[C@@H]1OC(=O)Nc1cc([N+](=O)[O-])cc([N+](=O)[O-])c1,1,central,529
pretrain,train,O=C(Nc1cc([N+](=O)[O-])cc([N+](=O)[O-])c1)O[C@H]1CCc2ccccc21,1,central,2537
pretrain,train,O=C(Nc1cc([N+](=O)[O-])cc([N+](=O)[O-])c1)O[C@H]1C[C@H]2CC[C@@H]1C2,1,central,5560
pretrain,train,O=C(Nc1cc([N+](=O)[O-])cc([N+](=O)[O-])c1)[C@@H]1Cc2ccccc21,1,central,2000
pretrain,train,O=C(Nc1cc([N+](=O)[O-])cc([N+](=O)[O-])c1)[C@H](CO)c1ccccc1,1,central,3402
pretrain,train,O=C(Nc1cc([N+](=O)[O-])cc([N+](=O)[O-])c1)[C@H]1CCc2ccccc2C1,1,central,2001
pretrain,train,O=C(Nc1ccc2ccccc2c1-c1c(NC(=O)c2ccccc2P(c2ccccc2)c2ccccc2)ccc2ccccc12)c1ccccc1P(c1ccccc1)c1ccccc1,2,axial,6225
pretrain,train,O=C(Nc1cccc2ccccc12)N1CCCO[P@@]1(=O)N(CCCl)CCCl,1,central,2847
pretrain,train,O=C(Nc1cccc2ccccc12)OC1CC2CCC1C2,1,central,5579
pretrain,train,O=C(Nc1cccc2ccccc12)OC[C@@H]1CO1,1,central,1946
pretrain,train,O=C(Nc1cccc2ccccc12)OC[C@H]1O[C@@H]1C(=O)OCc1ccccc1,1,central,88
pretrain,train,O=C(Nc1cccc2ccccc12)OC[C@H]1O[C@@H]1c1ccccc1,1,central,85
pretrain,train,O=C(Nc1cccc2ccccc12)O[C@@H](c1ccccc1)C(Cl)(Cl)Cl,1,central,5274
pretrain,train,O=C(Nc1cccc2ccccc12)O[C@@H]1CC2c3ccccc3C1c1ccccc12,1,central,5576
pretrain,train,O=C(Nc1cccc2ccccc12)O[C@@H]1CCCc2ccccc21,1,central,1437
pretrain,train,O=C(Nc1cccc2ccccc12)O[C@H](c1c2ccccc2c(Cc2ccccc2)c2ccccc12)C(F)(F)F,1,central,5319
pretrain,train,O=C(Nc1cccc2ccccc12)O[C@H](c1c2ccccc2cc2ccccc12)C(F)(F)F,1,central,5320
pretrain,train,O=C(Nc1cccc2ccccc12)O[C@H](c1cccc2ccccc12)C(F)(F)F,1,central,5321
pretrain,train,O=C(Nc1cccc2ccccc12)[C@@H](c1ccccc1)C1CCCCC1,1,central,1443
pretrain,train,O=C(Nc1ccccc1)N[C@@H]1CCc2ccccc2C1,1,central,3938
pretrain,train,O=C(Nc1ccccc1)N[C@H](CO)Cc1ccccc1,1,central,3945
pretrain,train,O=C(Nc1ccccc1)N[C@H](CO)c1ccccc1,1,central,3942
pretrain,train,O=C(Nc1ccccc1)N[C@H](c1ccccc1)[C@@H](O)c1ccccc1,1,central,502
pretrain,train,O=C(Nc1ccccc1)N[C@H](c1ccccc1)[C@H](O)c1ccccc1,1,central,503
pretrain,train,O=C(Nc1ccccc1)N[C@H]1CCCc2ccccc21,1,central,3939
pretrain,train,O=C(Nc1ccccc1)OC1C2CC3C(C2)C31,1,central,5575
pretrain,train,O=C(Nc1ccccc1)OC[C@@H](CN1CCCCC1)OC(=O)Nc1ccccc1,1,central,5039
pretrain,train,O=C(Nc1ccccc1)OC[C@@H]1CCCO1,1,central,4945
pretrain,train,O=C(Nc1ccccc1)OC[C@H]1CO1,1,central,4946
pretrain,train,O=C(Nc1ccccc1)O[C@@H](C(=O)c1ccccc1)c1ccccc1,1,central,3964
pretrain,train,O=C(Nc1ccccc1)O[C@@H](c1ccccc1)C(Cl)(Cl)Cl,1,central,5314
pretrain,train,O=C(Nc1ccccc1)O[C@@H]1C2CCC1[C@H](OC(=O)Nc1ccccc1)C2,1,central,5552
pretrain,train,O=C(Nc1ccccc1)O[C@@H]1CCCCC1C1CCCCC1,1,central,692
pretrain,train,O=C(Nc1ccccc1)O[C@@H]1CCCC[C@H]1OC(=O)Nc1ccccc1,1,central,687
pretrain,train,O=C(Nc1ccccc1)O[C@H]1C2CCC1[C@H](OC(=O)Nc1ccccc1)C2,1,central,5553
pretrain,train,O=C(Nc1ccccc1)O[C@H]1CCCc2ccccc21,1,central,4944
pretrain,train,O=C(Nc1ccccc1)[C@@H]1CC[C@H]1C(=O)Nc1ccccc1,1,central,164
pretrain,train,O=C(Nc1ccccc1)[C@@H]1C[C@H]1c1ccccc1,1,central,682
pretrain,train,O=C(Nc1ccccc1)[C@H](c1ccccc1)C1CCCC1,1,central,1453
pretrain,train,O=C(Nc1ccccc1)[C@H](c1ccccc1)C1CCCCC1,1,central,1452
pretrain,train,O=C(Nc1ccccc1)[C@H]1CCCC[C@@H]1C(=O)Nc1ccccc1,1,central,685
pretrain,train,O=C(Nc1ccccc1)[C@H]1C[C@@H]1C(=O)Nc1ccccc1,1,central,136
pretrain,train,O=C(Nc1ccccc1-c1ccccc1)O[C@H]1CCn2ccnc21,1,central,6150
pretrain,train,O=C(O)C1N(C(=O)c2ccccc2)C(c2ccccc2)C(c2ccccc2)N1C(=O)c1ccccc1,1,central,-1
pretrain,train,O=C(O)C1[C@H](c2ccccc2)[C@H]1c1ccccc1,1,central,953
pretrain,train,O=C(O)CC/C=C\C[C@@H]1CO[C@H](Cc2cccnc2)O[C@@H]1c1ccccc1O,1,central,911
pretrain,train,O=C(O)CC/C=C\C[C@H]1COC(/C=C/c2cccnc2)O[C@H]1c1ccccc1O,1,central,905
pretrain,train,O=C(O)CC/C=C\C[C@H]1CO[C@@H](C(F)(F)F)O[C@H]1c1ccccc1O,1,central,902
pretrain,train,O=C(O)CC/C=C\C[C@H]1CO[C@@H](Cn2ccnc2)O[C@H]1c1ccccc1O,1,central,899
pretrain,train,O=C(O)CC/C=C\C[C@H]1CO[C@@H](c2ccccc2Cl)O[C@H]1c1ccccc1O,1,central,898
pretrain,train,O=C(O)CC/C=C\C[C@H]1CO[C@@H](c2cccnc2)O[C@H]1c1ccccc1,1,central,900
pretrain,train,O=C(O)CC/C=C\C[C@H]1CO[C@@H](c2cccnc2)O[C@H]1c1ccccc1O,1,central,907
pretrain,train,O=C(O)CCC(=O)O[C@H]1N=C(c2ccccc2)c2cc(Cl)ccc2NC1=O,1,central,1825
pretrain,train,O=C(O)CCC(=O)O[C@H]1N=C(c2ccccc2Cl)c2cc(Cl)ccc2NC1=O,1,central,1831
pretrain,train,O=C(O)CCC/C=C\C[C@H]1CO[C@@H](C(F)(F)F)O[C@H]1c1ccccc1O,1,central,901
pretrain,train,O=C(O)CCC/C=C\C[C@H]1CO[C@@H](Cc2cccnc2)O[C@H]1c1ccccc1,1,central,897
pretrain,train,O=C(O)CC[C@@H](NC(=O)c1cc([N+](=O)[O-])cc([N+](=O)[O-])c1)C(=O)O,1,central,4584
pretrain,train,O=C(O)CC[C@@H](NC(=O)n1c2ccccc2c2ccccc21)C(=O)O,1,central,3412
pretrain,train,O=C(O)CC[C@H](NC(=O)OCC1c2ccccc2-c2ccccc21)C(=O)O,1,central,4073
pretrain,train,O=C(O)CC[C@H](Nc1ccc([N+](=O)[O-])cc1[N+](=O)[O-])C(=O)O,1,central,4331
pretrain,train,O=C(O)C[C@@H](NC(=O)n1c2ccccc2c2ccccc21)C(=O)O,1,central,3411
pretrain,train,O=C(O)C[C@H](NC(=O)OCc1ccccc1)C(=O)O,1,central,5155
pretrain,train,O=C(O)C[C@H](Nc1ccc([N+](=O)[O-])cc1[N+](=O)[O-])C(=O)O,1,central,3334
pretrain,train,O=C(O)C[C@H](O)C(=O)O,1,central,2244
pretrain,train,O=C(O)C[C@H]1NC(=O)[C@@H](Cc2ccccc2)NC1=O,1,central,344
pretrain,train,O=C(O)C[C@H]1NC(=O)[C@H](Cc2ccccc2)NC1=O,1,central,343
pretrain,train,O=C(O)N[C@H](Cc1ccccc1)C(=O)O,1,central,5242
pretrain,train,O=C(O)[C@@H](CO)NS(=O)(=O)c1ccccc1,1,central,4007
pretrain,train,O=C(O)[C@@H](Cc1c[nH]cn1)NC(=O)n1c2ccccc2c2ccccc21,1,central,3409
pretrain,train,O=C(O)[C@@H](Cc1ccccc1)NC(=O)C(F)(F)F,1,central,1725
pretrain,train,O=C(O)[C@@H](Cc1ccccc1)NC(=O)n1c2ccccc2c2ccccc21,1,central,3413
pretrain,train,O=C(O)[C@@H](Cl)c1ccccc1,1,central,5501
pretrain,train,O=C(O)[C@@H](Nc1ccc([N+](=O)[O-])cc1[N+](=O)[O-])c1ccccc1,1,central,4185
pretrain,train,O=C(O)[C@@H](O)Cc1ccccc1,1,central,2286
pretrain,train,O=C(O)[C@@H](O)c1cccc(O)c1,1,central,2289
pretrain,train,O=C(O)[C@@H](O)c1ccccc1,1,central,1487
pretrain,train,O=C(O)[C@@H](OCc1ccccc1)c1ccccc1,1,central,2589
pretrain,train,O=C(O)[C@@H](Oc1ccc(Cl)cc1)c1ccccc1,1,central,1842
pretrain,train,O=C(O)[C@@H](c1ccccc1)[C@@H](C(=O)O)c1ccccc1,1,central,793
pretrain,train,O=C(O)[C@@H](c1ccsc1)C1CCCCC1,1,central,4297
pretrain,train,O=C(O)[C@@H]1C2C=CC(C2)[C@H]1C(=O)O,1,central,5166
pretrain,train,O=C(O)[C@@H]1CCCCN1,1,central,5932
pretrain,train,O=C(O)[C@@H]1CCCC[C@H]1C(=O)O,1,central,5167
pretrain,train,O=C(O)[C@@H]1CCCN1,1,central,1473
pretrain,train,O=C(O)[C@@H]1CCCN1C(=O)OCc1ccccc1,1,central,3178
pretrain,train,O=C(O)[C@@H]1CCN1,1,central,5971
pretrain,train,O=C(O)[C@@H]1CCNC1,1,central,5948
pretrain,train,O=C(O)[C@@H]1CC[C@H]1C(=O)O,1,central,5168
pretrain,train,O=C(O)[C@@H]1CSC(c2nc3ccc(O)cc3s2)=N1,1,central,1324
pretrain,train,O=C(O)[C@@H]1CSCN1,1,central,5929
pretrain,train,O=C(O)[C@@H]1C[C@@H]2CCCC[C@@H]2N1,2,axial,-1
pretrain,train,O=C(O)[C@@H]1C[C@H](S)CN1,1,central,5985
pretrain,train,O=C(O)[C@@H]1C[C@H]1C(=O)O,1,central,795
pretrain,train,O=C(O)[C@@H]1C[C@H]1c1ccccc1,1,central,794
pretrain,train,O=C(O)[C@@H]1Cc2ccccc2N1,1,central,5977
pretrain,train,O=C(O)[C@@](O)(c1ccccc1)C1CCCCC1,1,central,2381
pretrain,train,O=C(O)[C@@]1(F)CCCN1,1,central,5988
pretrain,train,O=C(O)[C@H](CO)NC(=O)n1c2ccccc2c2ccccc21,1,central,3416
pretrain,train,O=C(O)[C@H](CO)Nc1ccc([N+](=O)[O-])cc1[N+](=O)[O-],1,central,4325
pretrain,train,O=C(O)[C@H](CO)c1ccccc1,1,central,2135
pretrain,train,O=C(O)[C@H](Cc1ccc(O)cc1)Nc1ccc([N+](=O)[O-])cc1[N+](=O)[O-],1,central,4324
pretrain,train,O=C(O)[C@H](Cc1ccccc1)Nc1ccc([N+](=O)[O-])cc1[N+](=O)[O-],1,central,4311
pretrain,train,O=C(O)[C@H](O)CO,1,central,1488
pretrain,train,O=C(O)[C@H](O)[C@@H](O)C(=O)O,1,central,2242
pretrain,train,O=C(O)[C@H](O)c1ccc(O)c(O)c1,1,central,2287
pretrain,train,O=C(O)[C@H](O)c1ccc(O)cc1,1,central,2288
pretrain,train,O=C(O)[C@H](c1ccccc1)C1CCCCC1,1,central,2380
pretrain,train,O=C(O)[C@H]1CCCCN1,1,central,5949
pretrain,train,O=C(O)[C@H]1CCCN1,1,central,5944
pretrain,train,O=C(O)[C@H]1CCCN1C(=O)n1c2ccccc2c2ccccc21,1,central,3407
pretrain,train,O=C(O)[C@H]1CCN1,1,central,5952
pretrain,train,O=C(O)[C@H]1CCNC1,1,central,5978
pretrain,train,O=C(O)[C@H]1COc2ccccc2O1,1,central,2683
pretrain,train,O=C(O)[C@H]1CSCN1,1,central,5941
pretrain,train,O=C(O)[C@H]1Cc2ccccc21,1,central,3134
pretrain,train,O=C(O)[C@H]1Cc2ccccc2N1,1,central,2207
pretrain,train,O=C(O)[C@](O)(CC1CC1)c1ccsc1,1,central,4290
pretrain,train,O=C(O)[C@](O)(CC1CCCCC1)c1ccsc1,1,central,4294
pretrain,train,O=C(O)[C@](O)(c1ccc(Cl)cc1)C1CCCCC1,1,central,4285
pretrain,train,O=C(O)[C@](O)(c1ccc(Cl)cc1)c1ccsc1,1,central,4288
pretrain,train,O=C(O)[C@](O)(c1ccsc1)C1CCCC1,1,central,4295
pretrain,train,O=C(O)[C@](O)(c1ccsc1)C1CCCCC1,1,central,4298
pretrain,train,O=C(O)c1ccc2ccccc2c1-c1c(C(=O)O)ccc2ccccc12,2,axial,6143
pretrain,train,O=C(OCCO[C@H](c1ccccc1)[C@H](OCCOC(=O)c1ccccc1)c1ccccc1)c1ccccc1,1,central,211
pretrain,train,O=C(OC[C@@H](OC(=O)c1cc([N+](=O)[O-])cc([N+](=O)[O-])c1)c1ccccc1)c1cc([N+](=O)[O-])cc([N+](=O)[O-])c1,1,central,3560
pretrain,train,O=C(OC[C@@H]1CC(=O)N(c2ccccc2)O1)c1ccccc1,1,central,1965
pretrain,train,O=C(OC[C@@H]1O[C@@H]1c1ccccc1)c1ccccc1,1,central,496
pretrain,train,O=C(OC[C@H](OC(=O)c1ccccc1)c1ccccc1)c1ccccc1,1,central,1731
pretrain,train,O=C(OC[C@H]1CC=CC[C@@H]1COC(=O)c1ccccc1)c1ccccc1,1,central,3056
pretrain,train,O=C(OC[C@H]1CCCO1)c1ccccc1,1,central,4370
pretrain,train,O=C(OC[C@H]1CO1)c1ccccc1,1,central,4942
pretrain,train,O=C(OCc1c2ccccc2cc2ccccc12)[C@](O)(c1ccsc1)C1CCCCC1,1,central,4280
pretrain,train,O=C(OCc1cc([N+](=O)[O-])cc([N+](=O)[O-])c1)[C@@](O)(c1ccsc1)C1CCCCC1,1,central,4281
pretrain,train,O=C(OCc1ccc([N+](=O)[O-])cc1)[C@@H]1CCOC1,1,central,1539
pretrain,train,O=C(OCc1ccccc1)[C@@H]1CCCCN1C(=O)OCc1ccccc1,1,central,4767
pretrain,train,O=C(OCc1ccccc1)[C@@H]1CCCN1C(=O)OCc1ccccc1,1,central,4769
pretrain,train,O=C(OCc1ccccc1)[C@@H]1CCOC1,1,central,1538
pretrain,train,O=C(OCc1ccccc1)[C@@H]1C[C@@H]2CCC[C@@H]2N1C(=O)C(F)(F)F,1,central,835
pretrain,train,O=C(OCc1ccccc1)[C@H](O)c1ccccc1,1,central,2496
pretrain,train,O=C(O[C@@H](c1ccc2ccc3cccc4ccc1c2c34)C(F)(F)F)c1cc([N+](=O)[O-])cc([N+](=O)[O-])c1,1,central,4599
pretrain,train,O=C(O[C@@H](c1cccc2ccccc12)C(F)(F)F)c1cc([N+](=O)[O-])cc([N+](=O)[O-])c1,1,central,4600
pretrain,train,O=C(O[C@@H](c1ccccc1)C(Cl)(Cl)Cl)c1cc([N+](=O)[O-])cc([N+](=O)[O-])c1,1,central,4598
pretrain,train,O=C(O[C@@H](c1ccccc1)C(F)(F)F)c1cc([N+](=O)[O-])cc([N+](=O)[O-])c1,1,central,5350
pretrain,train,O=C(O[C@@H](c1ccccc1)C1CCCC1)c1cc([N+](=O)[O-])cc([N+](=O)[O-])c1,1,central,4605
pretrain,train,O=C(O[C@@H](c1ccccc1)[C@@H](OC(=O)c1ccccc1)c1ccccc1)c1ccccc1,1,central,604
pretrain,train,O=C(O[C@@H](c1ccccc1)c1ccco1)c1ccccc1,1,central,4897
pretrain,train,O=C(O[C@@H]1C=CCCC1)c1ccccc1,1,central,4041
pretrain,train,O=C(O[C@@H]1CCCC[C@H]1OC(=O)c1ccccc1)c1ccccc1,1,central,666
pretrain,train,O=C(O[C@@H]1CCc2ccccc21)c1cc([N+](=O)[O-])cc([N+](=O)[O-])c1,1,central,2034
pretrain,train,O=C(O[C@@H]1Cc2cccc3cccc1c23)c1cc([N+](=O)[O-])cc([N+](=O)[O-])c1,1,central,2035
pretrain,train,O=C(O[C@@H]1OC[C@H](OC(=O)c2ccccc2)[C@@H](OC(=O)c2ccccc2)[C@@H]1OC(=O)c1ccccc1)c1ccccc1,1,central,974
pretrain,train,O=C(O[C@H](C(=O)O)[C@H](OC(=O)c1ccccc1)C(=O)O)c1ccccc1,1,central,8
pretrain,train,O=C(O[C@H](Cc1ccccc1)c1ccccc1)c1cc([N+](=O)[O-])cc([N+](=O)[O-])c1,1,central,4603
pretrain,train,O=C(O[C@H](c1cccc([N+](=O)[O-])c1)C(F)(F)F)c1cc([N+](=O)[O-])cc([N+](=O)[O-])c1,1,central,4601
pretrain,train,O=C(O[C@H](c1ccccc1)C(Br)(Br)Br)c1cc([N+](=O)[O-])cc([N+](=O)[O-])c1,1,central,4597
pretrain,train,O=C(O[C@H](c1ccccc1)C1CC1)c1cc([N+](=O)[O-])cc([N+](=O)[O-])c1,1,central,3808
pretrain,train,O=C(O[C@H](c1ccccc1)C1CCC1)c1cc([N+](=O)[O-])cc([N+](=O)[O-])c1,1,central,4606
pretrain,train,O=C(O[C@H](c1ccccc1)C1CCCCC1)c1cc([N+](=O)[O-])cc([N+](=O)[O-])c1,1,central,4604
pretrain,train,O=C(O[C@H]1C=C[C@@H]2[C@H]1[C@@H]1C=C[C@H]2C1)c1ccccc1,1,central,5570
pretrain,train,O=C(O[C@H]1C=C[C@H]2[C@@H]1[C@H]1C=C[C@@H]2C1)c1ccccc1,1,central,5559
pretrain,train,O=C(O[C@H]1CCCCC1C1CCCCC1)c1ccccc1,1,central,691
pretrain,train,O=C(O[C@H]1CCCC[C@@H]1C1CCCCC1)c1ccccc1,1,central,4371
pretrain,train,O=C(O[C@H]1CCC[C@H](OC(=O)c2ccccc2)C1)c1ccccc1,1,central,683
pretrain,train,O=C(O[C@H]1CCCc2ccccc21)c1ccccc1,1,central,4943
pretrain,train,O=C(O[C@H]1CCc2ccccc2C1)c1ccccc1,1,central,4050
pretrain,train,O=C(O[C@H]1CCn2ccnc21)C12CC3CC(CC(C3)C1)C2,1,central,-1
pretrain,train,O=C(O[C@H]1CCn2ccnc21)N1CCCCC1,1,central,6153
pretrain,train,O=C(O[C@H]1Cc2cccc3cccc1c23)c1ccccc1,1,central,4310
pretrain,train,O=C(O[C@H]1N=C(c2ccccc2)c2cc(Cl)ccc2NC1=O)c1ccccc1,1,central,3701
pretrain,train,O=C(O[C@H]1N=C(c2ccccc2Cl)c2cc(Cl)ccc2NC1=O)c1ccccc1,1,central,2668
pretrain,train,O=C(O[C@H]1OC[C@H](OC(=O)c2ccccc2)[C@H](OC(=O)c2ccccc2)[C@H]1OC(=O)c1ccccc1)c1ccccc1,1,central,979
pretrain,train,O=C(O[C@H]1[C@H](O)[C@@H](OC(=O)c2ccccc2)[C@H](OC(=O)c2ccccc2)[C@@H](OC(=O)c2ccccc2)[C@H]1O)c1ccccc1,1,central,5563
pretrain,train,O=C(O[C@H]1[C@H](OC(=O)c2ccccc2)[C@@H](OCc2ccccc2)[C@@H](O)[C@@H](O)[C@@H]1OCc1ccccc1)c1ccccc1,1,central,5554
pretrain,train,O=C(O[C@H]1c2ccccc2[C@@H]2c3ccccc3[C@H]1N2C(=O)c1ccccc1)c1ccccc1,1,central,908
pretrain,train,O=C(Oc1ccc(Cl)cc1)[C@H]1O[C@@H]1c1ccccc1,1,central,3269
pretrain,train,O=C(Oc1ccc([C@@H]2CC(=O)c3c(OC(=O)c4ccccc4)cc(OC(=O)c4ccccc4)cc3O2)cc1)c1ccccc1,1,central,3003
pretrain,train,O=C(Oc1ccc2ccccc2c1)[C@@H]1O[C@H]1c1ccccc1,1,central,3266
pretrain,train,O=C(Oc1ccc2ccccc2c1)[C@H](Cc1ccccc1)NCc1ccccc1,1,central,3448
pretrain,train,O=C(Oc1ccccc1)C1C2C=CC(C2)C1C(=O)Oc1ccccc1,1,central,327
pretrain,train,O=C(Oc1ccccc1)[C@@H]1CCCC[C@H]1C(=O)Oc1ccccc1,1,central,686
pretrain,train,O=C(Oc1ccccc1)[C@H]1CC[C@@H]1C(=O)Oc1ccccc1,1,central,492
pretrain,train,O=C(Oc1ccccc1)[C@H]1O[C@@H]1c1ccccc1,1,central,3270
pretrain,train,O=C([C@@H]1CCCC[C@H]1C(=O)N1CCCCC1)N1CCCCC1,1,central,489
pretrain,train,O=C(c1cc([N+](=O)[O-])cc([N+](=O)[O-])c1)N1C(=O)[C@@H](O)N=C(c2ccccc2)c2cc(Cl)ccc21,1,central,1786
pretrain,train,O=C(c1ccc(Cl)cc1)[C@@H](O)c1ccc(Cl)cc1,1,central,3330
pretrain,train,O=C(c1ccc(Cl)cc1)[C@H]1O[C@@H]1c1ccccc1,1,central,3265
pretrain,train,O=C(c1ccc(F)cc1)[C@@H](O)c1ccc(F)cc1,1,central,3331
pretrain,train,O=C(c1ccc2ccccc2c1)[C@H]1O[C@@H]1c1ccccc1,1,central,3262
pretrain,train,O=C(c1cccc(F)c1)[C@@H](O)c1cccc(F)c1,1,central,3332
pretrain,train,O=C(c1cccc2ccccc12)N1CCCC[C@H]1CC(C1CCCCC1)C1CCCCC1,1,central,4977
pretrain,train,O=C(c1cccc2ccccc12)N1CCCC[C@H]1c1ccccc1,1,central,4978
pretrain,train,O=C(c1cccc2ccccc12)N1CCc2cc3c(cc2[C@H]1[C@@H](O)c1ccc2c(c1)OCO2)OCO3,1,central,157
pretrain,train,O=C(c1cccc2ccccc12)N1CCc2cc3c(cc2[C@H]1[C@H](O)c1ccc2c(c1)OCO2)OCO3,1,central,158
pretrain,train,O=C(c1cccc2ccccc12)N1CCc2ccccc2[C@H]1CCc1ccccc1,1,central,4131
pretrain,train,O=C(c1cccc2ccccc12)N1CCc2ccccc2[C@H]1Cc1ccccc1,1,central,4976
pretrain,train,O=C(c1cccc2ccccc12)N1CCc2ccccc2[C@H]1[C@@H](O)c1ccccc1,1,central,134
pretrain,train,O=C(c1cccc2ccccc12)N1CCc2ccccc2[C@H]1[C@H](O)c1ccccc1,1,central,135
pretrain,train,O=C(c1cccc2ccccc12)N1c2ccccc2CCC1C(O)c1ccccc1,1,central,539
pretrain,train,O=C(c1ccccc1)N1CCC[C@H]1c1cccnc1,1,central,5485
pretrain,train,O=C(c1ccccc1)[C@H](O)c1ccccc1,1,central,1949
pretrain,train,O=C(c1ccccc1)[C@H]1O[C@@H]1c1ccccc1,1,central,3261
pretrain,train,O=C(c1ccccc1Cl)[C@@H](O)c1ccccc1Cl,1,central,3329
pretrain,train,O=C(c1ccccc1F)[C@@H](O)c1ccccc1F,1,central,3333
pretrain,train,O=C(c1ccco1)[C@@H](O)c1ccco1,1,central,3050
pretrain,train,O=C1C(=O)c2ccc3ccccc3c2-c2c1ccc1ccccc21,2,axial,1145
pretrain,train,O=C1C(Br)=C(c2ccccc2)[C@]2(c3ccccc3)C1=C(c1ccccc1)c1ccccc12,1,central,3352
pretrain,train,O=C1C(CC[S@](=O)c2ccccc2)C(=O)N(c2ccccc2)N1c1ccccc1,1,central,1321
pretrain,train,O=C1C=CC=CC2CC12,1,central,697
pretrain,train,O=C1C=CC[C@H](/C=C/c2ccccc2)O1,1,central,1353
pretrain,train,O=C1C=CO[C@@H](C(Cl)(Cl)Cl)O1,1,central,2051
pretrain,train,O=C1C=CO[C@@H](CCc2ccccc2)O1,1,central,2052
pretrain,train,O=C1C=CO[C@@H](c2ccc3ccccc3c2)O1,1,central,3102
pretrain,train,O=C1C=CO[C@@H](c2cccc3ccccc23)O1,1,central,3103
pretrain,train,O=C1C=CO[C@H](c2ccccc2)O1,1,central,5437
pretrain,train,O=C1C=C[C@@H](O)C1,1,central,4069
pretrain,train,O=C1C=C[C@@H](OCc2ccccc2)CO1,1,central,3473
pretrain,train,O=C1C=C[C@@H]2[C@H]1[C@@H]1C=C[C@H]2C1,1,central,5558
pretrain,train,O=C1C=C[C@@H]2[C@H]1[C@@H]1C=C[C@H]2C1=O,1,central,5547
pretrain,train,O=C1C=C[C@H](COCc2ccccc2)O1,1,central,5368
pretrain,train,O=C1C=C[C@H](O)CC1,1,central,2630
pretrain,train,O=C1C=C[C@H](OC(=O)c2ccccc2)C1,1,central,5263
pretrain,train,O=C1C=C[C@H](c2ccccc2)O1,1,central,5370
pretrain,train,O=C1CCCC[C@@H]1Cc1ccccc1,1,central,2878
pretrain,train,O=C1CCCC[C@@H]1[C@@H](O)c1ccccc1,1,central,644
pretrain,train,O=C1CCCC[C@@H]1c1ccccc1,1,central,2522
pretrain,train,O=C1CCCC[C@H]1Cl,1,central,2083
pretrain,train,O=C1CCCC[C@H]1[C@@H](O)c1ccccc1,1,central,643
pretrain,train,O=C1CCC[C@@H](c2ccc(Cl)cc2)O1,1,central,5365
pretrain,train,O=C1CCC[C@@H](c2ccccc2)[C@H]1Cc1ccccc1,1,central,354
pretrain,train,O=C1CCC[C@@H]1Cc1ccccc1,1,central,2405
pretrain,train,O=C1CCC[C@@H]2CCCC[C@@H]12,1,central,490
pretrain,train,O=C1CCC[C@H](/C=C/c2ccccc2)O1,1,central,2520
pretrain,train,O=C1CCC[C@H](c2ccccc2)C1,1,central,5448
pretrain,train,O=C1CCC[C@H](c2ccccc2)O1,1,central,5449
pretrain,train,O=C1CCC[C@H](c2ccccc2)[C@H]1Cc1ccccc1,1,central,355
pretrain,train,O=C1CCN2CCc3c([nH]c4ccccc34)[C@@H]2C1,1,central,1768
pretrain,train,O=C1CCOP(=O)(N(CCCl)CCCl)N1,1,central,5127
pretrain,train,O=C1CCOP(=O)(NCCCl)N1CCCl,1,central,5126
pretrain,train,O=C1CCS(=O)(=O)[C@@H](c2ccc(Cl)cc2)N1,1,central,4190
pretrain,train,O=C1CC[C@@H](C2CCCCC2)O1,1,central,5387
pretrain,train,O=C1CC[C@@H](c2ccc(F)cc2)O1,1,central,5395
pretrain,train,O=C1CC[C@@H](c2ccc([N+](=O)[O-])cc2)O1,1,central,5392
pretrain,train,O=C1CC[C@@H](c2ccccc2)N1,1,central,5085
pretrain,train,O=C1CC[C@@H](c2ccccc2[N+](=O)[O-])O1,1,central,5394
pretrain,train,O=C1CC[C@H](/C=C/c2ccccc2)O1,1,central,2521
pretrain,train,O=C1CC[C@H](CCc2ccccc2)O1,1,central,5382
pretrain,train,O=C1CC[C@H](CO)O1,1,central,5385
pretrain,train,O=C1CC[C@H](COCc2ccccc2)O1,1,central,5383
pretrain,train,O=C1CC[C@H](N2C(=O)c3ccccc3C2=O)C(=O)N1,1,central,2373
pretrain,train,O=C1CC[C@H](N2Cc3ccccc3C2=O)C(=O)N1,1,central,4189
pretrain,train,O=C1CC[C@H](c2ccc([N+](=O)[O-])cc2[N+](=O)[O-])O1,1,central,4621
pretrain,train,O=C1CC[C@H](c2cccc([N+](=O)[O-])c2)O1,1,central,5393
pretrain,train,O=C1CC[C@H](c2ccccc2)C(=O)N1,1,central,5220
pretrain,train,O=C1CC[C@H](c2ccccc2)CO1,1,central,5445
pretrain,train,O=C1CC[C@H](c2ccccc2)O1,1,central,3040
pretrain,train,O=C1CN(C(=O)OCc2ccccc2)[C@@H](c2ccccc2)O1,1,central,5284
pretrain,train,O=C1CN(C(=O)c2ccccc2)[C@H](c2ccc3ccccc3c2)O1,1,central,5286
pretrain,train,O=C1CN(C(=O)c2ccccc2)[C@H](c2cccc3ccccc23)O1,1,central,5440
pretrain,train,O=C1CN2CCO[C@]2(c2ccccc2Cl)c2cc(Cl)ccc2N1,1,central,3378
pretrain,train,O=C1CN2CCO[C@]2(c2ccccc2F)c2ccccc2N1CCO,1,central,3377
pretrain,train,O=C1CNC(=O)[C@@H](Cc2ccccc2)N1,1,central,1835
pretrain,train,O=C1CNC(=O)[C@H](CCc2ccccc2)N1,1,central,1822
pretrain,train,O=C1CNC(=O)[C@H](c2ccccc2)N1,1,central,1823
pretrain,train,O=C1CO[C@@H](c2ccccc2)O1,1,central,5439
pretrain,train,O=C1CO[C@H](c2cccc3ccccc23)O1,1,central,5438
pretrain,train,O=C1CS[C@@H](c2ccccc2)O1,1,central,5282
pretrain,train,O=C1C[C@@H](CO)ON1c1ccccc1,1,central,1968
pretrain,train,O=C1C[C@@H](OC(=O)c2ccccc2)N1,1,central,1941
pretrain,train,O=C1C[C@@H](c2ccc(Cl)cc2)CN1,1,central,5112
pretrain,train,O=C1C[C@@H](c2ccc(O)cc2)Oc2ccccc21,1,central,2996
pretrain,train,O=C1C[C@@H](c2cccc3ccccc23)N1,1,central,4849
pretrain,train,O=C1C[C@@H](c2ccccc2)C(=O)N1,1,central,2586
pretrain,train,O=C1C[C@@H](c2ccccc2)CCO1,1,central,5446
pretrain,train,O=C1C[C@@H](c2ccccc2)CN1,1,central,4186
pretrain,train,O=C1C[C@@H](c2ccccc2)N1,1,central,4850
pretrain,train,O=C1C[C@@]2(CCCc3ccccc32)C(=O)N1CCCN1CCCCC1,1,central,4680
pretrain,train,O=C1C[C@H](CC(=O)c2ccccc2)N1,1,central,1944
pretrain,train,O=C1C[C@H](O)C[C@@H](/C=C/c2c(-c3ccc(F)cc3)ccc3ccccc23)O1,1,central,9
pretrain,train,O=C1C[C@H](O)C[C@@H](/C=C/c2ccccc2)O1,1,central,201
pretrain,train,O=C1C[C@H](OC(CBr)CBr)N1,1,central,5189
pretrain,train,O=C1C[C@H](c2ccc(O)c(O)c2)Oc2cc(O)cc(O)c21,1,central,3357
pretrain,train,O=C1C[C@H](c2ccc(O)cc2)Oc2cc(O)cc(O)c21,1,central,3002
pretrain,train,O=C1C[C@H](c2ccccc2)Oc2cc(O)cc(O)c21,1,central,3355
pretrain,train,O=C1C[C@H](c2ccccc2)Oc2ccc(O)cc21,1,central,2999
pretrain,train,O=C1C[C@H](c2ccccc2)Oc2ccccc21,1,central,3001
pretrain,train,O=C1C[C@H](c2ccccc2O)Oc2ccccc21,1,central,2997
pretrain,train,O=C1C[C@H]2O[C@@H](CBr)CN12,1,central,808
pretrain,train,O=C1C[C@H]2O[C@H](CBr)CN12,1,central,811
pretrain,train,O=C1C[C@H]2O[C@H](COc3ccc([N+](=O)[O-])cc3)CN12,1,central,809
pretrain,train,O=C1C[C@H]2O[C@H](CSc3ccccc3)CN12,1,central,810
pretrain,train,O=C1C[C@H]2c3ccccc3C(=O)C[C@H]2c2ccccc21,1,central,595
pretrain,train,O=C1C[C@]2(CCCc3ccccc32)C(=O)N1CCCCN1CCCCC1,1,central,4679
pretrain,train,O=C1C[C]2[CH][CH][CH][CH][C]2c2ccccc2C1.[C-]#[O+].[C-]#[O+].[C-]#[O+].[Cr],2,axial,-1
pretrain,train,O=C1N2CCCCC[C@H]2[C@@]1(O)c1ccccc1,1,central,206
pretrain,train,O=C1N2CCCCC[C@H]2[C@]1(O)c1ccccc1,1,central,205
pretrain,train,O=C1N2CCCC[C@@H]2[C@@]1(O)c1ccccc1,1,central,209
pretrain,train,O=C1N2CCCC[C@@H]2[C@]1(O)c1ccccc1,1,central,210
pretrain,train,O=C1N2CCOC[C@@H]2[C@@]1(O)c1ccccc1,1,central,207
pretrain,train,O=C1N2CCOC[C@H]2[C@@]1(O)c1ccccc1,1,central,208
pretrain,train,O=C1NC(=O)[C@@H](Cc2c[nH]c3ccccc23)N1,1,central,1493
pretrain,train,O=C1NC(=O)[C@@H](Cc2ccccc2)N1,1,central,1492
pretrain,train,O=C1NC(=O)[C@@](c2ccccc2)(c2ccc(O)cc2)N1,1,central,2642
pretrain,train,O=C1NC(=O)[C@@](c2ccccc2)(c2cccc(O)c2)N1,1,central,2640
pretrain,train,O=C1NC(=O)[C@@](c2ccccc2)(c2ccccc2O)N1,1,central,2641
pretrain,train,O=C1NC(=O)[C@@]23CCCc4cccc(c42)C(=O)[C@@H]13,1,central,480
pretrain,train,O=C1NC(=O)[C@H](c2ccccc2)N1,1,central,4889
pretrain,train,O=C1NC(=O)[C@](c2ccccc2)(C2CCCC2)N1,1,central,3501
pretrain,train,O=C1NCCC[C@H]1N1C(=O)c2ccccc2S1(=O)=O,1,central,3923
pretrain,train,O=C1NCCC[C@H]1c1cccc2ccccc12,1,central,4166
pretrain,train,O=C1NCC[C@@H]1c1ccccc1,1,central,5086
pretrain,train,O=C1NCC[C@H]1c1cccc2ccccc12,1,central,4168
pretrain,train,O=C1NC[C@@H](c2ccc(O)cc2)O1,1,central,4103
pretrain,train,O=C1NC[C@@H](c2ccccc2)O1,1,central,3123
pretrain,train,O=C1NC[C@@H]1c1ccccc1,1,central,4848
pretrain,train,O=C1NN(c2ccccc2)C(=O)[C@H]1c1ccccc1,1,central,2824
pretrain,train,O=C1N[C@@H](C2CCCCC2)c2ccccc21,1,central,2927
pretrain,train,O=C1N[C@@H](c2ccc(O)cc2)c2ccccc21,1,central,2891
pretrain,train,O=C1N[C@@]2(c3ccccc3)C[C@H]2CO1,1,central,426
pretrain,train,O=C1N[C@H](COC(=O)c2ccccc2)CO1,1,central,1200
pretrain,train,O=C1N[C@H](Cc2ccccc2)C(=O)N1c1ccccc1,1,central,2210
pretrain,train,O=C1N[C@H](Cc2ccccc2)CO1,1,central,4833
pretrain,train,O=C1N[C@H](c2ccc(O)cc2)c2cccc3cccc1c23,1,central,2923
pretrain,train,O=C1N[C@H](c2ccc(OCC3CO3)cc2)c2cccc3cccc1c23,1,central,313
pretrain,train,O=C1N[C@H](c2cccc3ccccc23)CO1,1,central,4160
pretrain,train,O=C1N[C@H](c2cccc3ccccc23)c2ccccc21,1,central,5172
pretrain,train,O=C1N[C@H](c2ccccc2)CO1,1,central,4162
pretrain,train,O=C1N[C@H](c2ccccc2)[C@H](c2ccccc2)O1,1,central,4161
pretrain,train,O=C1N[C@](O)(c2ccccc2)c2ccccc21,1,central,1674
pretrain,train,O=C1Nc2ccc(Cl)c(Cl)c2[C@@H]1c1ccccc1,1,central,1366
pretrain,train,O=C1Nc2ccc(Cl)cc2C(c2ccccc2)=N[C@@H]1Cc1c[nH]c2ccccc12,1,central,3714
pretrain,train,O=C1Nc2ccc(Cl)cc2C(c2ccccc2)=N[C@@H]1Cc1ccc(O)cc1,1,central,3715
pretrain,train,O=C1Nc2ccc(Cl)cc2C(c2ccccc2)=N[C@@H]1Cc1ccccc1,1,central,3716
pretrain,train,O=C1Nc2ccc(Cl)cc2C(c2ccccc2)=N[C@@H]1N1CCCCC1,1,central,3693
pretrain,train,O=C1Nc2ccc(Cl)cc2C(c2ccccc2)=N[C@@H]1N1CCOCC1,1,central,3694
pretrain,train,O=C1Nc2ccc(Cl)cc2C(c2ccccc2)=N[C@@H]1O,1,central,1235
pretrain,train,O=C1Nc2ccc(Cl)cc2C(c2ccccc2)=N[C@@H]1OCCCO,1,central,3703
pretrain,train,O=C1Nc2ccc(Cl)cc2C(c2ccccc2)=N[C@H]1CCCO,1,central,4299
pretrain,train,O=C1Nc2ccc(Cl)cc2C(c2ccccc2Cl)=N[C@@H]1O,1,central,1238
pretrain,train,O=C1Nc2ccc(Cl)nc2C(c2ccccc2Cl)=N[C@@H]1O,1,central,1237
pretrain,train,O=C1Nc2ccccc2[C@H]1c1ccccc1,1,central,1367
pretrain,train,O=C1Nc2cccnc2C(c2ccccc2)=N[C@@H]1O,1,central,4191
pretrain,train,O=C1OC2(CCCCC2)O[C@H]1c1ccccc1,1,central,5359
pretrain,train,O=C1OCCC[C@@H]1c1ccccc1,1,central,5450
pretrain,train,O=C1OCCN1C(=O)[C@H]1CC2C=CC1C2,1,central,5562
pretrain,train,O=C1OCC[C@@H](c2ccccc2)O1,1,central,5442
pretrain,train,O=C1OCC[C@@H]1Cc1ccccc1,1,central,4388
pretrain,train,O=C1OCC[C@@H]1O,1,central,5381
pretrain,train,O=C1OCC[C@@H]1c1ccccc1,1,central,5356
pretrain,train,O=C1OCC[C@H]1Br,1,central,2087
pretrain,train,O=C1OCC[C@H]1Nc1ccc2ccccc2c1,1,central,3630
pretrain,train,O=C1OCC[C@H]1Nc1cccc2ccccc12,1,central,3631
pretrain,train,O=C1OC[C@@H](CO)N1Cc1ccccc1,1,central,1199
pretrain,train,O=C1OC[C@@]2(c3ccccc3)C[C@@H]12,1,central,431
pretrain,train,O=C1OC[C@H]2C[C@@]12c1ccccc1,1,central,430
pretrain,train,O=C1OCc2ccc3ccccc3c2-c2c1ccc1ccccc21,2,axial,1075
pretrain,train,O=C1O[C@@H](Cc2ccccc2)c2ccccc21,1,central,3086
pretrain,train,O=C1O[C@@H](c2c3ccccc3cc3ccccc23)c2ccccc21,1,central,2992
pretrain,train,O=C1O[C@@H](c2ccc(O)c(O)c2)[C@H]2CCCCN12,1,central,537
pretrain,train,O=C1O[C@@H](c2cccc3ccccc23)C2CCCCC12,1,central,891
pretrain,train,O=C1O[C@@H](c2ccccc2)C[C@@H]1O,1,central,5390
pretrain,train,O=C1O[C@@H](c2ccccc2)C[C@H]1O,1,central,5391
pretrain,train,O=C1O[C@@H](c2ccccc2)c2ccccc21,1,central,2585
pretrain,train,O=C1O[C@@H]2CCc3ccccc3[C@@H]2O1,1,central,257
pretrain,train,O=C1O[C@@](c2cccc3ccccc23)(C(F)(F)F)c2ccccc21,1,central,4570
pretrain,train,O=C1O[C@H](c2ccc3ccccc3c2)c2ccccc21,1,central,4558
pretrain,train,O=C1O[C@H](c2cccc3ccccc23)c2ccccc21,1,central,4164
pretrain,train,O=C1O[C@H](c2ccccc2)OC=C1Br,1,central,2048
pretrain,train,O=C1O[C@H](c2ccccc2)[C@@]2(c3ccccc3)C[C@@H]12,1,central,919
pretrain,train,O=C1O[C@H]2CCc3ncccc3[C@H]2O1,1,central,256
pretrain,train,O=C1O[C@](c2c3ccccc3cc3ccccc23)(C(F)(F)F)c2ccccc21,1,central,4163
pretrain,train,O=C1Oc2ccccc2[C@@H]2[C@H]1[C@H]1C(=O)Oc3ccccc3[C@H]12,1,central,982
pretrain,train,O=C1Oc2ccccc2[C@H]2[C@@H]1[C@H]1c3ccccc3OC(=O)[C@H]12,1,central,981
pretrain,train,O=C1[C@@H](Cc2ccccc2)NC(=S)N1c1ccccc1,1,central,1748
pretrain,train,O=C1[C@@H](O)N=C(c2ccccc2)c2cc(Cl)ccc2N1CC(F)(F)F,1,central,3471
pretrain,train,O=C1[C@@H](O)N=C(c2ccccc2)c2cc(Cl)ccc2N1CC1CC1,1,central,4343
pretrain,train,O=C1[C@@H](c2ccccc2)NC(=S)N1c1ccccc1,1,central,2209
pretrain,train,O=C1[C@@H]2CCCN2C(=S)N1c1ccccc1,1,central,1752
pretrain,train,O=C1[C@H](CO)NC(=S)N1c1ccccc1,1,central,1750
pretrain,train,O=C1[C@H](Cc2c[nH]c3ccccc23)NC(=S)N1c1ccccc1,1,central,2208
pretrain,train,O=C1[C@H]2[C@@H]([C@H]3O[C@@H]13)[C@H]1C=C[C@@H]2C1,1,central,5546
pretrain,train,O=C1[CH][CH][CH][CH]C1.[C-]#[O+].[C-]#[O+].[C-]#[O+].[Fe],1,central,-1
pretrain,train,O=C1[CH][CH][CH][CH]CC1.[C-]#[O+].[C-]#[O+].[C-]#[O+].[Fe],1,central,-1
pretrain,train,O=C1[CH][CH][CH][CH][CH][CH]1.[C-]#[O+].[C-]#[O+].[C-]#[O+].[Fe],1,central,-1
pretrain,train,O=C1[CH][CH][CH][CH][CH][C]1OC(=O)c1ccccc1.[C-]#[O+].[C-]#[O+].[C-]#[O+].[Fe],1,central,-1
pretrain,train,O=C1[CH][CH][CH][CH][C]2C=CC=C[C]21.[C-]#[O+].[C-]#[O+].[C-]#[O+].[Fe],1,central,-1
pretrain,train,O=C1c2c(O)cc(O)cc2OC[C@@H]1c1ccccc1,1,central,1295
pretrain,train,O=C1c2c(O)cc(O)cc2O[C@@H](c2ccc(O)c(O)c2)[C@@H]1O,1,central,392
pretrain,train,O=C1c2c(O)cc(O)cc2O[C@H](c2ccc(O)cc2)[C@H]1[C@H]1C(=O)c2c(O)cc(O)cc2O[C@@H]1c1ccc(O)cc1,1,central,5561
pretrain,train,O=C1c2c(OCc3ccccc3)cc(OCc3ccccc3)cc2OC[C@@H]1c1ccccc1,1,central,1293
pretrain,train,O=C1c2c(ccc3ccccc23)CC12Cc1ccc3ccccc3c1C2=O,1,central,-1
pretrain,train,O=C1c2ccc(O)cc2OC[C@H]1c1ccc2c(c1)OCO2,1,central,1290
pretrain,train,O=C1c2ccc(O)cc2OC[C@H]1c1ccccc1,1,central,1300
pretrain,train,O=C1c2ccccc2CC12Cc1ccccc1C2=O,2,axial,1114
pretrain,train,O=C1c2ccccc2OC[C@H]1c1ccccc1,1,central,1301
pretrain,train,O=C1c2ccccc2O[C@@H](c2ccccc2)[C@@H]1O,1,central,722
pretrain,train,O=CN[C@@H](Cc1ccccc1)C(=O)O,1,central,1728
pretrain,train,O=CN[C@H](Cc1c[nH]c2ccccc12)C(=O)O,1,central,1885
pretrain,train,O=C[C]1[CH][CH][CH][C]1CO.[CH]1[CH][CH][CH][CH]1.[Fe],4,planar,-1
pretrain,train,O=Cc1cc2ccccc2c(-c2c(O)c(C=O)cc3ccccc23)c1O,2,axial,6322
pretrain,train,O=P(Oc1ccccc1)(Oc1ccccc1)[C@H](O)c1ccccc1,1,central,4145
pretrain,train,O=P(c1ccccc1)(c1ccccc1)c1ccc2ccccc2c1-c1c(O)ccc2ccccc12,2,axial,1008
pretrain,train,O=P(c1ccccc1)(c1ccccc1)c1ccc2ccccc2c1-c1c(OS(=O)(=O)C(F)(F)F)ccc2ccccc12,2,axial,1010
pretrain,train,O=P(c1ccccc1)(c1ccccc1)c1ccc2ccccc2c1-c1c(P(=O)(c2ccccc2)c2ccccc2)ccc2ccccc12,2,axial,7024
pretrain,train,O=P1(N(CCCl)CCCl)NCCCO1,1,central,1325
pretrain,train,O=P1(N(CCCl)CCCl)OCCCN1CCCl,1,central,2643
pretrain,train,O=P1(N2CC2)OCCCN1CCCl,1,central,5132
pretrain,train,O=P1(NCCCl)NCCCO1,1,central,5128
pretrain,train,O=P1(NCCCl)OCCCN1CCCl,1,central,1326
pretrain,train,O=P1(NCCO)OCCCN1CCCl,1,central,5130
pretrain,train,O=P1(NS(=O)(=O)C(F)(F)F)Oc2c(-c3c(F)c(F)c(F)c(F)c3F)cc3ccccc3c2-c2c(c(-c3c(F)c(F)c(F)c(F)c3F)cc3ccccc23)O1,2,axial,6101
pretrain,train,O=P1(NS(=O)(=O)C(F)(F)F)Oc2c(-c3c4ccccc4cc4ccccc34)cc3c(c2-c2c4c(cc(-c5c6ccccc6cc6ccccc56)c2O1)CCCC4)CCCC3,2,axial,6119
pretrain,train,O=P1(NS(=O)(=O)C(F)(F)F)Oc2c(-c3cc(-c4ccccc4)cc(-c4ccccc4)c3)cc3ccccc3c2-c2c(c(-c3cc(-c4ccccc4)cc(-c4ccccc4)c3)cc3ccccc23)O1,2,axial,6103
pretrain,train,O=P1(NS(=O)(=O)C(F)(F)F)Oc2c(-c3cc(C(F)(F)F)cc(C(F)(F)F)c3)cc3c(c2-c2c4c(cc(-c5cc(C(F)(F)F)cc(C(F)(F)F)c5)c2O1)CCCC4)CCCC3,2,axial,6116
pretrain,train,O=P1(NS(=O)(=O)C(F)(F)F)Oc2c(-c3cc(C(F)(F)F)cc(C(F)(F)F)c3)cc3ccccc3c2-c2c(c(-c3cc(C(F)(F)F)cc(C(F)(F)F)c3)cc3ccccc23)O1,2,axial,6113
pretrain,train,O=P1(NS(=O)(=O)C(F)(F)F)Oc2c(-c3cc4ccccc4c4ccccc34)cc3c(c2-c2c4c(cc(-c5cc6ccccc6c6ccccc56)c2O1)CCCC4)CCCC3,2,axial,6094
pretrain,train,O=P1(NS(=O)(=O)C(F)(F)F)Oc2c(-c3cc4ccccc4c4ccccc34)cc3ccccc3c2-c2c(c(-c3cc4ccccc4c4ccccc34)cc3ccccc23)O1,2,axial,6115
pretrain,train,O=P1(NS(=O)(=O)C(F)(F)F)Oc2c(-c3ccc(-c4ccccc4)cc3)cc3c(c2-c2c4c(cc(-c5ccc(-c6ccccc6)cc5)c2O1)CCCC4)CCCC3,2,axial,6104
pretrain,train,O=P1(NS(=O)(=O)C(F)(F)F)Oc2c(-c3ccc(-c4ccccc4)cc3)cc3ccccc3c2-c2c(c(-c3ccc(-c4ccccc4)cc3)cc3ccccc23)O1,2,axial,6108
pretrain,train,O=P1(NS(=O)(=O)C(F)(F)F)Oc2c(-c3ccc(C(F)(F)F)cc3)cc3c(c2-c2c4c(cc(-c5ccc(C(F)(F)F)cc5)c2O1)CCCC4)CCCC3,2,axial,6098
pretrain,train,O=P1(NS(=O)(=O)C(F)(F)F)Oc2c(-c3ccc(C(F)(F)F)cc3)cc3ccccc3c2-c2c(c(-c3ccc(C(F)(F)F)cc3)cc3ccccc23)O1,2,axial,6097
pretrain,train,O=P1(NS(=O)(=O)C(F)(F)F)Oc2c(-c3ccc4ccccc4c3)cc3c(c2-c2c4c(cc(-c5ccc6ccccc6c5)c2O1)CCCC4)CCCC3,2,axial,6095
pretrain,train,O=P1(NS(=O)(=O)C(F)(F)F)Oc2c(-c3ccc4ccccc4c3)cc3ccccc3c2-c2c(c(-c3ccc4ccccc4c3)cc3ccccc23)O1,2,axial,6106
pretrain,train,O=P1(NS(=O)(=O)C(F)(F)F)Oc2c(-c3cccc4ccccc34)cc3c(c2-c2c4c(cc(-c5cccc6ccccc56)c2O1)CCCC4)CCCC3,2,axial,6093
pretrain,train,O=P1(NS(=O)(=O)C(F)(F)F)Oc2c(-c3cccc4ccccc34)cc3ccccc3c2-c2c(c(-c3cccc4ccccc34)cc3ccccc23)O1,2,axial,6112
pretrain,train,O=P1(NS(=O)(=O)C(F)(F)F)Oc2c(-c3ccccc3)cc3c(c2-c2c4c(cc(-c5ccccc5)c2O1)CCCC4)CCCC3,2,axial,6117
pretrain,train,O=P1(NS(=O)(=O)C(F)(F)F)Oc2c(-c3ccccc3)cc3ccccc3c2-c2c(c(-c3ccccc3)cc3ccccc23)O1,2,axial,6114
pretrain,train,O=P1(O)Oc2c(-c3c(C4CCCCC4)cc(C4CCCCC4)cc3C3CCCCC3)cc3c(c2-c2c4c(cc(-c5c(C6CCCCC6)cc(C6CCCCC6)cc5C5CCCCC5)c2O1)CCCC4)CCCC3,2,axial,5920
pretrain,train,O=P1(O)Oc2c(-c3c(C4CCCCC4)cc(C4CCCCC4)cc3C3CCCCC3)cc3ccccc3c2-c2c(c(-c3c(C4CCCCC4)cc(C4CCCCC4)cc3C3CCCCC3)cc3ccccc23)O1,2,axial,5903
pretrain,train,O=P1(O)Oc2c(-c3c(F)c(F)c(F)c(F)c3F)cc3ccccc3c2-c2c(c(-c3c(F)c(F)c(F)c(F)c3F)cc3ccccc23)O1,2,axial,5904
pretrain,train,O=P1(O)Oc2c(-c3c4ccccc4c(-c4ccccc4)c4ccccc34)cc3ccccc3c2-c2c(c(-c3c4ccccc4c(-c4ccccc4)c4ccccc34)cc3ccccc23)O1,2,axial,5907
pretrain,train,O=P1(O)Oc2c(-c3c4ccccc4cc4ccccc34)cc3c(c2-c2c4c(cc(-c5c6ccccc6cc6ccccc56)c2O1)CCCC4)CCCC3,2,axial,5925
pretrain,train,O=P1(O)Oc2c(-c3c4ccccc4cc4ccccc34)cc3ccccc3c2-c2c(c(-c3c4ccccc4cc4ccccc34)cc3ccccc23)O1,2,axial,5905
pretrain,train,O=P1(O)Oc2c(-c3cc(-c4ccccc4)cc(-c4ccccc4)c3)cc3c(c2-c2c4c(cc(-c5cc(-c6ccccc6)cc(-c6ccccc6)c5)c2O1)CCCC4)CCCC3,2,axial,5921
pretrain,train,O=P1(O)Oc2c(-c3cc(-c4ccccc4)cc(-c4ccccc4)c3)cc3ccccc3c2-c2c(c(-c3cc(-c4ccccc4)cc(-c4ccccc4)c3)cc3ccccc23)O1,2,axial,5896
pretrain,train,O=P1(O)Oc2c(-c3cc(C(F)(F)F)cc(C(F)(F)F)c3)cc3c(c2-c2c4c(cc(-c5cc(C(F)(F)F)cc(C(F)(F)F)c5)c2O1)CCCC4)CCCC3,2,axial,-1
pretrain,train,O=P1(O)Oc2c(-c3cc(C(F)(F)F)cc(C(F)(F)F)c3)cc3ccccc3c2-c2c(c(-c3cc(C(F)(F)F)cc(C(F)(F)F)c3)cc3ccccc23)O1,2,axial,5894
pretrain,train,O=P1(O)Oc2c(-c3cc(Cl)cc(Cl)c3)cc3ccccc3c2-c2c(c(-c3cc(Cl)cc(Cl)c3)cc3ccccc23)O1,2,axial,5891
pretrain,train,O=P1(O)Oc2c(-c3cc(F)cc(F)c3)cc3ccccc3c2-c2c(c(-c3cc(F)cc(F)c3)cc3ccccc23)O1,2,axial,5893
pretrain,train,O=P1(O)Oc2c(-c3cc4ccccc4c4ccccc34)cc3ccccc3c2-c2c(c(-c3cc4ccccc4c4ccccc34)cc3ccccc23)O1,2,axial,5906
pretrain,train,O=P1(O)Oc2c(-c3ccc(-c4ccc5ccccc5c4)cc3)cc3ccccc3c2-c2c(c(-c3ccc(-c4ccc5ccccc5c4)cc3)cc3ccccc23)O1,2,axial,5902
pretrain,train,O=P1(O)Oc2c(-c3ccc(-c4cccc5ccccc45)cc3)cc3ccccc3c2-c2c(c(-c3ccc(-c4cccc5ccccc45)cc3)cc3ccccc23)O1,2,axial,5901
pretrain,train,O=P1(O)Oc2c(-c3ccc(-c4ccccc4)cc3)cc3c(c2-c2c4c(cc(-c5ccc(-c6ccccc6)cc5)c2O1)CCCC4)CCCC3,2,axial,5922
pretrain,train,O=P1(O)Oc2c(-c3ccc(-c4ccccc4)cc3)cc3ccccc3c2-c2c(c(-c3ccc(-c4ccccc4)cc3)cc3ccccc23)O1,2,axial,5895
pretrain,train,O=P1(O)Oc2c(-c3ccc(C(F)(F)F)cc3)cc3c(c2-c2c4c(cc(-c5ccc(C(F)(F)F)cc5)c2O1)CCCC4)CCCC3,2,axial,5917
pretrain,train,O=P1(O)Oc2c(-c3ccc(C(F)(F)F)cc3)cc3ccccc3c2-c2c(c(-c3ccc(C(F)(F)F)cc3)cc3ccccc23)O1,2,axial,5889
pretrain,train,O=P1(O)Oc2c(-c3ccc(Cl)cc3)cc3ccccc3c2-c2c(c(-c3ccc(Cl)cc3)cc3ccccc23)O1,2,axial,5885
pretrain,train,O=P1(O)Oc2c(-c3ccc4ccc5cccc6ccc3c4c56)cc3ccccc3c2-c2c(c(-c3ccc4ccc5cccc6ccc3c4c56)cc3ccccc23)O1,2,axial,5908
pretrain,train,O=P1(O)Oc2c(-c3ccc4ccccc4c3)cc3c(c2-c2c4c(cc(-c5ccc6ccccc6c5)c2O1)CCCC4)CCCC3,2,axial,5924
pretrain,train,O=P1(O)Oc2c(-c3ccc4ccccc4c3)cc3ccccc3c2-c2c(c(-c3ccc4ccccc4c3)cc3ccccc23)O1,2,axial,5900
pretrain,train,O=P1(O)Oc2c(-c3cccc4ccccc34)cc3c(c2-c2c4c(cc(-c5cccc6ccccc56)c2O1)CCCC4)CCCC3,2,axial,5923
pretrain,train,O=P1(O)Oc2c(-c3cccc4ccccc34)cc3ccccc3c2-c2c(c(-c3cccc4ccccc34)cc3ccccc23)O1,2,axial,5899
pretrain,train,O=P1(O)Oc2c(-c3ccccc3)cc3c(c2-c2c4c(cc(-c5ccccc5)c2O1)CCCC4)CCCC3,2,axial,5911
pretrain,train,O=P1(O)Oc2c(-c3ccccc3)cc3ccccc3c2-c2c(c(-c3ccccc3)cc3ccccc23)O1,2,axial,5884
pretrain,train,O=P1(O)Oc2c(Br)cc3ccccc3c2-c2c(c(Br)cc3ccccc23)O1,2,axial,5882
pretrain,train,O=P1(O)Oc2c(I)cc3ccccc3c2-c2c(c(I)cc3ccccc23)O1,2,axial,5926
pretrain,train,O=P1(O)Oc2c([Si](c3ccccc3)(c3ccccc3)c3ccccc3)cc3ccccc3c2-c2c(c([Si](c3ccccc3)(c3ccccc3)c3ccccc3)cc3ccccc23)O1,2,axial,5883
pretrain,train,O=P1(O)Oc2c(c(-c3ccccc3)cc3ccc4ccccc4c23)-c2c(-c3ccccc3)cc3ccc4ccccc4c3c2O1,2,axial,-1
pretrain,train,O=P1(O)Oc2ccc3c(c2-c2c(ccc4c2CCCC4)O1)CCCC3,2,axial,5910
pretrain,train,O=P1(O)Oc2ccc3ccccc3c2-c2c(ccc3ccccc23)O1,2,axial,1033
pretrain,train,O=P1(O)Oc2cccc3c2-c2c(cccc2O1)N=C(c1ccccc1)C(c1ccccc1)=N3,2,axial,-1
pretrain,train,O=P1(O)[C@@H](c2ccccc2)CC[C@@H]1c1ccccc1,1,central,5880
pretrain,train,O=P1(O)[C@H](c2ccccc2)CC[C@H]1c1ccccc1,1,central,5881
pretrain,train,O=S(=O)(Cl)c1ccc2ccccc2c1-c1c(S(=O)(=O)Cl)ccc2ccccc12,2,axial,6334
pretrain,train,O=S(=O)(N=P1(NP2(=NS(=O)(=O)C(F)(F)F)Oc3c(-c4cc(C(F)(F)F)cc(C(F)(F)F)c4)cc4ccccc4c3-c3c(c(-c4cc(C(F)(F)F)cc(C(F)(F)F)c4)cc4ccccc34)O2)Oc2c(-c3cc(C(F)(F)F)cc(C(F)(F)F)c3)cc3ccccc3c2-c2c(c(-c3cc(C(F)(F)F)cc(C(F)(F)F)c3)cc3ccccc23)O1)C(F)(F)F,2,axial,-1
pretrain,train,O=S(=O)(NC[C@@H]1CCCN1)C(F)(F)F,1,central,5968
pretrain,train,O=S(=O)(NC[C@H]1CCCN1)C(F)(F)F,1,central,5967
pretrain,train,O=S(=O)(N[C@@H]1CCCC[C@H]1NS(=O)(=O)c1cccc2ccccc12)c1cccc2ccccc12,1,central,546
pretrain,train,O=S(=O)(N[C@H](c1ccccc1)[C@@H](NS(=O)(=O)C(F)(F)F)c1ccccc1)C(F)(F)F,1,central,6219
pretrain,train,O=S(=O)(N[C@H](c1ccccc1)[C@H](NS(=O)(=O)C(F)(F)F)c1ccccc1)C(F)(F)F,1,central,6218
pretrain,train,O=S(=O)(O)c1ccc2ccccc2c1-c1c(S(=O)(=O)O)ccc2ccccc12,2,axial,-1
pretrain,train,O=S(=O)(Oc1ccc2ccccc2c1-c1c(OS(=O)(=O)C(F)(F)F)ccc2ccccc12)C(F)(F)F,2,axial,1011
pretrain,train,O=S(c1c2ccccc2cc2ccccc12)C1CCCCCCC1O,1,central,543
pretrain,train,O=S1(=O)Cc2cccc(c2)OCc2cccc1c2,3,helical,5522
pretrain,train,O=S1CCOCCOc2ccc3ccccc3c2-c2c(ccc3ccccc23)OCCOCC1,2,axial,1058
pretrain,train,O=[N+]([O-])c1ccc(-c2cc3c(c4c2OP(=O)(NS(=O)(=O)C(F)(F)F)Oc2c(-c5ccc([N+](=O)[O-])cc5)cc5c(c2-4)CCCC5)CCCC3)cc1,2,axial,6096
pretrain,train,O=[N+]([O-])c1ccc(-c2cc3c(c4c2OP(=O)(O)Oc2c(-c5ccc([N+](=O)[O-])cc5)cc5c(c2-4)CCCC5)CCCC3)cc1,2,axial,5912
pretrain,train,O=[N+]([O-])c1ccc(-c2cc3ccccc3c(-c3c(O)c(-c4ccc([N+](=O)[O-])cc4)cc4ccccc34)c2O)cc1,2,axial,6318
pretrain,train,O=[N+]([O-])c1ccc(-c2cc3ccccc3c3c2OP(=O)(NS(=O)(=O)C(F)(F)F)Oc2c(-c4ccc([N+](=O)[O-])cc4)cc4ccccc4c2-3)cc1,2,axial,6107
pretrain,train,O=[N+]([O-])c1ccc(-c2cc3ccccc3c3c2OP(=O)(O)Oc2c(-c4ccc([N+](=O)[O-])cc4)cc4ccccc4c2-3)cc1,2,axial,5886
pretrain,train,O=[N+]([O-])c1ccc(N/N=C/c2cc3ccc2CCc2ccc(cc2)CC3)cc1,4,planar,5584
pretrain,train,O=[N+]([O-])c1ccc(O[P@@](=O)(c2ccccc2)C(Cl)Cl)cc1,1,central,1468
pretrain,train,O=[N+]([O-])c1ccc(O[P@](=O)(CCl)c2ccccc2)cc1,1,central,1467
pretrain,train,O=[N+]([O-])c1ccc([C@H](O)c2ccccc2)cc1,1,central,1308
pretrain,train,O=[N+]([O-])c1ccc([C@H]2O[C@@H]2c2ccccc2)cc1,1,central,109
pretrain,train,O=[N+]([O-])c1ccc([S@@](=O)Cc2ccccc2)c([N+](=O)[O-])c1,1,central,4647
pretrain,train,O=[N+]([O-])c1ccc([S@@](=O)c2c3ccccc3cc3ccccc23)cc1,1,central,4151
pretrain,train,O=[N+]([O-])c1ccc([S@@](=O)c2ccccc2)c([N+](=O)[O-])c1,1,central,4648
pretrain,train,O=[N+]([O-])c1ccc([S@](=O)c2c3ccccc3cc3ccccc23)c([N+](=O)[O-])c1,1,central,4150
pretrain,train,O=[N+]([O-])c1cccc(S(=O)(=O)OC[C@H]2CO2)c1,1,central,3092
pretrain,train,O=[P@]1(c2ccccc2)Cc2ccccc2N1,1,central,3527
pretrain,train,O=[PH](c1ccccc1)c1cccc2ccccc12,1,central,5187
pretrain,train,O=[S@@](CCCSc1ccccc1)c1ccccc1,1,central,5424
pretrain,train,O=[S@@](CCO)c1c2ccccc2cc2ccccc12,1,central,4159
pretrain,train,O=[S@@](CCc1ccccc1)c1ccccc1,1,central,5431
pretrain,train,O=[S@@](CSc1ccccc1)c1ccccc1,1,central,5430
pretrain,train,O=[S@@](Nc1ccccn1)c1ccccc1,1,central,5252
pretrain,train,O=[S@@](Sc1ccccc1)c1ccccc1,1,central,1793
pretrain,train,O=[S@@]1CCS[C@@H]1c1c2ccccc2cc2ccccc12,1,central,772
pretrain,train,O=[S@@]1CCS[C@@H]1c1ccc2ccccc2c1,1,central,774
pretrain,train,O=[S@@]1CCS[C@@H]1c1cccc2ccccc12,1,central,775
pretrain,train,O=[S@@]1CCS[C@@]1(c1ccccc1)C1CCCCC1,1,central,782
pretrain,train,O=[S@@]1CCS[C@@]12CCCc1c2ccc2ccccc12,1,central,766
pretrain,train,O=[S@@]1CCS[C@@]12CCCc1ccc3ccccc3c12,1,central,765
pretrain,train,O=[S@@]1CCS[C@@]12CCCc1ccccc12,1,central,768
pretrain,train,O=[S@@]1CCS[C@@]12CCc1ccccc12,1,central,771
pretrain,train,O=[S@@]1CCS[C@]12c1cc(O)ccc1-c1c2ccc2ccccc12,1,central,748
pretrain,train,O=[S@@]1CCS[C@]12c1ccccc1-c1cc3ccccc3cc12,1,central,759
pretrain,train,O=[S@@]1CCS[C@]12c1ccccc1-c1ccc(O)cc12,1,central,750
pretrain,train,O=[S@](CC(O)c1ccccc1)c1c2ccccc2cc2ccccc12,1,central,544
pretrain,train,O=[S@](CCO)c1ccccc1,1,central,4279
pretrain,train,O=[S@](CCOCc1ccccc1)c1ccccc1,1,central,4275
pretrain,train,O=[S@](Cc1ccccc1)c1ccccc1,1,central,1460
pretrain,train,O=[S@](Sc1ccccc1)c1ccc(Cl)cc1,1,central,1799
pretrain,train,O=[S@](c1ccccc1)C1CCCCC1,1,central,5433
pretrain,train,O=[S@](c1ccccc1)c1c2ccccc2cc2ccccc12,1,central,4153
pretrain,train,O=[S@]1CCCC12c1ccccc1-c1ccccc12,1,central,5140
pretrain,train,O=[S@]1CCSC12c1ccccc1-c1ccccc12,1,central,5141
pretrain,train,O=[S@]1CCS[C@@H]1c1c2ccccc2cc2ccccc12,1,central,773
pretrain,train,O=[S@]1CCS[C@@H]1c1ccc2ccccc2c1,1,central,753
pretrain,train,O=[S@]1CCS[C@@H]1c1cccc2ccccc12,1,central,776
pretrain,train,O=[S@]1CCS[C@@H]1c1ccccc1,1,central,792
pretrain,train,O=[S@]1CCS[C@@]1(c1ccccc1)C1CCCCC1,1,central,755
pretrain,train,O=[S@]1CCS[C@@]12CCCc1c2ccc2ccccc12,1,central,751
pretrain,train,O=[S@]1CCS[C@@]12CCCc1ccccc12,1,central,769
pretrain,train,O=[S@]1CCS[C@@]12CCc1ccccc12,1,central,770
pretrain,train,O=[S@]1CCS[C@H]1c1ccccc1,1,central,791
pretrain,train,O=[S@]1CCS[C@]12c1cc(O)ccc1-c1c2ccc2ccccc12,1,central,756
pretrain,train,O=[S@]1CCS[C@]12c1ccccc1-c1cc3ccccc3cc12,1,central,758
pretrain,train,O=[S@]1CCS[C@]12c1ccccc1-c1ccc(O)cc12,1,central,762
pretrain,train,O=[S@]1CSc2ccccc21,1,central,2775
pretrain,train,O=[Se](Cc1ccccc1)c1ccccc1,1,central,5423
pretrain,train,O=c1c(NC[C@@H]2CCCN2)c(Nc2cc(C(F)(F)F)cc(C(F)(F)F)c2)c1=O,1,central,6052
pretrain,train,O=c1c(NCc2cc(C(F)(F)F)cc(C(F)(F)F)c2)c(NC2CCCCC2N2Cc3ccc4ccccc4c3-c3c(ccc4ccccc34)C2)c1=O,2,axial,6091
pretrain,train,O=c1c(NCc2cc(C(F)(F)F)cc(C(F)(F)F)c2)c(N[C@@H]2CCCC[C@H]2N2CCCCC2)c1=O,1,central,6068
pretrain,train,O=c1c(NCc2cc(C(F)(F)F)cc(C(F)(F)F)c2)c(N[C@H]2CCCC[C@@H]2N2CCCCC2)c1=O,1,central,6067
pretrain,train,O=c1c(Nc2cc(C(F)(F)F)cc(C(F)(F)F)c2)c(N[C@@H](c2ccccc2)[C@H](c2ccccc2)N2Cc3ccc4ccccc4c3-c3c(ccc4ccccc34)C2)c1=O,2,axial,6092
pretrain,train,O=c1c(Nc2cc(C(F)(F)F)cc(C(F)(F)F)c2)c(N[C@@H]2CCCC[C@H]2N(Cc2ccccc2)Cc2ccccc2)c1=O,1,central,6076
pretrain,train,O=c1c(Nc2cc(C(F)(F)F)cc(C(F)(F)F)c2)c(N[C@H](c2ccccc2)[C@@H](c2ccccc2)N2CCCCC2)c1=O,1,central,6043
pretrain,train,O=c1c(Nc2cc(C(F)(F)F)cc(C(F)(F)F)c2)c(N[C@H]2CCCC[C@@H]2N2CCCC2)c1=O,1,central,6051
pretrain,train,O=c1c(Nc2cc(C(F)(F)F)cc(C(F)(F)F)c2)c(N[C@H]2CCCC[C@@H]2N2CCCCC2)c1=O,1,central,6085
pretrain,train,O=c1c(Nc2ccc(C(F)(F)F)cc2)c(N[C@@H]2CCCC[C@H]2N2CCCCC2)c1=O,1,central,6087
pretrain,train,O=c1c(Nc2ccc(C(F)(F)F)cc2)c(N[C@H]2CCCC[C@@H]2N2CCCCC2)c1=O,1,central,6053
pretrain,train,OC(Cn1cncn1)(c1ccc(F)cc1)c1ccccc1F,1,central,3066
pretrain,train,OC(c1cc(C(F)(F)F)cc(C(F)(F)F)c1)(c1cc(C(F)(F)F)cc(C(F)(F)F)c1)[C@@H]1CCCN1,1,central,5954
pretrain,train,OC(c1cc(C(F)(F)F)cc(C(F)(F)F)c1)(c1cc(C(F)(F)F)cc(C(F)(F)F)c1)[C@H]1CCCN1,1,central,5934
pretrain,train,OC(c1ccc2ccccc2c1)(c1ccc2ccccc2c1)[C@H]1CCCN1,1,central,5965
pretrain,train,OC(c1ccccc1)(c1ccccc1)C1OC2(CCCCC2)OC1C(O)(c1ccccc1)c1ccccc1,1,central,-1
pretrain,train,OC(c1ccccc1)(c1ccccc1)[C@@H]1CCCN1,1,central,5937
pretrain,train,OC(c1ccccc1)(c1ccccc1)[C@H]1CCCN1,1,central,5936
pretrain,train,OC(c1ccccc1)(c1ccccc1)c1cc(Cl)cc(Cl)c1-c1c(Cl)cc(Cl)cc1C(O)(c1ccccc1)c1ccccc1,2,axial,1063
pretrain,train,OC1(c2ccccc2)CCNCC1,1,central,4737
pretrain,train,OCC1COCCOCCOc2ccc3ccccc3c2-c2c(ccc3ccccc23)OCCOCCO1,2,axial,1156
pretrain,train,OCCOCCN1CCN([C@@H](c2ccccc2)c2ccc(Cl)cc2)CC1,1,central,3389
pretrain,train,OCCOCCOCCOc1ccc2ccccc2c1-c1c(OCCOCCOCCO)ccc2ccccc12,2,axial,1086
pretrain,train,OCCOCCOc1ccc2ccccc2c1-c1c(OCCOCCO)ccc2ccccc12,2,axial,1087
pretrain,train,OCCS[C@H]([C]1[CH][CH][CH][CH]1)c1ccccc1.[CH]1[CH][CH][CH][CH]1.[Fe],1,central,-1
pretrain,train,OCCS[C@H]1c2c(cc3ccc4cccc5ccc2c3c45)[C@@H](O)[C@H](O)[C@@H]1O,1,central,969
pretrain,train,OCCS[C@H]1c2c(cc3ccc4cccc5ccc2c3c45)[C@@H](O)[C@H](O)[C@H]1O,1,central,968
pretrain,train,OCCS[C@H]1c2cc3ccc4cccc5ccc(c2[C@@H](O)[C@H](O)[C@@H]1O)c3c45,1,central,967
pretrain,train,OCC[C@@H](O)/C=C/c1ccccc1,1,central,2061
pretrain,train,OCC[C@@H](O)CCc1ccccc1,1,central,2058
pretrain,train,OCC[C@H](O)c1ccccc1,1,central,4043
pretrain,train,OC[C@@H](O)Cc1ccccc1,1,central,1729
pretrain,train,OC[C@@H](c1ccccc1)C(O)(c1ccccc1)c1ccccc1,1,central,3152
pretrain,train,OC[C@@H]1CC(c2ccccc2)=NO1,1,central,1191
pretrain,train,OC[C@@H]1CCCN1Cc1ccccc1,1,central,6121
pretrain,train,OC[C@@H]1C[C@@H]1COC(c1ccccc1)(c1ccccc1)c1ccccc1,1,central,94
pretrain,train,OC[C@@H]1C[C@@H]1COCc1ccccc1,1,central,95
pretrain,train,OC[C@@H]1C[C@@H]1c1ccccc1,1,central,98
pretrain,train,OC[C@@H]1C[C@H]1c1ccccc1,1,central,99
pretrain,train,OC[C@@H]1O[C@H]1c1ccccc1,1,central,84
pretrain,train,OC[C@@](O)(c1ccsc1)C1CCCCC1,1,central,4296
pretrain,train,OC[C@H](O)CN1CCN(c2ccccc2)CC1,1,central,2068
pretrain,train,OC[C@H](O)COCc1ccccc1,1,central,1927
pretrain,train,OC[C@H](O)c1ccccc1,1,central,3032
pretrain,train,OC[C@H]1CC(Br)=NO1,1,central,1969
pretrain,train,OC[C@H]1C[C@@H]1CCc1ccccc1,1,central,97
pretrain,train,OC[C@H]1C[C@@H]1COC(c1ccccc1)(c1ccccc1)c1ccccc1,1,central,93
pretrain,train,OC[C@H]1C[C@@H]1COCc1ccccc1,1,central,96
pretrain,train,OC[C@]1(c2ccccc2)O[C@H]1c1ccccc1,1,central,485
pretrain,train,OC[C@]12C=CC=C[C@H]1C=CCC2,1,central,648
pretrain,train,OC[C]1[CH][CH][CH][CH]1.[CH]1[CH][CH][CH][CH]1.[Fe],1,central,-1
pretrain,train,OCc1c(-c2c(CO)c3ccccc3c3ccccc23)c2ccccc2c2ccccc12,2,axial,1091
pretrain,train,OCc1ccc2cc3c(ccc4ccccc43)c3c2c1C[C@H]3O,1,central,3359
pretrain,train,OCc1ncc2n1-c1ccc(Cl)cc1C(c1ccccc1F)=N[C@@H]2O,1,central,1546
pretrain,train,OCc1scc2c1-c1cccc(c1)CCc1cccc-2c1,4,planar,5613
pretrain,train,OCl.[NH3+][C@@H](Cc1c[nH]c2ccccc12)C(=O)O,1,central,-1
pretrain,train,OCl.[NH3+][C@@H](Cc1ccc(O)cc1)C(=O)O,1,central,-1
pretrain,train,OCl.[NH3+][C@@H](Cc1ccccc1)C(=O)O,1,central,-1
pretrain,train,OCl.[NH3+][C@H](C(=O)O)c1ccc(O)cc1,1,central,-1
pretrain,train,OCl.[NH3+][C@H](C(=O)O)c1ccccc1,1,central,-1
pretrain,train,OO[C@@H]1CCCc2ccccc21,1,central,1542
pretrain,train,OP1(=S)Oc2ccc3ccccc3c2-c2c(ccc3ccccc23)O1,2,axial,-1
pretrain,train,O[C@@H](/C=C/c1ccccc1)c1ccco1,1,central,3105
pretrain,train,O[C@@H](C#Cc1ccccc1)c1ccc(F)c(Oc2ccccc2)c1,1,central,2206
pretrain,train,O[C@@H](C#Cc1ccccc1)c1ccccc1,1,central,3344
pretrain,train,O[C@@H](CCc1c2ccccc2cc2ccccc12)c1c2ccccc2cc2ccccc12,1,central,2603
pretrain,train,O[C@@H](CCc1ccccc1)C(Cl)(Cl)Cl,1,central,1914
pretrain,train,O[C@@H](CCl)COc1ccccc1,1,central,1186
pretrain,train,O[C@@H](CCl)COc1ccccc1C1CCCC1,1,central,1179
pretrain,train,O[C@@H](CN1CCCCC1)c1cc(-c2ccccc2)on1,1,central,3903
pretrain,train,O[C@@H](CNc1ccccn1)c1ccccc1,1,central,4206
pretrain,train,O[C@@H](CSc1ccccc1)c1ccccc1,1,central,4146
pretrain,train,O[C@@H]([C]1[CH][CH][CH][CH]1)C(F)(F)F.[CH]1[CH][CH][CH][CH]1.[Fe],1,central,-1
pretrain,train,O[C@@H](c1c2ccccc2c(-c2ccccc2)c2ccccc12)C(F)(F)F,1,central,4583
pretrain,train,O[C@@H](c1c2ccccc2cc2ccccc12)C(Br)(Br)Br,1,central,2541
pretrain,train,O[C@@H](c1c2ccccc2cc2ccccc12)C(Cl)(Cl)Cl,1,central,2542
pretrain,train,O[C@@H](c1c2ccccc2cc2ccccc12)C(F)(F)F,1,central,1362
pretrain,train,O[C@@H](c1cc(-c2ccc(C(F)(F)F)cc2)nc(C(F)(F)F)c1)[C@H]1CCCCN1,1,central,57
pretrain,train,O[C@@H](c1cc(C(F)(F)F)nc2c(C(F)(F)F)cccc12)[C@H]1CCCCN1,1,central,807
pretrain,train,O[C@@H](c1ccc(F)cc1)C(F)(F)F,1,central,2176
pretrain,train,O[C@@H](c1ccc2ccccc2c1)c1ccco1,1,central,3106
pretrain,train,O[C@@H](c1ccccc1)C(O)(c1ccccc1)c1ccccc1,1,central,6350
pretrain,train,O[C@@H](c1ccccc1)[C@@H](O)c1ccccc1,1,central,50
pretrain,train,O[C@@H](c1ccccc1)c1ccc(Cl)cc1,1,central,1312
pretrain,train,O[C@@H](c1ccccc1)c1ccc2ccc3cccc4ccc1c2c34,1,central,3565
pretrain,train,O[C@@H](c1ccccc1)c1ccc2ccccc2c1,1,central,3566
pretrain,train,O[C@@H](c1ccccc1)c1cccc2ccccc12,1,central,3883
pretrain,train,O[C@@H](c1ccccc1)c1ccccc1Br,1,central,1310
pretrain,train,O[C@@H](c1ccccc1)c1ccccc1Cl,1,central,1313
pretrain,train,O[C@@H](c1ccccc1)c1ccco1,1,central,3108
pretrain,train,O[C@@H]1C=CCc2ccccc21,1,central,2777
pretrain,train,O[C@@H]1C=C[C@H]2[C@@H]1[C@H]1C=C[C@@H]2C1,1,central,5573
pretrain,train,O[C@@H]1C=Cc2ccccc2[C@@H]1O,1,central,2765
pretrain,train,O[C@@H]1CCC=Cc2ccccc21,1,central,2776
pretrain,train,O[C@@H]1CCCC[C@H]1N1CCC(c2ccccc2)CC1,1,central,145
pretrain,train,O[C@@H]1CCCC[C@H]1c1ccccc1,1,central,531
pretrain,train,O[C@@H]1CCCc2c1cc1ccc3cccc4ccc2c1c34,1,central,4035
pretrain,train,O[C@@H]1CCCc2c1ccc1c2ccc2ccccc21,1,central,2814
pretrain,train,O[C@@H]1CCCc2c1ccc1cc3ccccc3cc21,1,central,2816
pretrain,train,O[C@@H]1CCCc2c1ccc1ccccc21,1,central,2817
pretrain,train,O[C@@H]1CCCc2cc3c(ccc4ccccc43)cc21,1,central,4037
pretrain,train,O[C@@H]1CCCc2cc3ccc4cccc5ccc(c21)c3c45,1,central,4034
pretrain,train,O[C@@H]1CCCc2cc3ccc4ccccc4c3cc21,1,central,4036
pretrain,train,O[C@@H]1CCCn2ccnc21,1,central,6146
pretrain,train,O[C@@H]1CCc2c(ccc3ccccc23)[C@@H]1O,1,central,260
pretrain,train,O[C@@H]1CCc2ccc3c(ccc4ccccc43)c2[C@@H]1O,1,central,263
pretrain,train,O[C@@H]1CCc2ccc3cc4ccccc4cc3c2[C@@H]1O,1,central,266
pretrain,train,O[C@@H]1CCc2ccc3ccccc3c2[C@@H]1O,1,central,269
pretrain,train,O[C@@H]1CCc2ccccc2[C@H]1O,1,central,641
pretrain,train,O[C@@H]1CCn2ccnc21,1,central,6122
pretrain,train,O[C@@H]1C[C@@H](O)[C@H](O)c2cc3ccc4cccc5ccc(c21)c3c45,1,central,839
pretrain,train,O[C@@H]1C[C@H](O)[C@@H](O)c2c1cc1ccc3cccc4ccc2c1c34,1,central,837
pretrain,train,O[C@@H]1Cc2ccccc2-c2ccccc21,1,central,4038
pretrain,train,O[C@@H]1[C@@H](O)[C@H](OCc2ccccc2)[C@@H](O)[C@@H](OCc2ccccc2)[C@H]1O,1,central,5564
pretrain,train,O[C@@H]1c2ccccc2-c2cc3ccccc3cc2[C@H]1O,1,central,283
pretrain,train,O[C@@H]1c2ccccc2-c2ccc3ccccc3c2[C@H]1O,1,central,289
pretrain,train,O[C@@H]1c2ccccc2CC[C@@H]1O,1,central,640
pretrain,train,O[C@@H]1c2ccccc2C[C@@H]1Br,1,central,453
pretrain,train,O[C@@H]1c2ccccc2C[C@@H]1Cl,1,central,451
pretrain,train,O[C@@H]1c2ccccc2C[C@@H]1O,1,central,43
pretrain,train,O[C@@H]1c2ccccc2C[C@H]1Cl,1,central,450
pretrain,train,O[C@@](CCN1CCCCC1)(c1ccccc1)C1CCCCC1,1,central,3675
pretrain,train,O[C@H](C#CC1CCCCC1)c1ccccc1,1,central,3338
pretrain,train,O[C@H](C#Cc1ccccc1)/C=C/c1ccccc1,1,central,3342
pretrain,train,O[C@H](C1CCCCC1)C(Cl)(Cl)Cl,1,central,1917
pretrain,train,O[C@H](CBr)c1cc(Br)no1,1,central,5096
pretrain,train,O[C@H](CCl)c1ccccc1,1,central,1275
pretrain,train,O[C@H](CNCc1ccccc1)COc1ccccc1,1,central,3170
pretrain,train,O[C@H](Cc1ccc(-c2ccccc2)cc1)C(Cl)(Cl)Cl,1,central,1916
pretrain,train,O[C@H](Cc1ccc2ccccc2c1)C(Cl)(Cl)Cl,1,central,1915
pretrain,train,O[C@H](Cc1ccccc1)c1c2ccccc2cc2ccccc12,1,central,4714
pretrain,train,O[C@H](Cc1ccccc1)c1ccccc1,1,central,3599
pretrain,train,O[C@H]([C]1[CH][CH][CH][CH]1)c1ccccc1.[CH]1[CH][CH][CH][CH]1.[Fe],1,central,-1
pretrain,train,O[C@H](c1c2ccccc2c(Br)c2ccccc12)C(F)(F)F,1,central,4580
pretrain,train,O[C@H](c1c2ccccc2c(Cc2ccccc2)c2ccccc12)C(F)(F)F,1,central,4577
pretrain,train,O[C@H](c1c2ccccc2cc2c(-c3ccccc3)cccc12)C(F)(F)F,1,central,4712
pretrain,train,O[C@H](c1c2ccccc2cc2c(Cl)cccc12)C(F)(F)F,1,central,4579
pretrain,train,O[C@H](c1c2ccccc2cc2cccc(-c3ccccc3)c12)C(F)(F)F,1,central,4711
pretrain,train,O[C@H](c1c2ccccc2cc2ccccc12)C(Cl)(Cl)C(F)(F)F,1,central,2754
pretrain,train,O[C@H](c1c2ccccc2cc2ccccc12)C(F)(C(F)(F)F)C(F)(F)F,1,central,2753
pretrain,train,O[C@H](c1c2ccccc2cc2ccccc12)C(F)(F)C(F)(F)C(F)(F)F,1,central,4573
pretrain,train,O[C@H](c1c2ccccc2cc2ccccc12)C(F)(F)C(F)(F)F,1,central,2755
pretrain,train,O[C@H](c1cc(-c2ccc(C(F)(F)F)cc2)nc(C(F)(F)F)c1)[C@H]1CCCCN1,1,central,58
pretrain,train,O[C@H](c1ccc2ccccc2c1)C(Cl)(Cl)Cl,1,central,4703
pretrain,train,O[C@H](c1ccc2ccccc2c1)C(F)(F)F,1,central,4705
pretrain,train,O[C@H](c1cccc2ccccc12)C(Cl)(Cl)Cl,1,central,4708
pretrain,train,O[C@H](c1cccc2ccccc12)C(F)(F)F,1,central,2181
pretrain,train,O[C@H](c1cccc2ccccc12)[C@@H](O)c1cccc2ccccc12,1,central,6356
pretrain,train,O[C@H](c1ccccc1)C(F)(F)F,1,central,2178
pretrain,train,O[C@H](c1ccccc1)C(c1ccccc1)(c1ccccc1)c1ccccc1,1,central,2298
pretrain,train,O[C@H](c1ccccc1)C1CC1,1,central,4701
pretrain,train,O[C@H](c1ccccc1)C1CCCCC1,1,central,4700
pretrain,train,O[C@H](c1ccccc1)c1c2ccccc2cc2ccccc12,1,central,3564
pretrain,train,O[C@H](c1ccccc1)c1ccc(Br)cc1,1,central,1311
pretrain,train,O[C@H](c1ccccc1)c1ccccn1,1,central,4745
pretrain,train,O[C@H]1C=C[C@H]2[C@@H]1[C@H]1C=C[C@@H]2C1,1,central,5574
pretrain,train,O[C@H]1C=Cc2c(ccc3ccccc23)[C@@H]1O,1,central,262
pretrain,train,O[C@H]1C=Cc2ccc3c(ccc4ccccc43)c2[C@@H]1O,1,central,265
pretrain,train,O[C@H]1C=Cc2ccc3cc4ccccc4cc3c2[C@@H]1O,1,central,268
pretrain,train,O[C@H]1C=Cc2ccc3ccccc3c2[C@@H]1O,1,central,271
pretrain,train,O[C@H]1CCCCCCCc2ccccc21,1,central,1399
pretrain,train,O[C@H]1CCCCCCc2ccccc21,1,central,1400
pretrain,train,O[C@H]1CCCC[C@]1(O)c1ccccc1,1,central,47
pretrain,train,O[C@H]1CCCc2cc3ccccc3cc21,1,central,5104
pretrain,train,O[C@H]1CCCc2ccc3c(ccc4ccccc43)c21,1,central,2818
pretrain,train,O[C@H]1CCCc2ccc3cc4ccccc4cc3c21,1,central,2821
pretrain,train,O[C@H]1CCCc2ccc3ccccc3c21,1,central,2823
pretrain,train,O[C@H]1CCCc2ccccc21,1,central,3034
pretrain,train,O[C@H]1CCc2c(ccc3c2ccc2ccccc23)[C@@H]1O,1,central,258
pretrain,train,O[C@H]1CCc2c(ccc3cc4ccccc4cc23)[C@@H]1O,1,central,259
pretrain,train,O[C@H]1CCc2c(ccc3ccccc23)[C@@H]1O,1,central,261
pretrain,train,O[C@H]1CCc2ccc3c(ccc4ccccc43)c2[C@@H]1O,1,central,264
pretrain,train,O[C@H]1CCc2ccc3cc4ccccc4cc3c2[C@@H]1O,1,central,267
pretrain,train,O[C@H]1CCc2ccc3ccccc3c2[C@@H]1O,1,central,270
pretrain,train,O[C@H]1CCc2ccccc21,1,central,3035
pretrain,train,O[C@H]1CCc2ccccc2C1,1,central,230
pretrain,train,O[C@H]1CCn2ccnc21,1,central,6124
pretrain,train,O[C@H]1Cc2ccccc2[C@H]1NC(=S)Nc1cc(C(F)(F)F)cc(C(F)(F)F)c1,1,central,6062
pretrain,train,O[C@H]1[C@@H](O)Cc2c(cc3ccc4cccc5ccc2c3c45)[C@@H]1O,1,central,841
pretrain,train,O[C@H]1[C@@H](O)Cc2cc3ccc4cccc5ccc(c2[C@@H]1O)c3c45,1,central,838
pretrain,train,O[C@H]1[C@H](O)Cc2c(cc3ccc4cccc5ccc2c3c45)[C@@H]1O,1,central,840
pretrain,train,O[C@H]1c2ccccc2-c2c(ccc3ccccc23)[C@@H]1O,1,central,286
pretrain,train,O[C@H]1c2ccccc2-c2cc3ccc4ccccc4c3cc2[C@@H]1O,1,central,273
pretrain,train,O[C@H]1c2ccccc2-c2ccccc2[C@@H]1O,1,central,642
pretrain,train,O[C@H]1c2ccccc2CC[C@@H]1Br,1,central,446
pretrain,train,O[C@H]1c2ccccc2CC[C@@H]1Cl,1,central,444
pretrain,train,O[C@H]1c2ccccc2CC[C@H]1Br,1,central,447
pretrain,train,O[C@H]1c2ccccc2CC[C@H]1Cl,1,central,445
pretrain,train,O[C@H]1c2ccccc2C[C@@H]1Br,1,central,452
pretrain,train,O[C@](CCN1CCCCC1)(c1ccccc1)C1CC2C=CC1C2,1,central,3684
pretrain,train,Oc1c(-c2c(-c3ccccc3)cc3ccc4ccccc4c3c2O)c(-c2ccccc2)cc2ccc3ccccc3c12,2,axial,6323
pretrain,train,Oc1c(-c2c(-c3ccccc3)cc3ccccc3c2O)c(-c2ccccc2)cc2ccccc12,2,axial,6303
pretrain,train,Oc1c(-c2c(F)c(F)c(F)c(F)c2F)cc2ccccc2c1-c1c(O)c(-c2c(F)c(F)c(F)c(F)c2F)cc2ccccc12,2,axial,6338
pretrain,train,Oc1c(-c2c(O)c3ccccc3c3ccccc23)c2ccccc2c2ccccc12,2,axial,1092
pretrain,train,Oc1c(-c2c3ccccc3cc3ccccc23)cc2c(c1-c1c(O)c(-c3c4ccccc4cc4ccccc34)cc3c1CCCC3)CCCC2,2,axial,6293
pretrain,train,Oc1c(-c2c3ccccc3cc3ccccc23)cc2ccccc2c1-c1c(O)c(-c2c3ccccc3cc3ccccc23)cc2ccccc12,2,axial,6298
pretrain,train,Oc1c(-c2cc(C(F)(F)F)cc(C(F)(F)F)c2)cc2c(c1-c1c(O)c(-c3cc(C(F)(F)F)cc(C(F)(F)F)c3)cc3c1CCCC3)CCCC2,2,axial,6301
pretrain,train,Oc1c(-c2cc(C(F)(F)F)cc(C(F)(F)F)c2)cc2ccccc2c1-c1c(O)c(-c2cc(C(F)(F)F)cc(C(F)(F)F)c2)cc2ccccc12,2,axial,6292
pretrain,train,Oc1c(-c2cc3ccccc3c3ccccc23)cc2c(c1-c1c(O)c(-c3cc4ccccc4c4ccccc34)cc3c1CCCC3)CCCC2,2,axial,6296
pretrain,train,Oc1c(-c2cc3ccccc3c3ccccc23)cc2ccccc2c1-c1c(O)c(-c2cc3ccccc3c3ccccc23)cc2ccccc12,2,axial,-1
pretrain,train,Oc1c(-c2ccc(-c3ccccc3)cc2)cc2ccccc2c1-c1c(O)c(-c2ccc(-c3ccccc3)cc2)cc2ccccc12,2,axial,6308
pretrain,train,Oc1c(-c2ccc(C(F)(F)F)cc2)cc2c(c1-c1c(O)c(-c3ccc(C(F)(F)F)cc3)cc3c1CCCC3)CCCC2,2,axial,6316
pretrain,train,Oc1c(-c2ccc(C(F)(F)F)cc2)cc2ccccc2c1-c1c(O)c(-c2ccc(C(F)(F)F)cc2)cc2ccccc12,2,axial,6315
pretrain,train,Oc1c(-c2ccc3ccccc3c2)cc2c(c1-c1c(O)c(-c3ccc4ccccc4c3)cc3c1CCCC3)CCCC2,2,axial,6324
pretrain,train,Oc1c(-c2ccc3ccccc3c2)cc2ccccc2c1-c1c(O)c(-c2ccc3ccccc3c2)cc2ccccc12,2,axial,6307
pretrain,train,Oc1c(-c2cccc3ccccc23)cc2c(c1-c1c(O)c(-c3cccc4ccccc34)cc3c1CCCC3)CCCC2,2,axial,6325
pretrain,train,Oc1c(-c2cccc3ccccc23)cc2ccccc2c1-c1c(O)c(-c2cccc3ccccc23)cc2ccccc12,2,axial,6302
pretrain,train,Oc1c(-c2ccccc2)cc2c(c1-c1c(O)c(-c3ccccc3)cc3c1CCCC3)CCCC2,2,axial,6294
pretrain,train,Oc1c(-c2ccccc2)cc2ccccc2c1-c1c(O)c(-c2ccccc2)cc2ccccc12,2,axial,1119
pretrain,train,Oc1c(Br)cc2c(c1-c1c(O)c(Br)cc3c1CCCC3)CCCC2,2,axial,6326
pretrain,train,Oc1c(Br)cc2ccccc2c1-c1c(O)c(Br)cc2ccccc12,2,axial,6328
pretrain,train,Oc1c(I)cc2ccccc2c1-c1c(O)c(I)cc2ccccc12,2,axial,-1
pretrain,train,Oc1c(P(c2ccccc2)c2ccccc2)cc2ccccc2c1-c1c(O)c(P(c2ccccc2)c2ccccc2)cc2ccccc12,2,axial,7021
pretrain,train,Oc1c([Si](c2ccccc2)(c2ccccc2)c2ccccc2)cc2ccccc2c1-c1c(O)c([Si](c2ccccc2)(c2ccccc2)c2ccccc2)cc2ccccc12,2,axial,6336
pretrain,train,Oc1c2c(c3ccccc3c1-c1c(O)c3c(c4ccccc14)CCCC3)CCCC2,2,axial,1096
pretrain,train,Oc1cc(O)c2c(c1)O[C@@H](c1ccc(O)c(O)c1)[C@@H](O)C2,1,central,324
pretrain,train,Oc1cc(O)c2c(c1)O[C@H](c1ccc(O)c(O)c1)[C@@H](O)C2,1,central,637
pretrain,train,Oc1cc2c(cc1Br)CCNC[C@H]2c1ccccc1,1,central,2364
pretrain,train,Oc1cc2c(cc1Cl)CCNC[C@H]2c1ccccc1,1,central,2362
pretrain,train,Oc1cc2c(cc1O)[C@H](c1ccccc1)CNCC2,1,central,2365
pretrain,train,Oc1ccc(/C=N/C[C@H](O)c2ccccc2)c(O)c1,1,central,1660
pretrain,train,Oc1ccc([C@@H](O)C/N=C/c2ccccc2O)cc1O,1,central,2283
pretrain,train,Oc1ccc([C@@H]2CNCCc3c2cc(O)c(O)c3Cl)cc1,1,central,3315
pretrain,train,Oc1ccc2c(c1)OC[C@@H]1c3cc4c(cc3O[C@H]21)OCO4,1,central,381
pretrain,train,Oc1ccc2c(c1)OC[C@@H]1c3ccccc3O[C@H]21,1,central,384
pretrain,train,Oc1ccc2c(c1)[C@@]13CCCC[C@@]1(O)[C@@H](C2)N(CC1CCC1)CC3,1,central,943
pretrain,train,Oc1ccc2c(c1-c1c(O)ccc3c1CCCC3)CCCC2,2,axial,6314
pretrain,train,Oc1ccc2cc(Br)ccc2c1-c1c(O)ccc2cc(Br)ccc12,2,axial,1118
pretrain,train,Oc1ccc2ccc3ccccc3c2c1-c1c(O)ccc2ccc3ccccc3c12,2,axial,1095
pretrain,train,Oc1ccc2ccccc2c1-c1c(O)c(COCc2cc3ccccc3c(-c3c(O)ccc4ccccc34)c2O)cc2ccccc12,2,axial,6319
pretrain,train,Oc1ccc2ccccc2c1-c1c(O)ccc2ccccc12,2,axial,988
pretrain,train,Oc1ccc2ccccc2c1-c1cccc2ccccc12,2,axial,1097
pretrain,train,Oc1cccc2c1-c1c(O)cccc1N=C(c1ccccc1)C(c1ccccc1)=N2,2,axial,-1
pretrain,train,Oc1cccc2c1C1(CC2)CCc2cccc(O)c21,2,axial,6311
pretrain,train,Oc1ccccc1/C(=N/C[C@H](O)c1ccccc1)c1ccccc1,1,central,1655
pretrain,train,Oc1ccccc1/C=N/C[C@@H](O)c1ccccc1,1,central,1656
pretrain,train,Oc1ccccc1C1=N[C@@H](Cc2ccccc2)CO1,1,central,6886
pretrain,train,Oc1ccccc1C1=N[C@@H](c2ccccc2)CO1,1,central,-1
pretrain,train,Oc1ccccc1C1=N[C@@H](c2ccccc2)[C@@H](c2ccccc2)O1,1,central,6888
pretrain,train,Oc1ccccc1C1=N[C@@H]2c3ccccc3C[C@@H]2O1,2,axial,6890
pretrain,train,Oc1ccccc1C1=N[C@H](Cc2ccccc2)CO1,1,central,6889
pretrain,train,Oc1ccccc1C1=N[C@H](c2ccccc2)CO1,1,central,6883
pretrain,train,Oc1ccccc1C1=N[C@H]2c3ccccc3C[C@H]2O1,2,axial,6887
pretrain,train,Oc1ccccc1[C@@H](O)c1ccccc1,1,central,4744
pretrain,train,S=C1O[C@@H](c2cccc3ccccc23)c2ccccc21,1,central,2987
pretrain,train,S=C1O[C@H](c2ccc3ccccc3c2)c2ccccc21,1,central,2984
pretrain,train,Sc1ccc2ccccc2c1-c1c(S)ccc2ccccc12,2,axial,1032
pretrain,train,[BH3-][P@+](C)(CCCC)c1ccccc1,1,central,3225
pretrain,train,[BH3-][P@@+](C)(c1ccccc1)c1ccc2ccccc2c1,1,central,3226
pretrain,train,[BH3-][P@@+](C)(c1ccccc1)c1ccccc1OC,1,central,3227
pretrain,train,[Br-].c1ccc(-c2cc(-c3ccccc3)cc(-c3cc4ccccc4c4c3C[N+]3(Cc5ccc6ccccc6c5-c5c(ccc6ccccc56)C3)Cc3c(-c5cc(-c6ccccc6)cc(-c6ccccc6)c5)cc5ccccc5c3-4)c2)cc1,2,axial,-1
pretrain,train,[CH](C1=N[C@@H](c2ccccc2)CO1)c1[nH]c([CH]C2=N[C@@H](c3ccccc3)CO2)c2ccccc12,1,central,6784
pretrain,train,[CH](C1=N[C@H](Cc2ccccc2)CO1)c1[nH]c([CH]C2=N[C@H](Cc3ccccc3)CO2)c2ccccc12,1,central,6785
pretrain,train,[N-]=[N+]=C(C(=O)C[C@H]1CC(=O)N1)C(=O)OCc1ccccc1,1,central,1943
pretrain,train,[N-]=[N+]=NC[C@H](CCc1ccc(Br)cc1)COC(=O)Nc1cccc2ccccc12,1,central,4988
pretrain,train,[O]P1(c2ccccc2)(c2ccccc2)c2ccc3ccccc3c2-c2c(ccc3ccccc23)P1([O])(c1ccccc1)c1ccccc1,2,axial,7025
pretrain,train,c1cc(C2=N[C@@H](C3CCCCC3)CO2)nc(C2=N[C@@H](C3CCCCC3)CO2)c1,1,central,6852
pretrain,train,c1cc(C2=N[C@@H]3c4ccccc4C[C@@H]3O2)cc(C2=N[C@@H]3c4ccccc4C[C@@H]3O2)c1,2,axial,6804
pretrain,train,c1cc(C2=N[C@@H]3c4ccccc4C[C@@H]3O2)nc(C2=N[C@@H]3c4ccccc4C[C@@H]3O2)c1,2,axial,6856
pretrain,train,c1cc(C2=N[C@H](C3CCCCC3)CO2)nc(C2=N[C@H](C3CCCCC3)CO2)c1,1,central,6851
pretrain,train,c1cc(C2=N[C@H]3c4ccccc4C[C@H]3O2)cc(C2=N[C@H]3c4ccccc4C[C@H]3O2)c1,2,axial,6805
pretrain,train,c1cc(C2=N[C@H]3c4ccccc4C[C@H]3O2)nc(C2=N[C@H]3c4ccccc4C[C@H]3O2)c1,2,axial,6855
pretrain,train,c1cc([C@H]2CCCN2)ccn1,1,central,3838
pretrain,train,c1cc2c(c3c1CCCC3)-c1c(ccc3c1CCCC3)OCCOCCOCCOCCO2,2,axial,1066
pretrain,train,c1cc2c(c3c1C[C@@H]1c4cc5c(cc4CCN1C3)OCO5)OCO2,1,central,2601
pretrain,train,c1cc2c(ccc3sc4ccc5sc6ccc7sc8ccc9sc%10ccc%11sc%12ccc%13sc%14ccc%15sccc%15c%14c%13c%12c%11c%10c9c8c7c6c5c4c32)s1,3,helical,5510
pretrain,train,c1cc2c(ccc3sc4ccc5sc6ccc7sc8ccc9sc%10ccc%11sc%12ccc%13sccc%13c%12c%11c%10c9c8c7c6c5c4c32)s1,3,helical,5511
pretrain,train,c1cc2c(ccc3sc4ccc5sc6ccc7sc8ccc9sc%10ccc%11sccc%11c%10c9c8c7c6c5c4c32)s1,3,helical,5512
pretrain,train,c1cc2c(ccc3sc4ccc5sc6ccc7sc8ccc9sccc9c8c7c6c5c4c32)s1,3,helical,5513
pretrain,train,c1cc2c(ccc3sc4ccc5sccc5c4c32)s1,3,helical,5508
pretrain,train,c1cc2c3c(c1)OP(N(C1CCCCC1)C1CCCCC1)Oc1cccc4c1C3(CC2)CC4,2,axial,5834
pretrain,train,c1cc2cc(c1)-c1ccccc1-c1cccc(c1)CC2,4,planar,5630
pretrain,train,c1cc2cc(c1)-c1cscc1-c1cccc(c1)CC2,4,planar,5629
pretrain,train,c1cc2cc(c1)-c1nc3ccccc3nc1-c1cccc(c1)CC2,4,planar,5628
pretrain,train,c1cc2cc(c1)CSc1cc(cc3ccccc13)SC2,4,planar,5633
pretrain,train,c1cc2cc(c1)CSc1cccc(c1)OC2,4,planar,5632
pretrain,train,c1cc2cc3ccc2cc1CCc1ccc2cc(ccc2c1)CC3,4,planar,5623
pretrain,train,c1cc2ccc1CCCCCc1ccc(cc1)O[C@@H]1CC[C@H]1O2,1,central,75
pretrain,train,c1cc2ccc3cc2cc1CCc1ccc2ccc(cc2c1)OC3,4,planar,5624
pretrain,train,c1cc2ccc3ccc4ccc5ccc6cc5c4c3c2cc1COCCOCCOCCOCCOCCOC6,3,helical,5518
pretrain,train,c1cc2ccc3ccc4ccc5ccc6ccc7cc6c5c4c3c2cc1COCCOCCOCCOCCOCCOC7,3,helical,5517
pretrain,train,c1cc2op(N3CCCC3)oc3ccc4c(c3c2c2c1CCCC2)CCCC4,2,axial,5825
pretrain,train,c1cc2op(N3CCCCC3)oc3ccc4c(c3c2c2c1CCCC2)CCCC4,2,axial,5826
pretrain,train,c1ccc(-c2cccc(C3=N[C@@H](c4ccccc4)CO3)n2)cc1,1,central,6445
pretrain,train,c1ccc(-c2cccc(C3=N[C@@H](c4ccccc4)[C@@H](c4ccccc4)O3)n2)cc1,1,central,6451
pretrain,train,c1ccc(-c2cccc(C3=N[C@@H](c4ccccc4)[C@H](c4ccccc4)O3)n2)cc1,1,central,6452
pretrain,train,c1ccc(-c2cccc(C3=N[C@@H]4c5ccccc5C[C@@H]4O3)n2)cc1,2,axial,6448
pretrain,train,c1ccc(-c2cccc(C3=N[C@@H]4c5ccccc5C[C@@H]4O3)n2)nc1,2,axial,6539
pretrain,train,c1ccc(-c2cccc(C3=N[C@H](c4ccccc4)CO3)n2)cc1,1,central,6444
pretrain,train,c1ccc(-c2cccc(C3=N[C@H](c4ccccc4)[C@@H](c4ccccc4)O3)n2)cc1,1,central,6453
pretrain,train,c1ccc(-c2cccc(C3=N[C@H](c4ccccc4)[C@H](c4ccccc4)O3)n2)cc1,1,central,6450
pretrain,train,c1ccc(-c2cccc(C3=N[C@H]4c5ccccc5C[C@H]4O3)n2)cc1,2,axial,6449
pretrain,train,c1ccc(-c2cccc(C3=N[C@H]4c5ccccc5C[C@H]4O3)n2)nc1,2,axial,6538
pretrain,train,c1ccc(B2OC(c3ccccc3)(c3ccccc3)[C@@H]3CCCN23)cc1,1,central,6140
pretrain,train,c1ccc(B2OC(c3ccccc3)(c3ccccc3)[C@H]3CCCN23)cc1,1,central,-1
pretrain,train,c1ccc(C(c2ccccc2)[C@@H]2CCCN2)cc1,1,central,5959
pretrain,train,c1ccc(C(c2ccccc2)[C@H]2CCCN2)cc1,1,central,5963
pretrain,train,c1ccc(C(c2ccccc2)c2cccc(C3=N[C@@H](c4ccccc4)CO3)n2)cc1,1,central,6459
pretrain,train,c1ccc(C(c2ccccc2)c2cccc(C3=N[C@@H](c4ccccc4)[C@@H](c4ccccc4)O3)n2)cc1,1,central,6465
pretrain,train,c1ccc(C(c2ccccc2)c2cccc(C3=N[C@@H]4c5ccccc5C[C@@H]4O3)n2)cc1,2,axial,6462
pretrain,train,c1ccc(C(c2ccccc2)c2cccc(C3=N[C@H](c4ccccc4)CO3)n2)cc1,1,central,6458
pretrain,train,c1ccc(C(c2ccccc2)c2cccc(C3=N[C@H](c4ccccc4)[C@H](c4ccccc4)O3)n2)cc1,1,central,6464
pretrain,train,c1ccc(C(c2ccccc2)c2cccc(C3=N[C@H]4c5ccccc5C[C@H]4O3)n2)cc1,2,axial,6463
pretrain,train,c1ccc(C2(c3ccccc3)O[C@@H](c3cccc([C@@H]4OC(c5ccccc5)(c5ccccc5)[C@@H]5CCCN54)n3)N3CCC[C@H]32)cc1,2,axial,6286
pretrain,train,c1ccc(C23OC[C@H](Cn4c2nc2ccccc24)O3)cc1,1,central,677
pretrain,train,c1ccc(C2=N[C@@H](C3CCCCC3)CO2)nc1,1,central,6372
pretrain,train,c1ccc(C2=N[C@@H]3c4ccccc4C[C@@H]3O2)nc1,2,axial,6369
pretrain,train,c1ccc(C2=N[C@H](C3CCCCC3)CO2)nc1,1,central,6371
pretrain,train,c1ccc(C2=N[C@H]3c4ccccc4C[C@H]3O2)nc1,2,axial,6370
pretrain,train,c1ccc(C2=Nc3cccc(P(c4ccccc4)c4ccccc4)c3-c3c(cccc3P(c3ccccc3)c3ccccc3)N=C2c2ccccc2)cc1,2,axial,5796
pretrain,train,c1ccc(C2COC(CC3=NC(c4ccccc4)CO3)=N2)cc1,1,central,-1
pretrain,train,c1ccc(CC(Cc2ccccc2)(C2=N[C@@H](c3ccccc3)CO2)C2=N[C@@H](c3ccccc3)CO2)cc1,1,central,6727
pretrain,train,c1ccc(CC(Cc2ccccc2)(C2=N[C@@H](c3ccccc3)[C@@H](c3ccccc3)O2)C2=N[C@@H](c3ccccc3)[C@@H](c3ccccc3)O2)cc1,1,central,6732
pretrain,train,c1ccc(CC(Cc2ccccc2)(C2=N[C@@H]3c4ccccc4C[C@@H]3O2)C2=N[C@@H]3c4ccccc4C[C@@H]3O2)cc1,2,axial,6730
pretrain,train,c1ccc(CC(Cc2ccccc2)(C2=N[C@H](c3ccccc3)CO2)C2=N[C@H](c3ccccc3)CO2)cc1,1,central,6726
pretrain,train,c1ccc(CC(Cc2ccccc2)(C2=N[C@H](c3ccccc3)[C@H](c3ccccc3)O2)C2=N[C@H](c3ccccc3)[C@H](c3ccccc3)O2)cc1,1,central,6733
pretrain,train,c1ccc(CC(Cc2ccccc2)(C2=N[C@H]3c4ccccc4C[C@H]3O2)C2=N[C@H]3c4ccccc4C[C@H]3O2)cc1,2,axial,6731
pretrain,train,c1ccc(CN2CCC[C@H]2c2ccccc2)cc1,1,central,5490
pretrain,train,c1ccc(CN2CCC[C@H]2c2cccnc2)cc1,1,central,3176
pretrain,train,c1ccc(CN2CCOCCOc3ccc4ccccc4c3-c3c(ccc4ccccc34)OCCOCC2)cc1,2,axial,1067
pretrain,train,c1ccc(CN2C[C@@H](P(c3ccccc3)c3ccccc3)[C@H](P(c3ccccc3)c3ccccc3)C2)cc1,1,central,7027
pretrain,train,c1ccc(CN2[C@@H](c3cccc([C@@H]4N[C@@H](c5ccccc5)[C@H](c5ccccc5)N4Cc4ccccc4)n3)N[C@@H](c3ccccc3)[C@@H]2c2ccccc2)cc1,1,central,6291
pretrain,train,c1ccc(CN[C@@H]2CCCC[C@H]2NCc2ccccc2)cc1,1,central,6198
pretrain,train,c1ccc(CN[C@H](c2ccccc2)[C@@H](NCc2ccccc2)c2ccccc2)cc1,1,central,6194
pretrain,train,c1ccc(CN[C@H](c2ccccc2)[C@H](NCc2ccccc2)c2ccccc2)cc1,1,central,6168
pretrain,train,c1ccc(CN[C@H]2CCCC[C@@H]2NCc2ccccc2)cc1,1,central,6254
pretrain,train,c1ccc(COC[C@H]2CO2)cc1,1,central,3067
pretrain,train,c1ccc(CO[C@@H]2CCn3ccnc32)cc1,1,central,6128
pretrain,train,c1ccc(CO[C@H]2CCn3ccnc32)cc1,1,central,6130
pretrain,train,c1ccc(COc2cc(OCc3ccccc3)c3c(ccc4c5ccccc5c5ccccc5c43)c2)cc1,3,helical,5526
pretrain,train,c1ccc(COc2cc(OCc3ccccc3)c3c(ccc4ccc5ccccc5c43)c2)cc1,3,helical,5527
pretrain,train,c1ccc(C[C@@H]2CN3C(=N2)Sc2ccccc23)cc1,1,central,-1
pretrain,train,c1ccc(C[C@@H]2COC(C(Cc3ccc([C@]45C[C@H]6C[C@H](C[C@H](C6)C4)C5)cc3)(Cc3ccc([C@]45C[C@H]6C[C@H](C[C@H](C6)C4)C5)cc3)C3=N[C@H](Cc4ccccc4)CO3)=N2)cc1,1,central,6828
pretrain,train,c1ccc(C[C@@H]2COC(C(Cc3ccc4ccccc4n3)(Cc3ccc4ccccc4n3)C3=N[C@H](Cc4ccccc4)CO3)=N2)cc1,1,central,6835
pretrain,train,c1ccc(C[C@@H]2COC(C(Cc3ccccc3)(Cc3ccccc3)C3=N[C@H](Cc4ccccc4)CO3)=N2)cc1,1,central,6728
pretrain,train,c1ccc(C[C@@H]2COC(C3(C4=N[C@H](Cc5ccccc5)CO4)CC3)=N2)cc1,1,central,6659
pretrain,train,c1ccc(C[C@@H]2COC(C3(C4=N[C@H](Cc5ccccc5)CO4)CCCC3)=N2)cc1,1,central,6639
pretrain,train,c1ccc(C[C@@H]2COC(C3(C4=N[C@H](Cc5ccccc5)CO4)CCCCCC3)=N2)cc1,1,central,6618
pretrain,train,c1ccc(C[C@@H]2COC(C3=N[C@H](Cc4ccccc4)CO3)=N2)cc1,1,central,6671
pretrain,train,c1ccc(C[C@@H]2COC(CC3=N[C@H](Cc4ccccc4)CO3)=N2)cc1,1,central,6687
pretrain,train,c1ccc(C[C@@H]2COC([C@@H]3CCCCN3P(c3ccccc3)c3ccccc3)=N2)cc1,1,central,6594
pretrain,train,c1ccc(C[C@@H]2COC([C@@H]3CCCC[C@H]3C3=N[C@H](Cc4ccccc4)CO3)=N2)cc1,1,central,6813
pretrain,train,c1ccc(C[C@@H]2COC([C@H]3CCCCN3P(c3ccccc3)c3ccccc3)=N2)cc1,1,central,6592
pretrain,train,c1ccc(C[C@@H]2COC(c3cc4ccccc4s3)=N2)cc1,1,central,6611
pretrain,train,c1ccc(C[C@@H]2COC(c3ccc4ccccc4n3)=N2)cc1,1,central,6476
pretrain,train,c1ccc(C[C@@H]2COC(c3ccc4cccnc4n3)=N2)cc1,1,central,6523
pretrain,train,c1ccc(C[C@@H]2COC(c3cccc(-c4cccc(C5=N[C@H](Cc6ccccc6)CO5)n4)n3)=N2)cc1,1,central,6816
pretrain,train,c1ccc(C[C@@H]2COC(c3cccc(-c4ccccc4)n3)=N2)cc1,1,central,6446
pretrain,train,c1ccc(C[C@@H]2COC(c3cccc(-c4ccccn4)n3)=N2)cc1,1,central,6536
pretrain,train,c1ccc(C[C@@H]2COC(c3cccc(C(c4ccccc4)c4ccccc4)n3)=N2)cc1,1,central,6460
pretrain,train,c1ccc(C[C@@H]2COC(c3cccc(C4=N[C@H](Cc5ccccc5)CO4)c3)=N2)cc1,1,central,6806
pretrain,train,c1ccc(C[C@@H]2COC(c3cccc(C4=N[C@H](Cc5ccccc5)CO4)n3)=N2)cc1,1,central,6853
pretrain,train,c1ccc(C[C@@H]2COC(c3cccc4c3oc3c(C5=N[C@H](Cc6ccccc6)CO5)cccc34)=N2)cc1,1,central,6791
pretrain,train,c1ccc(C[C@@H]2COC(c3cccc4cccnc34)=N2)cc1,1,central,6500
pretrain,train,c1ccc(C[C@@H]2COC(c3ccccc3P(c3ccccc3)c3ccccc3)=N2)cc1,1,central,6567
pretrain,train,c1ccc(C[C@@H]2COC(c3ccccn3)=N2)cc1,1,central,6363
pretrain,train,c1ccc(C[C@@H]2COC(c3nccc4ccccc34)=N2)cc1,1,central,6490
pretrain,train,c1ccc(C[C@@H]2COC(c3ncccn3)=N2)cc1,1,central,6508
pretrain,train,c1ccc(C[C@H](C[C@@H](Cc2ccccc2)c2ccccc2)c2ccccc2)cc1,1,central,330
pretrain,train,c1ccc(C[C@H]2CN3C(=N2)Sc2ccccc23)cc1,1,central,-1
pretrain,train,c1ccc(C[C@H]2CN3C[C@H](Cc4ccccc4)NC3=N2)cc1,1,central,-1
pretrain,train,c1ccc(C[C@H]2COC(C(Cc3ccc([C@]45C[C@H]6C[C@H](C[C@H](C6)C4)C5)cc3)(Cc3ccc([C@]45C[C@H]6C[C@H](C[C@H](C6)C4)C5)cc3)C3=N[C@@H](Cc4ccccc4)CO3)=N2)cc1,1,central,6829
pretrain,train,c1ccc(C[C@H]2COC(C(Cc3ccc4ccccc4n3)(Cc3ccc4ccccc4n3)C3=N[C@@H](Cc4ccccc4)CO3)=N2)cc1,1,central,6836
pretrain,train,c1ccc(C[C@H]2COC(C(Cc3ccccc3)(Cc3ccccc3)C3=N[C@@H](Cc4ccccc4)CO3)=N2)cc1,1,central,6729
pretrain,train,c1ccc(C[C@H]2COC(C3(C4=N[C@@H](Cc5ccccc5)CO4)CCC3)=N2)cc1,1,central,6648
pretrain,train,c1ccc(C[C@H]2COC(C3(C4=N[C@@H](Cc5ccccc5)CO4)CCCC3)=N2)cc1,1,central,6638
pretrain,train,c1ccc(C[C@H]2COC(C3(C4=N[C@@H](Cc5ccccc5)CO4)CCCCC3)=N2)cc1,1,central,6628
pretrain,train,c1ccc(C[C@H]2COC(C3(C4=N[C@@H](Cc5ccccc5)CO4)CCCCCC3)=N2)cc1,1,central,6617
pretrain,train,c1ccc(C[C@H]2COC(C3(C4=N[C@@H](Cc5ccccc5)CO4)Cc4ccccc4C3)=N2)cc1,1,central,6771
pretrain,train,c1ccc(C[C@H]2COC(C3=N[C@@H](Cc4ccccc4)CO3)=N2)cc1,1,central,6672
pretrain,train,c1ccc(C[C@H]2COC(CC3=N[C@@H](Cc4ccccc4)CO3)=N2)cc1,1,central,6686
pretrain,train,c1ccc(C[C@H]2COC(Cc3ccccn3)=N2)cc1,1,central,6469
pretrain,train,c1ccc(C[C@H]2COC([C@@H]3CCCCN3P(c3ccccc3)c3ccccc3)=N2)cc1,1,central,6593
pretrain,train,c1ccc(C[C@H]2COC([C@@H]3CCCC[C@H]3C3=N[C@@H](Cc4ccccc4)CO3)=N2)cc1,1,central,6814
pretrain,train,c1ccc(C[C@H]2COC([C@H]3CCCCN3P(c3ccccc3)c3ccccc3)=N2)cc1,1,central,6595
pretrain,train,c1ccc(C[C@H]2COC(c3cc4ccccc4s3)=N2)cc1,1,central,6612
pretrain,train,c1ccc(C[C@H]2COC(c3ccc4ccccc4n3)=N2)cc1,1,central,6477
pretrain,train,c1ccc(C[C@H]2COC(c3ccc4cccnc4n3)=N2)cc1,1,central,6524
pretrain,train,c1ccc(C[C@H]2COC(c3cccc(-c4cccc(C5=N[C@@H](Cc6ccccc6)CO5)n4)n3)=N2)cc1,1,central,6817
pretrain,train,c1ccc(C[C@H]2COC(c3cccc(-c4ccccc4)n3)=N2)cc1,1,central,6447
pretrain,train,c1ccc(C[C@H]2COC(c3cccc(-c4ccccn4)n3)=N2)cc1,1,central,6537
pretrain,train,c1ccc(C[C@H]2COC(c3cccc(C(c4ccccc4)c4ccccc4)n3)=N2)cc1,1,central,6461
pretrain,train,c1ccc(C[C@H]2COC(c3cccc(C4=N[C@@H](Cc5ccccc5)CO4)c3)=N2)cc1,1,central,6807
pretrain,train,c1ccc(C[C@H]2COC(c3cccc(C4=N[C@@H](Cc5ccccc5)CO4)n3)=N2)cc1,1,central,6854
pretrain,train,c1ccc(C[C@H]2COC(c3cccc4c3[C@]3(CC4)CCc4cccc(P(c5ccccc5)c5ccccc5)c43)=N2)cc1,2,axial,6874
pretrain,train,c1ccc(C[C@H]2COC(c3cccc4c3oc3c(C5=N[C@@H](Cc6ccccc6)CO5)cccc34)=N2)cc1,1,central,6792
pretrain,train,c1ccc(C[C@H]2COC(c3cccc4cccnc34)=N2)cc1,1,central,6501
pretrain,train,c1ccc(C[C@H]2COC(c3ccccc3P(c3ccccc3)c3ccccc3)=N2)cc1,1,central,6568
pretrain,train,c1ccc(C[C@H]2COC(c3ccccc3P(c3ccccc3)c3ccccc3C3=N[C@@H](Cc4ccccc4)CO3)=N2)cc1,1,central,6824
pretrain,train,c1ccc(C[C@H]2COC(c3ccccn3)=N2)cc1,1,central,6364
pretrain,train,c1ccc(C[C@H]2COC(c3cccs3)=N2)cc1,1,central,6604
pretrain,train,c1ccc(C[C@H]2COC(c3cnccn3)=N2)cc1,1,central,6516
pretrain,train,c1ccc(C[C@H]2COC(c3nccc4ccccc34)=N2)cc1,1,central,6491
pretrain,train,c1ccc(C[C@H]2COC(c3ncccn3)=N2)cc1,1,central,6509
pretrain,train,c1ccc(NC[C@@H]2CCCN2)cc1,1,central,5930
pretrain,train,c1ccc(OC[C@H]2CCCN2)cc1,1,central,5987
pretrain,train,c1ccc(O[C@@H]2CC[C@H]2Oc2ccccc2)cc1,1,central,79
pretrain,train,c1ccc(Op2oc3ccc4ccccc4c3c3c(ccc4ccccc43)o2)cc1,2,axial,6974
pretrain,train,c1ccc(P(C[C@H]2CCCN2)c2ccccc2)cc1,1,central,6996
pretrain,train,c1ccc(P(c2ccccc2)[C@@H](C[C@@H](C2CCCCC2)P(c2ccccc2)c2ccccc2)C2CCCCC2)cc1,1,central,7020
pretrain,train,c1ccc(P(c2ccccc2)[C@H]2CCC[C@H]2[C@@H]2CCC[C@@H]2P(c2ccccc2)c2ccccc2)cc1,2,axial,5707
pretrain,train,c1ccc(P(c2ccccc2)c2ccc3c(c2-c2c(P(c4ccccc4)c4ccccc4)ccc4c2CCCC4)CCCC3)cc1,2,axial,6966
pretrain,train,c1ccc(P(c2ccccc2)c2ccc3c(c2-c2c(P(c4ccccc4)c4ccccc4)ccc4c2OCCO4)OCCO3)cc1,2,axial,6998
pretrain,train,c1ccc(P(c2ccccc2)c2ccc3c(c2-c2c(P(c4ccccc4)c4ccccc4)ccc4c2OCO4)OCO3)cc1,2,axial,6979
pretrain,train,c1ccc(P(c2ccccc2)c2ccc3ccccc3c2-c2c(P(c3ccccc3)c3ccccc3)ccc3ccccc23)cc1,2,axial,5790
pretrain,train,c1ccc(P(c2ccccc2)c2cccc3c2-c2c(cccc2P(c2ccccc2)c2ccccc2)OCCCCCCO3)cc1,2,axial,5788
pretrain,train,c1ccc(P(c2ccccc2)c2cccc3c2-c2c(cccc2P(c2ccccc2)c2ccccc2)OCO3)cc1,2,axial,7001
pretrain,train,c1ccc(P(c2ccccc2)c2cccc3c2C2(CC3)CCc3cccc(P(c4ccccc4)c4ccccc4)c32)cc1,2,axial,7003
pretrain,train,c1ccc(P(c2ccccc2)c2ccccc2C2=N[C@@H](C3CCCCC3)CO2)cc1,1,central,6566
pretrain,train,c1ccc(P(c2ccccc2)c2ccccc2C2=N[C@H](C3CCCCC3)CO2)cc1,1,central,6565
pretrain,train,c1ccc(P(c2ccccc2)c2ccccc2C2=N[C@H]3c4ccccc4C[C@H]3O2)cc1,2,axial,6569
pretrain,train,c1ccc(P(c2ccccc2)c2ccccc2CN[C@@H]2CCCC[C@H]2NCc2ccccc2P(c2ccccc2)c2ccccc2)cc1,1,central,6199
pretrain,train,c1ccc(P(c2ccccc2)c2ccccc2CN[C@H]2CCCC[C@@H]2NCc2ccccc2P(c2ccccc2)c2ccccc2)cc1,1,central,6238
pretrain,train,c1ccc(P2Cc3ccc4ccccc4c3-c3c(ccc4ccccc34)C2)c(P2Cc3ccc4ccccc4c3-c3c(ccc4ccccc34)C2)c1,2,axial,5854
pretrain,train,c1ccc([C@@H](CC2=NCCN2)c2ccccn2)cc1,1,central,2617
pretrain,train,c1ccc([C@@H](NCc2cccc3ccccc23)[C@@H](NCc2cccc3ccccc23)c2ccccc2)cc1,1,central,6171
pretrain,train,c1ccc([C@@H]2CCCOC2)cc1,1,central,5443
pretrain,train,c1ccc([C@@H]2CCN3C(=N2)Sc2ccccc23)cc1,1,central,6033
pretrain,train,c1ccc([C@@H]2CC[C@@H](c3ccccc3)N2p2oc3ccc4ccccc4c3c3c(ccc4ccccc43)o2)cc1,2,axial,5817
pretrain,train,c1ccc([C@@H]2CC[C@@H](c3ccccc3)P2CCP2[C@H](c3ccccc3)CC[C@H]2c2ccccc2)cc1,1,central,5705
pretrain,train,c1ccc([C@@H]2CN3C(=N2)Sc2ccccc23)cc1,1,central,-1
pretrain,train,c1ccc([C@@H]2CN3CCSC3=N2)cc1,1,central,1318
pretrain,train,c1ccc([C@@H]2CO2)cc1,1,central,3327
pretrain,train,c1ccc([C@@H]2COC(C(Cc3ccc([C@]45C[C@H]6C[C@H](C[C@H](C6)C4)C5)cc3)(Cc3ccc([C@]45C[C@H]6C[C@H](C[C@H](C6)C4)C5)cc3)C3=N[C@H](c4ccccc4)CO3)=N2)cc1,1,central,6826
pretrain,train,c1ccc([C@@H]2COC(C3(C4=N[C@H](c5ccccc5)CO4)CC3)=N2)cc1,1,central,6660
pretrain,train,c1ccc([C@@H]2COC(C3(C4=N[C@H](c5ccccc5)CO4)CCC3)=N2)cc1,1,central,6650
pretrain,train,c1ccc([C@@H]2COC(C3(C4=N[C@H](c5ccccc5)CO4)CCCC3)=N2)cc1,1,central,6641
pretrain,train,c1ccc([C@@H]2COC(C3(C4=N[C@H](c5ccccc5)CO4)CCCCC3)=N2)cc1,1,central,6630
pretrain,train,c1ccc([C@@H]2COC(C3(C4=N[C@H](c5ccccc5)CO4)CCCCCC3)=N2)cc1,1,central,6620
pretrain,train,c1ccc([C@@H]2COC(C3(C4=N[C@H](c5ccccc5)CO4)Cc4ccccc4C3)=N2)cc1,1,central,6769
pretrain,train,c1ccc([C@@H]2COC(CC3=N[C@H](c4ccccc4)CO3)=N2)cc1,1,central,6684
pretrain,train,c1ccc([C@@H]2COC(Cc3ccccn3)=N2)cc1,1,central,6467
pretrain,train,c1ccc([C@@H]2COC([C@@H]3CCCCN3P(c3ccccc3)c3ccccc3)=N2)cc1,1,central,6590
pretrain,train,c1ccc([C@@H]2COC([C@@H]3CCCC[C@H]3C3=N[C@H](c4ccccc4)CO3)=N2)cc1,1,central,6811
pretrain,train,c1ccc([C@@H]2COC([C@H]3CCCCN3P(c3ccccc3)c3ccccc3)=N2)cc1,1,central,6588
pretrain,train,c1ccc([C@@H]2COC(c3cc4ccccc4s3)=N2)cc1,1,central,6609
pretrain,train,c1ccc([C@@H]2COC(c3ccc4ccccc4n3)=N2)cc1,1,central,6474
pretrain,train,c1ccc([C@@H]2COC(c3ccc4cccnc4n3)=N2)cc1,1,central,6522
pretrain,train,c1ccc([C@@H]2COC(c3cccc(-c4cccc(C5=N[C@H](c6ccccc6)CO5)n4)n3)=N2)cc1,1,central,6820
pretrain,train,c1ccc([C@@H]2COC(c3cccc(-c4ccccn4)n3)=N2)cc1,1,central,6534
pretrain,train,c1ccc([C@@H]2COC(c3cccc(C4=N[C@H](c5ccccc5)CO4)c3)=N2)cc1,1,central,6802
pretrain,train,c1ccc([C@@H]2COC(c3cccc(C4=N[C@H](c5ccccc5)CO4)n3)=N2)cc1,1,central,6849
pretrain,train,c1ccc([C@@H]2COC(c3cccc4c3oc3c(C5=N[C@H](c6ccccc6)CO5)cccc34)=N2)cc1,1,central,6790
pretrain,train,c1ccc([C@@H]2COC(c3cccc4cccnc34)=N2)cc1,1,central,6498
pretrain,train,c1ccc([C@@H]2COC(c3ccccc3P(c3ccccc3)c3ccccc3)=N2)cc1,1,central,6563
pretrain,train,c1ccc([C@@H]2COC(c3ccccn3)=N2)cc1,1,central,6361
pretrain,train,c1ccc([C@@H]2COC(c3nccc4ccccc34)=N2)cc1,1,central,6488
pretrain,train,c1ccc([C@@H]2COC(c3ncccn3)=N2)cc1,1,central,6506
pretrain,train,c1ccc([C@@H]2N=C(C3(C4=N[C@@H](c5ccccc5)[C@H](c5ccccc5)O4)Cc4ccccc4C3)O[C@H]2c2ccccc2)cc1,1,central,6775
pretrain,train,c1ccc([C@@H]2N=C(c3cc4ccccc4s3)O[C@H]2c2ccccc2)cc1,1,central,6881
pretrain,train,c1ccc([C@@H]2N=C(c3ccc4ccccc4n3)O[C@H]2c2ccccc2)cc1,1,central,6483
pretrain,train,c1ccc([C@@H]2N=C(c3ccc4cccnc4n3)O[C@H]2c2ccccc2)cc1,1,central,6529
pretrain,train,c1ccc([C@@H]2N=C(c3cccc(-c4ccccn4)n3)O[C@H]2c2ccccc2)cc1,1,central,6540
pretrain,train,c1ccc([C@@H]2N=C(c3cccc(C4=N[C@@H](c5ccccc5)[C@H](c5ccccc5)O4)n3)O[C@H]2c2ccccc2)cc1,1,central,6859
pretrain,train,c1ccc([C@@H]2N=C(c3cccc4c3oc3c(C5=N[C@@H](c6ccccc6)[C@H](c6ccccc6)O5)cccc34)O[C@H]2c2ccccc2)cc1,1,central,6793
pretrain,train,c1ccc([C@@H]2N=C(c3ccccc3P(c3ccccc3)c3ccccc3)OC2(c2ccccc2)c2ccccc2)cc1,1,central,6869
pretrain,train,c1ccc([C@@H]2N=C(c3ccccc3P(c3ccccc3)c3ccccc3)O[C@H]2c2ccccc2)cc1,1,central,6571
pretrain,train,c1ccc([C@@H]2OCCNCc3ccccc32)cc1,1,central,3672
pretrain,train,c1ccc([C@@H]2O[C@H]2c2ccccc2)cc1,1,central,137
pretrain,train,c1ccc([C@@H]2[N][C](c3cccc([C]4[N][C@@H](c5ccccc5)[C@H](c5ccccc5)N4)n3)N[C@H]2c2ccccc2)cc1,1,central,6284
pretrain,train,c1ccc([C@@]2(C3=NCCN3)COc3ccccc3O2)cc1,1,central,3221
pretrain,train,c1ccc([C@H](NCc2cccc3ccccc23)[C@@H](NCc2cccc3ccccc23)c2ccccc2)cc1,1,central,6167
pretrain,train,c1ccc([C@H]2CCCCO2)cc1,1,central,5447
pretrain,train,c1ccc([C@H]2CCCN2)cc1,1,central,3834
pretrain,train,c1ccc([C@H]2CCCN2)nc1,1,central,3837
pretrain,train,c1ccc([C@H]2CCN3C(=N2)Sc2ccccc23)cc1,1,central,6032
pretrain,train,c1ccc([C@H]2CCOCO2)cc1,1,central,3888
pretrain,train,c1ccc([C@H]2CC[C@H](c3ccccc3)N2)cc1,1,central,5951
pretrain,train,c1ccc([C@H]2CC[C@H](c3ccccc3)N2p2oc3ccc4ccccc4c3c3c(ccc4ccccc43)o2)cc1,2,axial,5816
pretrain,train,c1ccc([C@H]2CC[C@H](c3ccccc3)P2CCP2[C@@H](c3ccccc3)CC[C@@H]2c2ccccc2)cc1,1,central,5704
pretrain,train,c1ccc([C@H]2CN3CCC[C@@H]3c3ccccc32)cc1,1,central,17
pretrain,train,c1ccc([C@H]2COC(C(Cc3ccc([C@]45C[C@H]6C[C@H](C[C@H](C6)C4)C5)cc3)(Cc3ccc([C@]45C[C@H]6C[C@H](C[C@H](C6)C4)C5)cc3)C3=N[C@@H](c4ccccc4)CO3)=N2)cc1,1,central,6827
pretrain,train,c1ccc([C@H]2COC(C3(C4=N[C@@H](c5ccccc5)CO4)CCC3)=N2)cc1,1,central,6649
pretrain,train,c1ccc([C@H]2COC(C3(C4=N[C@@H](c5ccccc5)CO4)CCCC3)=N2)cc1,1,central,6640
pretrain,train,c1ccc([C@H]2COC(C3(C4=N[C@@H](c5ccccc5)CO4)CCCCC3)=N2)cc1,1,central,6629
pretrain,train,c1ccc([C@H]2COC(C3(C4=N[C@@H](c5ccccc5)CO4)CCCCCC3)=N2)cc1,1,central,6619
pretrain,train,c1ccc([C@H]2COC(C3(C4=N[C@@H](c5ccccc5)CO4)Cc4ccccc4C3)=N2)cc1,1,central,6770
pretrain,train,c1ccc([C@H]2COC(Cc3ccccn3)=N2)cc1,1,central,6468
pretrain,train,c1ccc([C@H]2COC([C@@H]3CCCCN3P(c3ccccc3)c3ccccc3)=N2)cc1,1,central,6589
pretrain,train,c1ccc([C@H]2COC([C@@H]3CCCC[C@H]3C3=N[C@@H](c4ccccc4)CO3)=N2)cc1,1,central,6812
pretrain,train,c1ccc([C@H]2COC([C@H]3CCCCN3P(c3ccccc3)c3ccccc3)=N2)cc1,1,central,6591
pretrain,train,c1ccc([C@H]2COC(c3cc4ccccc4s3)=N2)cc1,1,central,6610
pretrain,train,c1ccc([C@H]2COC(c3ccc4ccccc4c3-c3c(C4=N[C@@H](c5ccccc5)CO4)ccc4ccccc34)=N2)cc1,2,axial,6815
pretrain,train,c1ccc([C@H]2COC(c3ccc4ccccc4n3)=N2)cc1,1,central,6475
pretrain,train,c1ccc([C@H]2COC(c3cccc(-c4cccc(C5=N[C@@H](c6ccccc6)CO5)n4)n3)=N2)cc1,1,central,6821
pretrain,train,c1ccc([C@H]2COC(c3cccc(-c4ccccn4)n3)=N2)cc1,1,central,6535
pretrain,train,c1ccc([C@H]2COC(c3cccc(C4=N[C@@H](c5ccccc5)CO4)c3)=N2)cc1,1,central,6803
pretrain,train,c1ccc([C@H]2COC(c3cccc(C4=N[C@@H](c5ccccc5)CO4)n3)=N2)cc1,1,central,6850
pretrain,train,c1ccc([C@H]2COC(c3cccc4c3[nH]c3c(C5=N[C@@H](c6ccccc6)CO5)cccc34)=N2)cc1,1,central,6794
pretrain,train,c1ccc([C@H]2COC(c3cccc4cccnc34)=N2)cc1,1,central,6499
pretrain,train,c1ccc([C@H]2COC(c3ccccc3Nc3ccccc3C3=N[C@@H](c4ccccc4)CO3)=N2)cc1,1,central,6780
pretrain,train,c1ccc([C@H]2COC(c3ccccc3P(c3ccccc3)c3ccccc3)=N2)cc1,1,central,6564
pretrain,train,c1ccc([C@H]2COC(c3ccccn3)=N2)cc1,1,central,6362
pretrain,train,c1ccc([C@H]2COC(c3cnccn3)=N2)cc1,1,central,6515
pretrain,train,c1ccc([C@H]2COC(c3nccc4ccccc34)=N2)cc1,1,central,6489
pretrain,train,c1ccc([C@H]2COC(c3ncccn3)=N2)cc1,1,central,6507
pretrain,train,c1ccc([C@H]2COCCO2)cc1,1,central,5444
pretrain,train,c1ccc([C@H]2COC[C@@H]2c2ccccc2)cc1,1,central,4878
pretrain,train,c1ccc([C@H]2COc3ccccc3C2)cc1,1,central,1288
pretrain,train,c1ccc([C@H]2C[C@@H]2c2ccccc2)cc1,1,central,487
pretrain,train,c1ccc([C@H]2N=C(C(Cc3ccc([C@]45C[C@H]6C[C@H](C[C@H](C6)C4)C5)cc3)(Cc3ccc([C@]45C[C@H]6C[C@H](C[C@H](C6)C4)C5)cc3)C3=N[C@H](c4ccccc4)[C@H](c4ccccc4)O3)O[C@H]2c2ccccc2)cc1,1,central,6833
pretrain,train,c1ccc([C@H]2N=C(C3(C4=N[C@H](c5ccccc5)[C@@H](c5ccccc5)O4)Cc4ccccc4C3)O[C@@H]2c2ccccc2)cc1,1,central,6774
pretrain,train,c1ccc([C@H]2N=C(C3(C4=N[C@H](c5ccccc5)[C@H](c5ccccc5)O4)CC3)O[C@H]2c2ccccc2)cc1,1,central,6656
pretrain,train,c1ccc([C@H]2N=C(C3(C4=N[C@H](c5ccccc5)[C@H](c5ccccc5)O4)CCC3)O[C@H]2c2ccccc2)cc1,1,central,6645
pretrain,train,c1ccc([C@H]2N=C(C3(C4=N[C@H](c5ccccc5)[C@H](c5ccccc5)O4)CCCC3)O[C@H]2c2ccccc2)cc1,1,central,6635
pretrain,train,c1ccc([C@H]2N=C(C3(C4=N[C@H](c5ccccc5)[C@H](c5ccccc5)O4)CCCCCC3)O[C@H]2c2ccccc2)cc1,1,central,6614
pretrain,train,c1ccc([C@H]2N=C(C3(C4=N[C@H](c5ccccc5)[C@H](c5ccccc5)O4)Cc4ccccc4C3)O[C@H]2c2ccccc2)cc1,1,central,6776
pretrain,train,c1ccc([C@H]2N=C(CC3=N[C@H](c4ccccc4)[C@H](c4ccccc4)O3)O[C@H]2c2ccccc2)cc1,1,central,6689
pretrain,train,c1ccc([C@H]2N=C([C@@H]3CCCCN3P(c3ccccc3)c3ccccc3)O[C@H]2c2ccccc2)cc1,1,central,6598
pretrain,train,c1ccc([C@H]2N=C([C@H]3CCCCN3P(c3ccccc3)c3ccccc3)O[C@H]2c2ccccc2)cc1,1,central,6596
pretrain,train,c1ccc([C@H]2N=C(c3cc4ccccc4s3)O[C@@H]2c2ccccc2)cc1,1,central,6880
pretrain,train,c1ccc([C@H]2N=C(c3ccc4ccccc4n3)O[C@@H]2c2ccccc2)cc1,1,central,6482
pretrain,train,c1ccc([C@H]2N=C(c3ccc4ccccc4n3)O[C@H]2c2ccccc2)cc1,1,central,6480
pretrain,train,c1ccc([C@H]2N=C(c3ccc4cccnc4n3)O[C@@H]2c2ccccc2)cc1,1,central,6528
pretrain,train,c1ccc([C@H]2N=C(c3ccc4cccnc4n3)O[C@H]2c2ccccc2)cc1,1,central,6527
pretrain,train,c1ccc([C@H]2N=C(c3cccc(-c4ccccn4)n3)O[C@@H]2c2ccccc2)cc1,1,central,6541
pretrain,train,c1ccc([C@H]2N=C(c3cccc(C4=N[C@H](c5ccccc5)[C@@H](c5ccccc5)O4)n3)O[C@@H]2c2ccccc2)cc1,1,central,6860
pretrain,train,c1ccc([C@H]2N=C(c3cccc(C4=N[C@H](c5ccccc5)[C@H](c5ccccc5)O4)n3)O[C@H]2c2ccccc2)cc1,1,central,6857
pretrain,train,c1ccc([C@H]2N=C(c3ccccc3Nc3ccccc3C3=N[C@H](c4ccccc4)[C@@H](c4ccccc4)O3)O[C@@H]2c2ccccc2)cc1,1,central,6781
pretrain,train,c1ccc([C@H]2N=C(c3ccccc3P(c3ccccc3)c3ccccc3)OC2(c2ccccc2)c2ccccc2)cc1,1,central,6872
pretrain,train,c1ccc([C@H]2N=C(c3ccccc3P(c3ccccc3)c3ccccc3)O[C@@H]2c2ccccc2)cc1,1,central,6570
pretrain,train,c1ccc([C@H]2N=C(c3ccccc3P(c3ccccc3)c3ccccc3)O[C@H]2c2ccccc2)cc1,1,central,6572
pretrain,train,c1ccc([C@H]2N=C(c3ccccc3P(c3ccccc3)c3ccccc3C3=N[C@@H](c4ccccc4)[C@@H](c4ccccc4)O3)O[C@@H]2c2ccccc2)cc1,1,central,6825
pretrain,train,c1ccc([C@H]2N=C(c3ccccn3)O[C@H]2c2ccccc2)cc1,1,central,6373
pretrain,train,c1ccc([C@H]2OC(C(Cc3ccc([C@]45C[C@H]6C[C@H](C[C@H](C6)C4)C5)cc3)(Cc3ccc([C@]45C[C@H]6C[C@H](C[C@H](C6)C4)C5)cc3)C3=N[C@@H](c4ccccc4)[C@@H](c4ccccc4)O3)=N[C@H]2c2ccccc2)cc1,1,central,6832
pretrain,train,c1ccc([C@H]2OC(C3(C4=N[C@@H](c5ccccc5)[C@@H](c5ccccc5)O4)CCCCC3)=N[C@H]2c2ccccc2)cc1,1,central,6625
pretrain,train,c1ccc([C@H]2OC(C3(C4=N[C@@H](c5ccccc5)[C@@H](c5ccccc5)O4)CCCCCC3)=N[C@H]2c2ccccc2)cc1,1,central,6613
pretrain,train,c1ccc([C@H]2OC(C3(C4=N[C@@H](c5ccccc5)[C@@H](c5ccccc5)O4)Cc4ccccc4C3)=N[C@H]2c2ccccc2)cc1,1,central,6777
pretrain,train,c1ccc([C@H]2OC(CC3=N[C@@H](c4ccccc4)[C@@H](c4ccccc4)O3)=N[C@H]2c2ccccc2)cc1,1,central,6690
pretrain,train,c1ccc([C@H]2OC([C@@H]3CCCCN3P(c3ccccc3)c3ccccc3)=N[C@H]2c2ccccc2)cc1,1,central,6597
pretrain,train,c1ccc([C@H]2OC([C@H]3CCCCN3P(c3ccccc3)c3ccccc3)=N[C@H]2c2ccccc2)cc1,1,central,6599
pretrain,train,c1ccc([C@H]2OC(c3ccc4ccccc4n3)=N[C@H]2c2ccccc2)cc1,1,central,6481
pretrain,train,c1ccc([C@H]2OC(c3cccc(C4=N[C@@H](c5ccccc5)[C@@H](c5ccccc5)O4)n3)=N[C@H]2c2ccccc2)cc1,1,central,6858
pretrain,train,c1ccc([C@H]2OC(c3ccccc3P(c3ccccc3)c3ccccc3)=N[C@H]2c2ccccc2)cc1,1,central,6573
pretrain,train,c1ccc([C@H]2OC(c3ccccn3)=N[C@H]2c2ccccc2)cc1,1,central,6374
pretrain,train,c1ccc([C@H]2[N][C](c3cccc([C]4[N][C@H](c5ccccc5)[C@@H](c5ccccc5)N4)n3)N[C@@H]2c2ccccc2)cc1,1,central,6285
pretrain,train,c1ccc2c(-c3c(P(C4CCCCC4)C4CCCCC4)ccc4ccccc34)c(P(C3CCCCC3)C3CCCCC3)ccc2c1,2,axial,6952
pretrain,train,c1ccc2c(c1)-c1c(ccc3ccccc13)[C@H]1O[C@@H]21,1,central,287
pretrain,train,c1ccc2c(c1)-n1ccc3cccc(c31)[C@H]1[C@@H]2[C@H]2c3cccc4ccn(c43)-c3ccccc3[C@@H]12,1,central,983
pretrain,train,c1ccc2c(c1)CC(C1=N[C@@H]3c4ccccc4C[C@@H]3O1)(C1=N[C@@H]3c4ccccc4C[C@@H]3O1)C2,2,axial,6772
pretrain,train,c1ccc2c(c1)CC(C1=N[C@H]3c4ccccc4C[C@H]3O1)(C1=N[C@H]3c4ccccc4C[C@H]3O1)C2,2,axial,6773
pretrain,train,c1ccc2c(c1)CCCN2p1oc2ccc3ccccc3c2c2c(ccc3ccccc32)o1,2,axial,5806
pretrain,train,c1ccc2c(c1)CCC[C@@H]2C1=NCCN1,1,central,3080
pretrain,train,c1ccc2c(c1)CCC[C@]21CO1,1,central,3529
pretrain,train,c1ccc2c(c1)CCN[C@H]2[C@@H]1NCCc2ccccc21,1,central,6241
pretrain,train,c1ccc2c(c1)CCN[C@H]2[C@H]1NCCc2ccccc21,1,central,6235
pretrain,train,c1ccc2c(c1)CC[C@@H]1O[C@H]21,1,central,153
pretrain,train,c1ccc2c(c1)CCc1cccc3c4c5c(cccc5c-2c13)CCc1ccccc1-4,1,central,-1
pretrain,train,c1ccc2c(c1)CCc1ccccc1N2p1oc2ccc3ccccc3c2c2c(ccc3ccccc32)o1,2,axial,5820
pretrain,train,c1ccc2c(c1)COC([C@H]1CO1)OC2,1,central,1982
pretrain,train,c1ccc2c(c1)CO[C@@H]2c1cccc2ccccc12,1,central,893
pretrain,train,c1ccc2c(c1)CSSCc1ccccc1-2,2,axial,1069
pretrain,train,c1ccc2c(c1)C[C@@H]1OC(C(Cc3ccc([C@]45C[C@H]6C[C@H](C[C@H](C6)C4)C5)cc3)(Cc3ccc([C@]45C[C@H]6C[C@H](C[C@H](C6)C4)C5)cc3)C3=N[C@@H]4c5ccccc5C[C@@H]4O3)=N[C@H]21,2,axial,6830
pretrain,train,c1ccc2c(c1)C[C@@H]1OC(C3(C4=N[C@@H]5c6ccccc6C[C@@H]5O4)CC3)=N[C@H]21,2,axial,6658
pretrain,train,c1ccc2c(c1)C[C@@H]1OC(C3(C4=N[C@@H]5c6ccccc6C[C@@H]5O4)CCC3)=N[C@H]21,2,axial,6646
pretrain,train,c1ccc2c(c1)C[C@@H]1OC(C3(C4=N[C@@H]5c6ccccc6C[C@@H]5O4)CCCC3)=N[C@H]21,2,axial,6636
pretrain,train,c1ccc2c(c1)C[C@@H]1OC(C3(C4=N[C@@H]5c6ccccc6C[C@@H]5O4)CCCCC3)=N[C@H]21,2,axial,6627
pretrain,train,c1ccc2c(c1)C[C@@H]1OC(C3(C4=N[C@@H]5c6ccccc6C[C@@H]5O4)CCCCCC3)=N[C@H]21,2,axial,6616
pretrain,train,c1ccc2c(c1)C[C@@H]1OC(C3=N[C@@H]4c5ccccc5C[C@@H]4O3)=N[C@H]21,2,axial,6674
pretrain,train,c1ccc2c(c1)C[C@@H]1OC(CC3=N[C@@H]4c5ccccc5C[C@@H]4O3)=N[C@H]21,2,axial,6688
pretrain,train,c1ccc2c(c1)C[C@@H]1OC(c3ccc4ccccc4n3)=N[C@H]21,2,axial,6478
pretrain,train,c1ccc2c(c1)C[C@@H]1OC(c3ccc4cccnc4n3)=N[C@H]21,2,axial,6525
pretrain,train,c1ccc2c(c1)C[C@@H]1OC(c3nccc4ccccc34)=N[C@H]21,2,axial,6492
pretrain,train,c1ccc2c(c1)C[C@@H]1c3ccccc3CCN1C2,1,central,2602
pretrain,train,c1ccc2c(c1)C[C@H]1OC(C(Cc3ccc([C@]45C[C@H]6C[C@H](C[C@H](C6)C4)C5)cc3)(Cc3ccc([C@]45C[C@H]6C[C@H](C[C@H](C6)C4)C5)cc3)C3=N[C@H]4c5ccccc5C[C@H]4O3)=N[C@@H]21,2,axial,6831
pretrain,train,c1ccc2c(c1)C[C@H]1OC(C3(C4=N[C@H]5c6ccccc6C[C@H]5O4)CC3)=N[C@@H]21,2,axial,6657
pretrain,train,c1ccc2c(c1)C[C@H]1OC(C3(C4=N[C@H]5c6ccccc6C[C@H]5O4)CCC3)=N[C@@H]21,2,axial,6647
pretrain,train,c1ccc2c(c1)C[C@H]1OC(C3(C4=N[C@H]5c6ccccc6C[C@H]5O4)CCCC3)=N[C@@H]21,2,axial,6637
pretrain,train,c1ccc2c(c1)C[C@H]1OC(C3(C4=N[C@H]5c6ccccc6C[C@H]5O4)CCCCC3)=N[C@@H]21,2,axial,6626
pretrain,train,c1ccc2c(c1)C[C@H]1OC(C3(C4=N[C@H]5c6ccccc6C[C@H]5O4)CCCCCC3)=N[C@@H]21,2,axial,6615
pretrain,train,c1ccc2c(c1)C[C@H]1OC(C3=N[C@H]4c5ccccc5C[C@H]4O3)=N[C@@H]21,2,axial,6675
pretrain,train,c1ccc2c(c1)C[C@H]1OC(CC3=N[C@H]4c5ccccc5C[C@H]4O3)=N[C@@H]21,2,axial,-1
pretrain,train,c1ccc2c(c1)C[C@H]1OC(c3cc4ccccc4cn3)=N[C@@H]21,2,axial,6547
pretrain,train,c1ccc2c(c1)C[C@H]1OC(c3ccc4ccccc4n3)=N[C@@H]21,2,axial,6479
pretrain,train,c1ccc2c(c1)C[C@H]1OC(c3ccc4cccnc4n3)=N[C@@H]21,2,axial,6526
pretrain,train,c1ccc2c(c1)C[C@H]1OC(c3cnccn3)=N[C@@H]21,2,axial,6517
pretrain,train,c1ccc2c(c1)C[C@H]1OC(c3nccc4ccccc34)=N[C@@H]21,2,axial,6493
pretrain,train,c1ccc2c(c1)C[C@H]2Cn1ccnc1,1,central,2871
pretrain,train,c1ccc2c(c1)Cc1cccnc1N1CCNC[C@H]21,1,central,2866
pretrain,train,c1ccc2c(c1)OC[C@@H](C1=NCCN1)O2,1,central,3133
pretrain,train,c1ccc2c(c1)O[C@@H]1c3ccccc3OC[C@H]21,1,central,385
pretrain,train,c1ccc2c(c1)ccc1ccc3ccc4ccccc4c3c12,3,helical,5516
pretrain,train,c1ccc2c(c1)ccc1op(N3CCCC3)oc3ccc4ccccc4c3c12,2,axial,5802
pretrain,train,c1ccc2c(c1)ccc1op(N3CCCCC3)oc3ccc4ccccc4c3c12,2,axial,5803
pretrain,train,c1ccc2c(c1)ccc1op(N3CCOCC3)oc3ccc4ccccc4c3c12,2,axial,5804
pretrain,train,c1ccc2c(c1)ccc1sc3ccc4sc5ccc6ccccc6c5c4c3c12,3,helical,5523
pretrain,train,c1ccc2c3c(ccc2c1)COCc1ccc2ccccc2c1-3,2,axial,1074
pretrain,train,c1ccc2c3c(ccc2c1)OCCCCCCCCOc1ccc2ccccc2c1-3,2,axial,1052
pretrain,train,c1ccc2c3c(ccc2c1)OCCCCOc1ccc2ccccc2c1-3,2,axial,1054
pretrain,train,c1ccc2c3c(ccc2c1)OCCCOc1ccc2ccccc2c1-3,2,axial,1055
pretrain,train,c1ccc2c3c(ccc2c1)OCCOCCNCCOCCOc1ccc2ccccc2c1-3,2,axial,1089
pretrain,train,c1ccc2c3c(ccc2c1)OCCOCCOCCOCCOCCOCCOc1ccc2ccccc2c1-3,2,axial,1059
pretrain,train,c1ccc2c3c(ccc2c1)OCCOCCOCCOCCOCCOc1ccc2ccccc2c1-3,2,axial,1060
pretrain,train,c1ccc2c3c(ccc2c1)OCCOCCOCCOCCOc1ccc2ccccc2c1-3,2,axial,1061
pretrain,train,c1ccc2c3c(ccc2c1)OCCOCCOCCOc1ccc2ccccc2c1-3,2,axial,1053
pretrain,train,c1ccc2c3c(ccc2c1)OCCOCCOc1ccc2ccccc2c1-3,2,axial,1062
pretrain,train,c1ccc2c3c(ccc2c1)OCCOCCSCCOCCOc1ccc2ccccc2c1-3,2,axial,1057
pretrain,train,c1ccc2c3c(ccc2c1)OCCOc1ccc2ccccc2c1-3,2,axial,1056
pretrain,train,c1ccc2c3c(ccc2c1)OCOc1ccc2ccccc2c1-3,2,axial,1068
pretrain,train,c1cn2c(n1)[C@@H](C1CCCCC1)CC2,1,central,6154
pretrain,train,c1cn2c(n1)[C@H](C1CCCCC1)CC2,1,central,6129
pretrain,train,c1cnc(C2=N[C@@H]3c4ccccc4C[C@@H]3O2)nc1,2,axial,6510
pretrain,train,c1cnc(C2=N[C@H]3c4ccccc4C[C@H]3O2)nc1,2,axial,6511
pretrain,train,c1cncc([C@@H]2CCCN2Cc2ccc3ccccc3c2)c1,1,central,3175
pretrain,train,c1cncc([C@H]2CCCN2)c1,1,central,3839
pretrain,train,c1cncc([C@H]2CCCN2Cc2cccc3ccccc23)c1,1,central,3305
pretrain,valid,Brc1ccc2ccccc2c1-c1c(Br)ccc2ccccc12,2,axial,1102
pretrain,valid,C#CCCCC[n+]1ccc(C=NO)cc1,0,achiral,13439
pretrain,valid,C#CCCCS(=O)(=O)c1nncnc1C,0,achiral,15461
pretrain,valid,C#Cc1cc(OC)ccc1Cc1ccccc1,0,achiral,10528
pretrain,valid,C(#C/C1=C/CCCCCC1)Oc1ccccc1,0,achiral,16818
pretrain,valid,C/C1=C/C(=O)COCCO1,0,achiral,12104
pretrain,valid,C1=C\Cc2ccccc2-c2ccccc2C/1,2,axial,1071
pretrain,valid,C1=Cc2ccccc2N(p2oc3ccc4c(c3c3c5c(ccc3o2)CCCC5)CCCC4)c2ccccc21,2,axial,5827
pretrain,valid,C=C1CCC(N=[N+]=[N-])(c2cccc(C(C)(C)C)c2)CC1,0,achiral,12228
pretrain,valid,C=C1C[C@@H](c2ccccc2)N(c2ccc(OCC)cc2)C1=O,1,central,2893
pretrain,valid,C=C1N(C)C(C)=C(C)N1C,0,achiral,9283
pretrain,valid,C=CCC1=C(C)[C@H](OC(=O)[C@H]2[C@@H](C=C(C)C)C2(C)C)CC1=O,1,central,875
pretrain,valid,C=CCCC[C@]1(c2cccc3ccccc23)NC(=O)NC1=O,1,central,3795
pretrain,valid,CC(=O)Nc1nc(Cl)c([N+](=O)[O-])c(=O)[nH]1,0,achiral,16028
pretrain,valid,CC(=O)O[C@@H]1c2ccccc2CC[C@H]1Cl,1,central,456
pretrain,valid,CC(=O)O[C@H](C)c1cccc(Oc2ccccc2)n1,1,central,5473
pretrain,valid,CC(=O)Oc1ccc(C#Cc2ccc(Br)cc2)cc1,0,achiral,16564
pretrain,valid,CC(=O)Oc1ccc2c(c1)O[C@H](c1ccc(OC(C)=O)c(OC(C)=O)c1)[C@@H](OC(C)=O)C2=O,1,central,711
pretrain,valid,CC(=O)Oc1ccc2ccccc2c1-c1c(O)ccc2ccccc12,2,axial,1106
pretrain,valid,CC(C)(C)P1Cc2ccccc2[C@@H]1[C@H]1c2ccccc2CP1C(C)(C)C,1,central,7004
pretrain,valid,CC(C)(C)[C@@H]1COC(C2(C3=N[C@H](C(C)(C)C)CO3)CCCC2)=N1,1,central,-1
pretrain,valid,CC(C)(C)[C@H]1COC(C(Cc2ccccc2)(Cc2ccccc2)C2=N[C@@H](C(C)(C)C)CO2)=N1,1,central,6725
pretrain,valid,CC(C)(C)c1cc(C(C)(C)C)c(P=C=Pc2c(C(C)(C)C)cc(C(C)(C)C)cc2C(C)(C)C)c(C(C)(C)C)c1,2,axial,1098
pretrain,valid,CC(C)(C)c1cc(C(C)(C)C)c2c(ccc3cc(OCc4ccccc4)cc(OCc4ccccc4)c32)c1,3,helical,5528
pretrain,valid,CC(C)(C)c1ccc(-c2cc3ccccc3c(-c3c(O)c(-c4ccc(C(C)(C)C)cc4)cc4ccccc34)c2O)cc1,2,axial,6332
pretrain,valid,CC(C)(C)c1ccc(Br)c(CCc2cc(C(C)(C)C)ccc2Br)c1,0,achiral,10239
pretrain,valid,CC(C)(C)c1ccc(CC(Cc2ccc(C(C)(C)C)cc2)(C2=N[C@@H]3c4ccccc4C[C@@H]3O2)C2=N[C@@H]3c4ccccc4C[C@@H]3O2)cc1,2,axial,6743
pretrain,valid,CC(C)(C)c1csc(=S)n1-c1cccc(C(F)(F)F)c1,2,axial,1150
pretrain,valid,CC(C)(c1cccnc1)C1OC[C@H](C/C=C\CCC(=O)O)[C@H](c2ccccc2O)O1,1,central,906
pretrain,valid,CC(C)CCNc1nc(Cl)nc2c1ncn2C1CCCC1,0,achiral,13542
pretrain,valid,CC(C)C[C@@H](NC(=O)c1cc([N+](=O)[O-])cc([N+](=O)[O-])c1)C(=O)N[C@@H](C)C(=O)NC1CCCCC1,1,central,316
pretrain,valid,CC(C)Cc1cccnc1,0,achiral,15099
pretrain,valid,CC(C)OC(=O)[C@@H](COC(=O)c1ccc([N+](=O)[O-])cc1)NC(=O)c1ccc([N+](=O)[O-])cc1,1,central,3953
pretrain,valid,CC(C)[C@@H]1COC(c2ccccc2P(c2cc(C(F)(F)F)cc(C(F)(F)F)c2)c2cc(C(F)(F)F)cc(C(F)(F)F)c2)=N1,1,central,6870
pretrain,valid,CC(C)[C@@H]1NC(=O)c2ccccc21,1,central,2926
pretrain,valid,CC(C)[C@H]1CC(=O)c2ccccc21,1,central,5396
pretrain,valid,CC(C)[C@H]1Sc2ccccc2[S@@]1=O,1,central,247
pretrain,valid,CC(C)[Si](C#Cc1ccc(C2=C(c3ccc(C#C[Si](C(C)C)(C(C)C)C(C)C)cc3)SC(=C3SC(c4ccc(C(F)(F)F)cc4)=C(c4ccc(C(F)(F)F)cc4)S3)S2)cc1)(C(C)C)C(C)C,0,achiral,12802
pretrain,valid,CC(C)c1ccc(N=NN2CCCC2)c(B(O)O)c1,0,achiral,9954
pretrain,valid,CC(F)(F)c1cc(CO)no1,0,achiral,15391
pretrain,valid,CC(c1ccccc1)N(C(C)c1ccccc1)p1oc2ccc3ccccc3c2c2c(ccc3ccccc32)o1,2,axial,-1
pretrain,valid,CC1(C)C(=O)N(c2ccc(C#N)c(C(F)(F)F)c2)C(=S)N1c1ccc(N)cc1,0,achiral,15118
pretrain,valid,CC1(C)CC(=O)N(c2ncc(C#Cc3cccc(F)c3)cn2)N1,0,achiral,15733
pretrain,valid,CC1(C)OB(C(CCCC#N)(Cc2ccccc2)B2OC(C)(C)C(C)(C)O2)OC1(C)C,0,achiral,9881
pretrain,valid,CC1(C)OB(c2ccc3cccnc3c2)OC1(C)C,0,achiral,9443
pretrain,valid,CC1(C)OC(=O)C(=C(O)c2ccc(Br)cc2)C(=O)O1,0,achiral,14759
pretrain,valid,CC1(C)O[C@@H]2[C@@H](O1)C(c1ccccc1)(c1ccccc1)OP(N1c3ccccc3C=Cc3ccccc31)OC2(c1ccccc1)c1ccccc1,2,axial,-1
pretrain,valid,CC1(C)[C@H](C(=O)O[C@@H](C#N)c2cccc(Oc3ccccc3)c2)[C@@H]1C=C(Cl)Cl,1,central,879
pretrain,valid,CC12c3ccccc3C(C)(c3ccccc31)C(c1ccccc1)C2C(N)=O,1,central,4177
pretrain,valid,CCC(CC)(C1=N[C@H](Cc2ccccc2)CO1)C1=N[C@H](Cc2ccccc2)CO1,1,central,6714
pretrain,valid,CCC(CC)(C1=N[C@H]2c3ccccc3C[C@H]2O1)C1=N[C@H]2c3ccccc3C[C@H]2O1,2,axial,6719
pretrain,valid,CCC1=C(C)c2cc3[nH]c(c(C)c3CC)c(NC(=O)C(C)(C)C)c3nc(cc4[nH]c(cc1n2)c(C)c4CC)C(C)=C3CC,4,planar,5580
pretrain,valid,CCC1=C(CC)/C2=C/c3c(CC)c(CC)c4[n]3[Zn][n]3/c(c(CC)c(CC)/c3=C(\c3c(OCc5ccccc5)ccc5ccccc35)C3=N/C(=C\4c4c(OCc5ccccc5)ccc5ccccc45)C(CC)=C3CC)=C\C1=N2,2,axial,1051
pretrain,valid,CCCC(=O)O[C@H](C)c1ccncc1,1,central,4838
pretrain,valid,CCCCCCC1=C(C)/C2=C/c3c4c(C)c5[n]3[Mn][n]3/c(c(C)c(/c3=C/C3=NC(=C\5)/C(CCCCCC)=C3C)CCC(=O)NCc3ccc(cc3)CNC(=O)CC4)=C\C1=N2,2,axial,1001
pretrain,valid,CCCCCCC1=C(C)c2cc3[nH]c4cc5nc(cc6[nH]c(cc1n2)c(C)c6CCC(=O)NCc1ccc(cc1)CNC(=O)CCc3c4C)C(C)=C5CCCCCC,2,axial,1002
pretrain,valid,CCCCCCCCCCCCCC[C@@H](COC(=O)Nc1cc([N+](=O)[O-])cc([N+](=O)[O-])c1)OC(=O)Nc1cc([N+](=O)[O-])cc([N+](=O)[O-])c1,1,central,4327
pretrain,valid,CCCCCCCCCCCCCC[C@@]1(C(=O)OCCCCCCCC)CO1,1,central,4926
pretrain,valid,CCCCCCCCCCCCCCc1ccc(NC(=O)[C@H](CC)c2ccccc2)cc1,1,central,4460
pretrain,valid,CCCCCCCCC[C@H]1CCOC1=O,1,central,4392
pretrain,valid,CCCCCCN(CCCCCC)c1ccc(C(=O)c2ccccc2C(=O)O)c(O)c1,0,achiral,8258
pretrain,valid,CCCCCc1nc2c(c(=O)n(C)c(=O)n2C)n1C,0,achiral,10977
pretrain,valid,CCCCCn1c(=O)[nH]c(=O)[nH]c1=O,0,achiral,13603
pretrain,valid,CCCCOc1ccc2[nH]c(C)cc2c1,0,achiral,11339
pretrain,valid,CCCCOc1ccc2ccc(O)c(-c3c(O)ccc4ccc(OCCCC)cc34)c2c1,2,axial,1122
pretrain,valid,CCCC[C@@H](O)c1c2ccccc2cc2ccccc12,1,central,3791
pretrain,valid,CCCC[C@@H]1CCC(=O)O1,1,central,4265
pretrain,valid,CCCC[C@H](C(=O)O)C(=O)N(Nc1ccccc1)c1ccccc1,1,central,4213
pretrain,valid,CCCC[C@H](NC(=O)OCc1ccccc1)C(=O)OCc1ccccc1,1,central,4796
pretrain,valid,CCCC[C@]1(O)CCCc2ccc3ccccc3c21,1,central,4143
pretrain,valid,CCCCc1ccc2c(c1)CCC2,0,achiral,7932
pretrain,valid,CCCN(CCC)p1oc2ccc3ccccc3c2c2c(ccc3ccccc32)o1,2,axial,5801
pretrain,valid,CCCN=Cc1cccnc1,0,achiral,12266
pretrain,valid,CCCc1ccc(Nc2ccc3c(=O)[nH]c4ncccc4c3c2)cc1,0,achiral,14400
pretrain,valid,CCCc1nc(C)n2nc(S)nc2c1Cc1ccc([N+](=O)[O-])cc1,0,achiral,16176
pretrain,valid,CCN(CC)CCN1C(=O)c2ccc3c4c(Br)cc5c6c(ccc(c7c(Br)cc(c2c37)C1=O)c64)C(=O)N(CCN(CC)CC)C5=O,0,achiral,10500
pretrain,valid,CCN(CC)[C@H](c1ccccc1)[C@@H](OC(=O)Nc1cc([N+](=O)[O-])cc([N+](=O)[O-])c1)c1ccccc1,1,central,394
pretrain,valid,CCN(CC)p1oc2ccc3ccccc3c2c2c(ccc3ccccc32)o1,2,axial,5799
pretrain,valid,CCN1C(=O)c2ccc(C)cc2Oc2cc(Cl)ccc21,0,achiral,8842
pretrain,valid,CCN1c2ccccc2Oc2cccc(C(=O)O)c21,0,achiral,7063
pretrain,valid,CCOC(=O)CCCCCCCCCCOc1ccc2c(c1)OC[C@@H]1c3ccc(OC)cc3O[C@H]21,1,central,376
pretrain,valid,CCOC(=O)[C@H](Cc1c[nH]c2ccccc12)NC(=O)c1cc([N+](=O)[O-])cc([N+](=O)[O-])c1,1,central,2563
pretrain,valid,CCOC(=O)[C@H](OC(=O)c1ccccc1)[C@@H](OC(=O)c1ccccc1)c1ccccc1,1,central,602
pretrain,valid,CCOP(=O)(OCC)c1ccc2ccccc2c1-c1c(O)ccc2ccccc12,2,axial,1007
pretrain,valid,CCOc1cc2c(cc1OC)Cc1cc(OCC)c(OC)cc1Cc1cc(OCC)c(OC)cc1C2,3,helical,5539
pretrain,valid,CCOc1ccc2ccccc2c1-c1c(O)ccc2ccccc12,2,axial,1124
pretrain,valid,CC[C@@H](O)c1ccoc1,1,central,3968
pretrain,valid,CC[C@@]1(c2ccc(NC(C)=O)cc2)CCC(=O)NC1=O,1,central,1779
pretrain,valid,CC[C@@]1(c2ccccc2)SCC[S@@]1=O,1,central,788
pretrain,valid,CC[C@H](Cc1ccccc1)OC(=O)Cc1cccc2ccccc12,1,central,2804
pretrain,valid,CCc1cccc2c3c([nH]c12)[C@](CC)(CC(=O)Nc1cc(C)cc(C)c1)OCC3,1,central,2971
pretrain,valid,CCc1cccc2cc([C@@H](O)CNC(C)(C)C)oc12,1,central,2487
pretrain,valid,CCc1cn[nH]n1,0,achiral,7566
pretrain,valid,CCn1c(=O)c2[nH]c(CO)nc2n(CC)c1=O,0,achiral,9598
pretrain,valid,CN(C)C1=CC(=O)c2cccc(O)c2C1=O,0,achiral,12424
pretrain,valid,CN(C)CCNc1n[n+]([O-])c2c3c(ccc2[n+]1[O-])CCC3,0,achiral,11599
pretrain,valid,CN(C)P1OC(c2ccccc2)(c2ccccc2)[C@H]2OC(C)(C)O[C@@H]2C(c2ccccc2)(c2ccccc2)O1,2,axial,5840
pretrain,valid,CN(C)p1oc2ccc3c(c2c2c4c(ccc2o1)CCCC4)CCCC3,2,axial,5823
pretrain,valid,CN1C(=O)C[C@](C)(c2ccccc2)C1=O,1,central,2826
pretrain,valid,CN1CCC[C@@H]1C(O)(c1ccccc1)c1ccccc1,1,central,5931
pretrain,valid,CN1N=C2SC1=NCCOCCOCCN=C1SC(=NN1C)c1ccc(cc1)C1=NN(C)C(=NCCOCCOCCN=C3SC(=NN3C)c3ccc2cc3)S1,0,achiral,15419
pretrain,valid,CNc1cc(Nc2ccc(C(C)=O)cc2)ncn1,0,achiral,7842
pretrain,valid,COC(=O)Cc1c(C2CC2)[nH]c2ccc(OC)cc12,0,achiral,14553
pretrain,valid,COC(=O)Nc1cc(C#Cc2cncc(C#N)c2)ccc1F,0,achiral,12944
pretrain,valid,COC(=O)[C]1[CH][CH][CH][CH][C]1C.[C-]#[O+].[C-]#[O+].[C-]#[O+].[Cr],4,planar,-1
pretrain,valid,COC(=O)[C]1[CH][CH][CH][C](C)[CH]1.[C-]#[O+].[C-]#[O+].[C-]#[O+].[Cr],4,planar,-1
pretrain,valid,COC(=O)c1c(C)nc(C)c(C(=O)O[C@H]2CCN(Cc3ccccc3)C2)c1-c1cccc([N+](=O)[O-])c1,2,axial,1157
pretrain,valid,COC(=O)c1c2cccc1CN(S(=O)(=O)c1ccc(C)cc1)c1cccc(c1)SC2,4,planar,5617
pretrain,valid,COC(=O)c1cc(C)co1,0,achiral,12969
pretrain,valid,COC(=O)c1ccc2cc1CCc1cc(ccc1C(=O)OC)CC2,4,planar,5626
pretrain,valid,COC(=O)c1ccc2cc1CCc1cccc(c1)CC2,4,planar,5627
pretrain,valid,COC(=O)c1ccc2ccccc2c1-c1c(C(=O)OC)ccc2ccccc12,2,axial,1101
pretrain,valid,COC(=O)c1ccc2ccccc2c1-c1c(OC)ccc2ccccc12,2,axial,1099
pretrain,valid,COC(=O)c1nc2ccc(OC)cc2nc1C(=O)OC,0,achiral,9571
pretrain,valid,COCOc1ccc2c(c1)OC[C@@H]1c3ccc(OC)cc3O[C@H]21,1,central,370
pretrain,valid,COCOc1ccc2ccccc2c1-c1c(OCOC)ccc2ccccc12,2,axial,6337
pretrain,valid,COC[C@H]1CCCN1,1,central,5976
pretrain,valid,COCc1csc(NC(=O)OC(C)(C)C)n1,0,achiral,12659
pretrain,valid,CO[C@@H]1c2ccccc2-c2cc3ccccc3c(C)c2[C@H]1O,1,central,297
pretrain,valid,COc1c(C(C)(C)C)cc(P(c2cc(C(C)(C)C)c(OC)c(C(C)(C)C)c2)c2ccc3c(c2-c2c(P(c4cc(C(C)(C)C)c(OC)c(C(C)(C)C)c4)c4cc(C(C)(C)C)c(OC)c(C(C)(C)C)c4)ccc4c2OCCO4)OCCO3)cc1C(C)(C)C,2,axial,5795
pretrain,valid,COc1c(I)[nH]c(C=O)c1Cl,0,achiral,14254
pretrain,valid,COc1c2cccc1CN(S(=O)(=O)c1ccc(C)cc1)c1cccc(c1)SC2,4,planar,5619
pretrain,valid,COc1cc(C(C)(C)C)c2op(O[C@@H](C)C[C@H](C)Op3oc4c(C(C)(C)C)cc(OC)cc4c4cc(OC)cc(C(C)(C)C)c4o3)oc3c(C(C)(C)C)cc(OC)cc3c2c1,1,central,5859
pretrain,valid,COc1cc(OC)c(-c2c(OC)cc(OC)cc2P(c2cc(C(C)(C)C)c(OC)c(C(C)(C)C)c2)c2cc(C(C)(C)C)c(OC)c(C(C)(C)C)c2)c(P(c2cc(C(C)(C)C)c(OC)c(C(C)(C)C)c2)c2cc(C(C)(C)C)c(OC)c(C(C)(C)C)c2)c1,2,axial,5785
pretrain,valid,COc1cc(OC)c(-c2c(OC)cc(OC)cc2P(c2cc(C(F)(F)F)cc(C(F)(F)F)c2)c2cc(C(F)(F)F)cc(C(F)(F)F)c2)c(P(c2cc(C(F)(F)F)cc(C(F)(F)F)c2)c2cc(C(F)(F)F)cc(C(F)(F)F)c2)c1,2,axial,6962
pretrain,valid,COc1cc(OC)c(-c2c(OC)cc(OC)cc2P(c2cc([Si](C)(C)C)cc([Si](C)(C)C)c2)c2cc([Si](C)(C)C)cc([Si](C)(C)C)c2)c(P(c2cc([Si](C)(C)C)cc([Si](C)(C)C)c2)c2cc([Si](C)(C)C)cc([Si](C)(C)C)c2)c1,2,axial,5791
pretrain,valid,COc1cc(P(c2cc(OC)c(OC)c(OC)c2)c2cccc(OC)c2-c2c(OC)cccc2P(c2cc(OC)c(OC)c(OC)c2)c2cc(OC)c(OC)c(OC)c2)cc(OC)c1OC,2,axial,6989
pretrain,valid,COc1cc2c(cc1OC)C1=Cc3ccc4oc(C(C)C)cc4c3O[C@@H]1CO2,1,central,5116
pretrain,valid,COc1cc2c(cc1OC)S(=O)(c1ccccc1)=NC(=O)N2,0,achiral,9555
pretrain,valid,COc1cc2c(cc1OC)[C@H](C)N(C(=O)c1cccc3ccccc13)CC2,1,central,4138
pretrain,valid,COc1cc2c3cc1OCCCCOc1cc4c(cc1OC)Cc1cc5c(OC)cc1Cc1cc(c(OC)cc1C4)OCCCCOc1cc(c(cc1OC)Cc1cc(c(OC)cc1C3)OCCCCO5)C2,3,helical,5532
pretrain,valid,COc1cc2c3cc1OCCOc1cc4c(cc1OC)Cc1cc5c(OC)cc1Cc1cc(c(OC)cc1C4)OCCOc1cc(c(cc1OC)Cc1cc(c(OC)cc1C3)OCCO5)C2,3,helical,5534
pretrain,valid,COc1ccc(-c2cc3ccccc3c3c2OP(=O)(NS(=O)(=O)C(F)(F)F)Oc2c(-c4ccc(OC)cc4)cc4ccccc4c2-3)cc1,2,axial,6109
pretrain,valid,COc1ccc(C2=C(C)Cc3ccccc32)cc1,0,achiral,11037
pretrain,valid,COc1ccc(CSc2ccccc2CCl)cc1,0,achiral,15514
pretrain,valid,COc1ccc(I)c(SCc2ccccc2)c1,0,achiral,14045
pretrain,valid,COc1ccc(N(C)CC#CC(=O)c2ccccc2)cc1,0,achiral,11091
pretrain,valid,COc1ccc(N[C@H](C)/C=C/c2ccccc2)cc1,1,central,3234
pretrain,valid,COc1ccc([C@H]2CC(=O)c3c(O)cc(O)cc3O2)cc1O,1,central,3358
pretrain,valid,COc1ccc2c(c1)-c1c(ccc(OC)c1O)C[C@@H](CCc1ccccc1)N(C)CC2,2,axial,1154
pretrain,valid,COc1ccc2c(c1)Cc1ccc(OC)cc1Cc1ccc(OC)cc1C2,3,helical,5540
pretrain,valid,COc1ccc2c(c1)O[C@@H]1c3ccc(OC(C)=O)cc3OC[C@H]21,1,central,373
pretrain,valid,COc1ccc2c(c1)[C@@](C)(CC#N)C(=O)N2C,1,central,2392
pretrain,valid,COc1ccc2cc(=O)n(C)cc2c1,0,achiral,8507
pretrain,valid,COc1ccc2cc(Br)ccc2c1-c1c(OC)ccc2cc(Br)ccc12,2,axial,6333
pretrain,valid,COc1ccc2cc([C@@H](C)C(=O)NCc3cccc4ccccc34)ccc2c1,1,central,4118
pretrain,valid,COc1ccc2ccc(O)c(-c3c(O)ccc4ccc(OC)cc34)c2c1,2,axial,1110
pretrain,valid,COc1ccc2ccccc2c1-c1c(OC)ccc2ccccc12,2,axial,1104
pretrain,valid,COc1cccc(-n2c(C(C)(C)C)csc2=S)c1,2,axial,1148
pretrain,valid,COc1cccc(P(c2cc(C)cc(C)c2)c2cc(C)cc(C)c2)c1-c1c(OC)cccc1P(c1cc(C)cc(C)c1)c1cc(C)cc(C)c1,2,axial,6993
pretrain,valid,COc1cccc2c1[P@@](C(C)(C)C)[C@@H](P(C(C)(C)C)C(C)(C)C)O2,1,central,5870
pretrain,valid,COc1ccccc1[P@@](CC[P@@](c1ccccc1)c1ccccc1OC)c1ccccc1,1,central,5852
pretrain,valid,COc1ccccc1[Se](=O)CC(OC)(c1ccccc1)c1ccccc1,1,central,5421
pretrain,valid,CS(=O)(=O)c1nn2cc(Cl)c(=O)nc2s1,0,achiral,16624
pretrain,valid,CSc1cc(C)nc(=O)[nH]1,0,achiral,15478
pretrain,valid,CSc1cc2nnc(C)n2c(C)n1,0,achiral,8778
pretrain,valid,CSc1ccc2ccccc2c1-c1c(SC)ccc2ccccc12,2,axial,1031
pretrain,valid,CSc1nc(N)cc(O)n1,0,achiral,9360
pretrain,valid,C[C@@H](COC(=O)Nc1cc([N+](=O)[O-])cc([N+](=O)[O-])c1)OC(=O)Nc1cc([N+](=O)[O-])cc([N+](=O)[O-])c1,1,central,4028
pretrain,valid,C[C@@H](C[C@H](C)OP1N(c2ccccc2)[C@@H]2CCCC[C@H]2N1c1ccccc1)OP1N(c2ccccc2)[C@@H]2CCCC[C@H]2N1c1ccccc1,2,axial,5872
pretrain,valid,C[C@@H](C[C@H](C)OP1N(c2ccccc2)[C@H]2CCCC[C@@H]2N1c1ccccc1)OP1N(c2ccccc2)[C@H]2CCCC[C@@H]2N1c1ccccc1,2,axial,5873
pretrain,valid,C[C@@H](Nc1nnc(-c2c(P(c3ccccc3)c3ccccc3)ccc3ccccc23)c2ccccc12)c1ccccc1,2,axial,7018
pretrain,valid,C[C@@H](c1ccccc1)N([C@@H](C)c1ccccc1)p1oc2ccc3ccccc3c2c2c(ccc3ccccc32)o1,2,axial,5808
pretrain,valid,C[C@@H]1Cc2ccccc2N1C(=O)c1cccc2ccccc12,1,central,4975
pretrain,valid,C[C@H](C(=O)NCCc1cccc2ccccc12)c1ccc(-c2ccccc2)c(F)c1,1,central,5090
pretrain,valid,C[C@H](CCN1CCOCC1)c1ccc(COc2ccccc2)cc1,1,central,3078
pretrain,valid,C[C@H](CCc1ccccc1)NC(=O)c1cccc2ccccc12,1,central,1455
pretrain,valid,C[C@H](Cc1ccccc1)NC(=O)c1ccc(C#N)cc1,1,central,4053
pretrain,valid,C[C@H](NC(=O)Nc1ccccc1)c1ccccc1,1,central,3940
pretrain,valid,C[C@H](OC(=O)Nc1cccc2ccccc12)c1ccccc1,1,central,1438
pretrain,valid,C[C@H](SC(=O)c1cc([N+](=O)[O-])cc([N+](=O)[O-])c1)c1ccccc1,1,central,4623
pretrain,valid,C[C@H]1CC[C@H](C)Oc2cccnc2-c2ncccc2O1,2,axial,6157
pretrain,valid,C[C@H]1C[C@H](C)Oc2cccnc2-c2ncccc2O1,2,axial,6155
pretrain,valid,C[C]1[CH][CH][CH][CH][C]1C=O.[C-]#[O+].[C-]#[O+].[C-]#[O+].[Cr],4,planar,-1
pretrain,valid,C[C]1[CH][CH][CH][CH][C]1CO.[C-]#[O+].[C-]#[O+].[C-]#[O+].[Cr],4,planar,-1
pretrain,valid,C[Si](C)(C)C#CCCn1cc2c(Cl)cccc2n1,0,achiral,12110
pretrain,valid,C[Si]1(C)Cc2ccc3ccccc3c2-c2c(ccc3ccccc23)C1,2,axial,1004
pretrain,valid,Cc1c(Br)c(=O)n(C2CCCC2)c2nc(Nc3ccc(N4CCC(O)CC4)cn3)ncc12,0,achiral,13898
pretrain,valid,Cc1cc(C)c(-n2c[n+]3c(n2)CO[C@@H]2Cc4ccccc4[C@@H]23)c(C)c1.[Cl-],2,axial,-1
pretrain,valid,Cc1cc(C)c(-n2c[n+]3c(n2)CO[C@H]2Cc4ccccc4[C@H]23)c(C)c1.[Cl-],2,axial,-1
pretrain,valid,Cc1cc(C)c(C(=C(c2c(C)cc(C)cc2C)c2c(C)cc(C)cc2C)c2c(C)cc(C)cc2C)c(C)c1,3,helical,5504
pretrain,valid,Cc1cc(C)c(O)c(C(=Nc2c(F)c(F)c(F)c(F)c2F)c2ccccc2)c1,0,achiral,10724
pretrain,valid,Cc1cc(C)c2c(ccc3c4ccccc4c4ccccc4c32)c1,3,helical,5524
pretrain,valid,Cc1cc(C)c2nc(Cl)[nH]c2c1,0,achiral,12027
pretrain,valid,Cc1cc(C)c2nc(N)nnc2c1,0,achiral,16878
pretrain,valid,Cc1cc(C)cc(-c2cc3ccccc3c(-c3c(O)c(-c4cc(C)cc(C)c4)cc4ccccc34)c2O)c1,2,axial,6330
pretrain,valid,Cc1cc(C)cc(NC(=O)[C@@H](C)NC(=O)OCc2ccccc2)c1,1,central,4220
pretrain,valid,Cc1cc(C)cc(NC(=O)[C@H](C)c2ccc(N3CC=CC3)c(Cl)c2)c1,1,central,2973
pretrain,valid,Cc1cc(C)cc(NC(=O)[C@]2(C)Cc3ccccc3S2(=O)=O)c1,1,central,4855
pretrain,valid,Cc1cc(C)cc(P(c2cc(C)cc(C)c2)c2ccc3ccccc3c2-c2c(P(c3cc(C)cc(C)c3)c3cc(C)cc(C)c3)ccc3ccccc23)c1,2,axial,6959
pretrain,valid,Cc1cc(CN(C)C=O)nc2ccccc12,0,achiral,10379
pretrain,valid,Cc1cc(N2CCCC2)c2cc(Br)c(O)cc2n1,0,achiral,13184
pretrain,valid,Cc1cc2ccc(O)c(-c3c(O)ccc4cc(C)c(C)cc34)c2cc1C,2,axial,1126
pretrain,valid,Cc1ccc(CN2Cc3cccc(Cl)c3C2=O)cc1,0,achiral,14336
pretrain,valid,Cc1ccc(S(=O)(=O)N2CCC3=C(CCCC=C3)C2)cc1,0,achiral,12193
pretrain,valid,Cc1ccc(S(=O)(=O)N2Cc3cccc(c3)CSc3cccc2c3)cc1,4,planar,5631
pretrain,valid,Cc1ccc(S(=O)(=O)n2ccc(C#Cc3cccs3)c2)cc1,0,achiral,14406
pretrain,valid,Cc1ccc2c(c1)C(=C1c3ccccc3Sc3ccccc31)c1ccccc1S2,3,helical,5505
pretrain,valid,Cc1ccc2ccccc2c1-c1c(C)ccc2ccccc12,2,axial,1103
pretrain,valid,Cc1cccc(-n2c(C)c(C)sc2=S)c1C,2,axial,1042
pretrain,valid,Cc1cccc(OC[C@@H]2CN(C(C)(C)C)C(=O)O2)c1C,1,central,4094
pretrain,valid,Cc1ccccc1-n1c(CF)nc2ccc(N)cc2c1=O,2,axial,1064
pretrain,valid,Cc1sc2cc1CSCc1cc(C(C)(C)C)cc(c1C)CSC2,0,achiral,12200
pretrain,valid,ClB1c2ccccc2Cc2cc3ccccc3cc21,0,achiral,12282
pretrain,valid,Cn1c(=O)nc2n(-c3ccccc3-c3ccccc3)c3ccccc3cc-2c1=O,2,axial,1076
pretrain,valid,Cn1nc(N2CCCC2)nc1CCc1nc2ccc(Cl)cn2n1,0,achiral,9163
pretrain,valid,FC1(F)Oc2ccc(P(c3ccccc3)c3ccccc3)c(-c3c(P(c4ccccc4)c4ccccc4)ccc4c3OC(F)(F)O4)c2O1,2,axial,5786
pretrain,valid,Fc1ccc(NC(=S)c2ccccc2)cc1,0,achiral,14348
pretrain,valid,Ic1ccc2c(ccc3op(N4c5ccccc5C=Cc5ccccc54)oc4ccc5cc(I)ccc5c4c32)c1,2,axial,5819
pretrain,valid,N#Cc1c(NCCO)nc(NCCO)nc1N1CCN(c2ccc(F)cc2)CC1,0,achiral,14919
pretrain,valid,N#Cc1ccc2c(c1)S(=O)(=O)N=CN2C1CC1,0,achiral,12655
pretrain,valid,N#Cc1cnc(N)s1,0,achiral,8085
pretrain,valid,NC(=O)c1cc(O)ncn1,0,achiral,15383
pretrain,valid,NS(=O)(=O)c1cc2c(cc1Cl)N[C@@H](Cc1ccccc1)NS2(=O)=O,1,central,3912
pretrain,valid,N[C@@H](C(=O)O)c1ccsc1,1,central,5498
pretrain,valid,N[C@H](c1ccccc1)[C@@H](NS(=O)(=O)c1ccc(C(F)(F)F)cc1)c1ccccc1,1,central,6173
pretrain,valid,Nc1ccc2ccccc2c1-c1c(N)ccc2ccccc12,2,axial,1100
pretrain,valid,Nc1ccsc1C(=O)[O-],0,achiral,-1
pretrain,valid,Nc1nc(N)c(C(=O)O)nc1Cl,0,achiral,13210
pretrain,valid,Nc1nc(NCc2ccc3ccccc3c2)c(N)c(=O)[nH]1,0,achiral,9759
pretrain,valid,Nc1nc2cc3c(cc2c(=O)[nH]1)ncn3COCCO,0,achiral,15176
pretrain,valid,O=C(CCc1c(Cl)ccnc1Cl)c1ccc(Cl)cc1,0,achiral,11682
pretrain,valid,O=C(NC[C@H](O)c1ccccc1)c1ccccc1,1,central,3935
pretrain,valid,O=C(NCc1ccccc1)C1=C(C(=O)NCc2ccccc2)SC(=C2SC3=C(SCCS3)S2)S1,0,achiral,8907
pretrain,valid,O=C(NO)c1ccccn1,0,achiral,11784
pretrain,valid,O=C(N[C@H](Cc1ccc(O)cc1)C(=O)O)c1cc([N+](=O)[O-])cc([N+](=O)[O-])c1,1,central,2524
pretrain,valid,O=C(N[C@H]1CCCC[C@@H]1NC(=O)c1ccccn1)c1ccccn1,1,central,6210
pretrain,valid,O=C(Nc1cc(C(F)(F)F)cc(C(F)(F)F)c1)N[C@H]1CCCC[C@@H]1N1Cc2ccc3ccccc3c2-c2c(ccc3ccccc23)C1,2,axial,6044
pretrain,valid,O=C(Nc1ccc2ccccc2c1-c1c(NC(=O)c2ccccc2P(c2ccccc2)c2ccccc2)ccc2ccccc12)c1ccccc1P(c1ccccc1)c1ccccc1,2,axial,6225
pretrain,valid,O=C(O)C#Cc1ccccn1,0,achiral,8752
pretrain,valid,O=C(O)[C@@H](Nc1ccc([N+](=O)[O-])cc1[N+](=O)[O-])c1ccccc1,1,central,4185
pretrain,valid,O=C(O)[C@H]1CCNC1,1,central,5978
pretrain,valid,O=C(O)c1cc(Cc2ccc(Cl)nc2)c2ccccc2c1O,0,achiral,9689
pretrain,valid,O=C(O)c1ccc(Cl)c(Cl)[n+]1[O-],0,achiral,8821
pretrain,valid,O=C(O)c1ccnc(O)c1,0,achiral,11967
pretrain,valid,O=C(c1ccccc1)[C@H]1O[C@@H]1c1ccccc1,1,central,3261
pretrain,valid,O=C(c1ccccc1Cl)[C@@H](O)c1ccccc1Cl,1,central,3329
pretrain,valid,O=C1C2=C(CCCC2)C(=O)N1c1ccc(OCCc2ccc(Cl)cc2)nc1,0,achiral,15496
pretrain,valid,O=C1C2=NCCCN2c2ccccc21,0,achiral,12269
pretrain,valid,O=C1C=CC(O)(C#Cc2ccc(Cl)cc2)C=C1,0,achiral,9743
pretrain,valid,O=C1c2ccc(Br)cc2COc2ccccc21,0,achiral,9408
pretrain,valid,O=C1c2ccc(O)cc2OC[C@H]1c1ccccc1,1,central,1300
pretrain,valid,O=C1c2ccccc2CC12Cc1ccccc1C2=O,2,axial,1114
pretrain,valid,O=P(c1ccccc1)(c1ccccc1)c1ccc2ccccc2c1-c1c(O)ccc2ccccc12,2,axial,1008
pretrain,valid,O=P(c1ccccc1)(c1ccccc1)c1ccc2ccccc2c1-c1c(P(=O)(c2ccccc2)c2ccccc2)ccc2ccccc12,2,axial,7024
pretrain,valid,O=P1(NCCO)OCCCN1CCCl,1,central,5130
pretrain,valid,O=P1(NS(=O)(=O)C(F)(F)F)Oc2c(-c3ccc(-c4ccccc4)cc3)cc3ccccc3c2-c2c(c(-c3ccc(-c4ccccc4)cc3)cc3ccccc23)O1,2,axial,6108
pretrain,valid,O=P1(NS(=O)(=O)C(F)(F)F)Oc2c(-c3ccc(C(F)(F)F)cc3)cc3ccccc3c2-c2c(c(-c3ccc(C(F)(F)F)cc3)cc3ccccc23)O1,2,axial,6097
pretrain,valid,O=P1(NS(=O)(=O)C(F)(F)F)Oc2c(-c3ccc4ccccc4c3)cc3c(c2-c2c4c(cc(-c5ccc6ccccc6c5)c2O1)CCCC4)CCCC3,2,axial,6095
pretrain,valid,O=P1(O)Oc2c(-c3c(C4CCCCC4)cc(C4CCCCC4)cc3C3CCCCC3)cc3c(c2-c2c4c(cc(-c5c(C6CCCCC6)cc(C6CCCCC6)cc5C5CCCCC5)c2O1)CCCC4)CCCC3,2,axial,5920
pretrain,valid,O=P1(O)Oc2c(-c3c4ccccc4c(-c4ccccc4)c4ccccc34)cc3ccccc3c2-c2c(c(-c3c4ccccc4c(-c4ccccc4)c4ccccc34)cc3ccccc23)O1,2,axial,5907
pretrain,valid,O=P1(O)Oc2c(-c3cc(-c4ccccc4)cc(-c4ccccc4)c3)cc3ccccc3c2-c2c(c(-c3cc(-c4ccccc4)cc(-c4ccccc4)c3)cc3ccccc23)O1,2,axial,5896
pretrain,valid,O=P1(O)Oc2c(-c3cc(C(F)(F)F)cc(C(F)(F)F)c3)cc3ccccc3c2-c2c(c(-c3cc(C(F)(F)F)cc(C(F)(F)F)c3)cc3ccccc23)O1,2,axial,5894
pretrain,valid,O=P1(O)Oc2c(-c3cc(F)cc(F)c3)cc3ccccc3c2-c2c(c(-c3cc(F)cc(F)c3)cc3ccccc23)O1,2,axial,5893
pretrain,valid,O=P1(O)Oc2c(-c3ccc(-c4ccc5ccccc5c4)cc3)cc3ccccc3c2-c2c(c(-c3ccc(-c4ccc5ccccc5c4)cc3)cc3ccccc23)O1,2,axial,5902
pretrain,valid,O=P1(O)Oc2c(-c3ccc(C(F)(F)F)cc3)cc3ccccc3c2-c2c(c(-c3ccc(C(F)(F)F)cc3)cc3ccccc23)O1,2,axial,5889
pretrain,valid,O=P1(O)Oc2c(-c3ccc(Cl)cc3)cc3ccccc3c2-c2c(c(-c3ccc(Cl)cc3)cc3ccccc23)O1,2,axial,5885
pretrain,valid,O=P1(O)Oc2c(-c3cccc4ccccc34)cc3c(c2-c2c4c(cc(-c5cccc6ccccc56)c2O1)CCCC4)CCCC3,2,axial,5923
pretrain,valid,O=P1(O)Oc2c(-c3cccc4ccccc34)cc3ccccc3c2-c2c(c(-c3cccc4ccccc34)cc3ccccc23)O1,2,axial,5899
pretrain,valid,O=P1(O)Oc2ccc3c(c2-c2c(ccc4c2CCCC4)O1)CCCC3,2,axial,5910
pretrain,valid,O=[N+]([O-])c1ccc(-c2cc3ccccc3c(-c3c(O)c(-c4ccc([N+](=O)[O-])cc4)cc4ccccc34)c2O)cc1,2,axial,6318
pretrain,valid,O=[N+]([O-])c1ccc(-c2cc3ccccc3c3c2OP(=O)(NS(=O)(=O)C(F)(F)F)Oc2c(-c4ccc([N+](=O)[O-])cc4)cc4ccccc4c2-3)cc1,2,axial,6107
pretrain,valid,O=[S@@]1CCS[C@@]12CCCc1c2ccc2ccccc12,1,central,766
pretrain,valid,O=[S@](CC(O)c1ccccc1)c1c2ccccc2cc2ccccc12,1,central,544
pretrain,valid,OCCCc1cn(C(c2ccccc2)(c2ccccc2)c2ccccc2)cn1,0,achiral,8927
pretrain,valid,OCCOCCOCCOc1ccc2ccccc2c1-c1c(OCCOCCOCCO)ccc2ccccc12,2,axial,1086
pretrain,valid,OCCOCCOc1ccc2ccccc2c1-c1c(OCCOCCO)ccc2ccccc12,2,axial,1087
pretrain,valid,OCCc1ccc(Oc2ncc(Cl)cn2)cc1,0,achiral,9042
pretrain,valid,O[C@@H](c1ccc2ccccc2c1)c1ccco1,1,central,3106
pretrain,valid,O[C@H](c1c2ccccc2cc2ccccc12)C(F)(F)C(F)(F)F,1,central,2755
pretrain,valid,O[C@H]1c2ccccc2-c2ccccc2[C@@H]1O,1,central,642
pretrain,valid,O[C@H]1c2ccccc2CC[C@@H]1Cl,1,central,444
pretrain,valid,Oc1c(-c2c(-c3ccccc3)cc3ccccc3c2O)c(-c2ccccc2)cc2ccccc12,2,axial,6303
pretrain,valid,Oc1c(-c2c(F)c(F)c(F)c(F)c2F)cc2ccccc2c1-c1c(O)c(-c2c(F)c(F)c(F)c(F)c2F)cc2ccccc12,2,axial,6338
pretrain,valid,Oc1c(-c2cc(C(F)(F)F)cc(C(F)(F)F)c2)cc2ccccc2c1-c1c(O)c(-c2cc(C(F)(F)F)cc(C(F)(F)F)c2)cc2ccccc12,2,axial,6292
pretrain,valid,Oc1c(-c2ccc(C(F)(F)F)cc2)cc2c(c1-c1c(O)c(-c3ccc(C(F)(F)F)cc3)cc3c1CCCC3)CCCC2,2,axial,6316
pretrain,valid,Oc1c(-c2ccc3ccccc3c2)cc2ccccc2c1-c1c(O)c(-c2ccc3ccccc3c2)cc2ccccc12,2,axial,6307
pretrain,valid,Oc1ccccc1C1=N[C@H]2c3ccccc3C[C@H]2O1,2,axial,6887
pretrain,valid,[NH3+]CC1=Nc2ccccc2[NH2+]1,0,achiral,-1
pretrain,valid,[O-]c1ccccc1Cc1ccccc1,0,achiral,-1
pretrain,valid,c1cc(C2=N[C@H]3c4ccccc4C[C@H]3O2)cc(C2=N[C@H]3c4ccccc4C[C@H]3O2)c1,2,axial,6805
pretrain,valid,c1cc(C2=N[C@H]3c4ccccc4C[C@H]3O2)nc(C2=N[C@H]3c4ccccc4C[C@H]3O2)c1,2,axial,6855
pretrain,valid,c1cc2c(c3c1CCCC3)-c1c(ccc3c1CCCC3)OCCOCCOCCOCCO2,2,axial,1066
pretrain,valid,c1cc2c3c(c1)OP(N(C1CCCCC1)C1CCCCC1)Oc1cccc4c1C3(CC2)CC4,2,axial,5834
pretrain,valid,c1cc2cc3ccc2cc1CCc1ccc2cc(ccc2c1)CC3,4,planar,5623
pretrain,valid,c1cc2ccc3cc2cc1CCc1ccc2ccc(cc2c1)OC3,4,planar,5624
pretrain,valid,c1ccc(-c2cccc(C3=N[C@H]4c5ccccc5C[C@H]4O3)n2)nc1,2,axial,6538
pretrain,valid,c1ccc(C(c2ccccc2)c2cccc(C3=N[C@H]4c5ccccc5C[C@H]4O3)n2)cc1,2,axial,6463
pretrain,valid,c1ccc(C2(c3ccccc3)O[C@@H](c3cccc([C@@H]4OC(c5ccccc5)(c5ccccc5)[C@@H]5CCCN54)n3)N3CCC[C@H]32)cc1,2,axial,6286
pretrain,valid,c1ccc(CC(Cc2ccccc2)(C2=N[C@@H]3c4ccccc4C[C@@H]3O2)C2=N[C@@H]3c4ccccc4C[C@@H]3O2)cc1,2,axial,6730
pretrain,valid,c1ccc(CN[C@H](c2ccccc2)[C@@H](NCc2ccccc2)c2ccccc2)cc1,1,central,6194
pretrain,valid,c1ccc(Op2oc3ccc4ccccc4c3c3c(ccc4ccccc43)o2)cc1,2,axial,6974
pretrain,valid,c1ccc(P(c2ccccc2)c2ccc3c(c2-c2c(P(c4ccccc4)c4ccccc4)ccc4c2OCCO4)OCCO3)cc1,2,axial,6998
pretrain,valid,c1ccc(P(c2ccccc2)c2cccc3c2C2(CC3)CCc3cccc(P(c4ccccc4)c4ccccc4)c32)cc1,2,axial,7003
pretrain,valid,c1ccc([C@@H]2CC[C@@H](c3ccccc3)N2p2oc3ccc4ccccc4c3c3c(ccc4ccccc43)o2)cc1,2,axial,5817
pretrain,valid,c1ccc([C@@H]2COC(C3(C4=N[C@H](c5ccccc5)CO4)CCCC3)=N2)cc1,1,central,6641
pretrain,valid,c1ccc([C@H]2CCOCO2)cc1,1,central,3888
pretrain,valid,c1ccc([C@H]2COC(C3(C4=N[C@@H](c5ccccc5)CO4)CCCC3)=N2)cc1,1,central,6640
pretrain,valid,c1ccc([C@H]2COC(c3ccc4ccccc4n3)=N2)cc1,1,central,6475
pretrain,valid,c1ccc2c(c1)C[C@@H]1OC(C3(C4=N[C@@H]5c6ccccc6C[C@@H]5O4)CCCC3)=N[C@H]21,2,axial,6636
pretrain,valid,c1ccc2c(c1)C[C@@H]1OC(c3ccc4cccnc4n3)=N[C@H]21,2,axial,6525
pretrain,valid,c1ccc2c(c1)C[C@H]1OC(C(Cc3ccc([C@]45C[C@H]6C[C@H](C[C@H](C6)C4)C5)cc3)(Cc3ccc([C@]45C[C@H]6C[C@H](C[C@H](C6)C4)C5)cc3)C3=N[C@H]4c5ccccc5C[C@H]4O3)=N[C@@H]21,2,axial,6831
pretrain,valid,c1ccc2c(c1)ccc1op(N3CCCC3)oc3ccc4ccccc4c3c12,2,axial,5802
pretrain,valid,c1ccc2c(c1)ccc1op(N3CCCCC3)oc3ccc4ccccc4c3c12,2,axial,5803
pretrain,valid,c1ccc2c3c(ccc2c1)OCCOc1ccc2ccccc2c1-3,2,axial,1056
pretrain,valid,c1cnc(C2=N[C@@H]3c4ccccc4C[C@@H]3O2)nc1,2,axial,6510
pretrain,valid,c1cnc(C2=N[C@H]3c4ccccc4C[C@H]3O2)nc1,2,axial,6511
